unique_id,country,language,degree_major,degree_year,age,gender,spld,stars_test_1,stars_int_1,stars_int_2,stars_int_3,stars_test_3,stars_int_5,stars_test_4,stars_int_6,stars_test_6,stars_help_2,stars_help_3,stars_int_11,stars_test_8,stars_help_4
01057178,Indonesia,Non-English,Psychology,3rd Year,18-21,Male/Man,I do not have an SpLD,3,5,4,4,5,2,4,4,3,2,4,5,5,4
0300b5f2,Indonesia,Non-English,Psychology,4th Year,18-21,Female/Woman,I do not have an SpLD,3,4,5,4,2,1,3,4,3,4,3,4,4,4
03f6503b,Indonesia,Non-English,Psychology,4th Year,22-25,Female/Woman,I do not have an SpLD,4,4,4,3,5,1,4,4,3,2,2,4,4,2
0601d699,Indonesia,Non-English,Psychology,NA,NA,NA,NA,4,4,4,2,5,1,4,4,4,4,2,4,5,1
08b6cb02,Indonesia,Non-English,Psychology,3rd Year,18-21,Female/Woman,I do not have an SpLD,5,4,4,4,5,1,5,4,5,5,5,4,4,5
0903d70d,Indonesia,Non-English,Psychology,3rd Year,18-21,Female/Woman,I do not have an SpLD,1,1,1,1,3,1,2,1,2,1,1,1,1,1
093d86f8,Indonesia,Non-English,Psychology,3rd Year,18-21,Male/Man,I do not have an SpLD,1,2,1,1,4,1,1,1,2,2,1,1,1,1
116f675f,Indonesia,Non-English,Psychology,3rd Year,18-21,Female/Woman,I do not have an SpLD,4,4,4,1,3,1,2,5,3,5,4,4,4,4
12c5704b,Indonesia,Non-English,Psychology,3rd Year,18-21,Female/Woman,I do not have an SpLD,4,3,2,3,4,4,4,4,2,3,1,2,3,1
147c2961,Indonesia,Non-English,Psychology,3rd Year,18-21,Female/Woman,I do not have an SpLD,3,2,2,3,4,1,2,3,4,4,3,3,2,1
18073726,Indonesia,Non-English,Psychology,3rd Year,18-21,Female/Woman,I do not have an SpLD,4,5,5,5,4,4,4,5,3,5,4,5,4,2
1d6fdb67,Indonesia,Non-English,Psychology,3rd Year,18-21,Male/Man,I do not have an SpLD,5,1,1,1,2,1,1,1,4,3,2,1,3,1
247c668b,Indonesia,Non-English,Psychology,2nd Year,NA,Female/Woman,I do not have an SpLD,4,4,4,2,4,1,3,4,4,4,2,4,4,2
287687fd,Indonesia,Non-English,Psychology,3rd Year,18-21,Male/Man,I do not have an SpLD,3,5,4,5,5,4,5,5,5,4,1,5,5,2
2936fc3b,Indonesia,Non-English,Psychology,3rd Year,18-21,Female/Woman,I do not have an SpLD,3,4,2,4,3,2,2,2,1,2,2,3,2,1
29df6c94,Indonesia,Non-English,Psychology,4th Year,18-21,Male/Man,I do not have an SpLD,1,4,3,2,3,1,1,4,2,1,2,4,2,1
2a5f9237,Indonesia,Non-English,Psychology,2nd Year,18-21,Female/Woman,I do not have an SpLD,3,3,3,2,3,2,2,3,2,2,2,3,2,2
2cfcd1d3,Indonesia,Non-English,Psychology,2nd Year,18-21,Female/Woman,I do not have an SpLD,3,3,4,3,4,2,2,5,4,3,4,4,3,2
314f328c,Indonesia,Non-English,Psychology,3rd Year,18-21,Female/Woman,I do not have an SpLD,4,5,5,4,4,4,4,5,4,3,4,4,3,4
34921653,Indonesia,Non-English,Psychology,3rd Year,18-21,Female/Woman,I do not have an SpLD,4,3,3,3,5,1,5,5,5,4,4,3,3,4
41fff96d,Indonesia,Non-English,Psychology,NA,22-25,Male/Man,I do not have an SpLD,3,4,1,2,3,1,4,2,5,2,2,1,2,2
47afd764,Indonesia,Non-English,Psychology,3rd Year,18-21,Male/Man,I do not have an SpLD,1,1,1,1,1,1,1,1,1,1,1,1,1,1
4888dad2,Indonesia,Non-English,Psychology,3rd Year,18-21,Female/Woman,I do not have an SpLD,2,4,1,3,4,1,3,3,3,2,2,4,4,2
4f2aa2a5,Indonesia,Non-English,Psychology,3rd Year,18-21,Female/Woman,I do not have an SpLD,5,5,5,5,5,4,5,5,5,5,4,4,5,3
4fd1027d,Indonesia,Non-English,Psychology,NA,NA,NA,NA,3,1,3,3,4,4,4,3,3,4,2,1,4,1
502cc749,Indonesia,Non-English,Psychology,3rd Year,18-21,Male/Man,I do not have an SpLD,1,2,1,1,4,1,3,3,2,2,1,1,1,1
52bd3591,Indonesia,Non-English,Psychology,3rd Year,18-21,Female/Woman,I do not have an SpLD,3,4,3,4,4,1,3,4,3,1,1,4,3,1
56977874,Indonesia,Non-English,Psychology,3rd Year,18-21,Female/Woman,I do not have an SpLD,4,3,3,4,4,1,4,5,4,4,2,3,4,3
5b43029c,Indonesia,Non-English,Psychology,NA,NA,Female/Woman,I do not have an SpLD,2,4,4,2,4,3,5,4,5,4,4,2,2,3
5c9fa37a,Indonesia,Non-English,Psychology,1st Year,18-21,Female/Woman,Other - Unspecified,2,3,2,1,4,1,1,1,1,1,1,1,4,1
5dca1675,Indonesia,Non-English,Psychology,3rd Year,18-21,Female/Woman,I do not have an SpLD,3,4,3,4,3,1,2,3,2,4,4,3,3,3
5f3f152b,Indonesia,Non-English,Psychology,3rd Year,18-21,Female/Woman,I do not have an SpLD,2,2,2,2,2,2,2,2,2,2,2,2,2,1
6048d753,Indonesia,Non-English,Psychology,3rd Year,22-25,Female/Woman,I do not have an SpLD,4,3,3,3,4,1,3,3,4,3,3,2,4,2
64c810ff,Indonesia,Non-English,Psychology,3rd Year,18-21,Female/Woman,I do not have an SpLD,3,3,3,2,4,1,1,3,3,3,3,4,4,1
65aadfb7,Indonesia,Non-English,Psychology,2nd Year,18-21,Male/Man,I do not have an SpLD,5,3,3,3,5,2,4,3,4,4,3,3,5,2
67986fc5,Indonesia,Non-English,Psychology,2nd Year,18-21,Female/Woman,I do not have an SpLD,3,4,3,3,4,1,3,2,4,3,3,2,4,1
6b57f33f,Indonesia,Non-English,Psychology,3rd Year,18-21,Female/Woman,I do not have an SpLD,4,4,4,4,5,1,2,4,2,4,2,4,3,2
6b9a1f6f,Indonesia,Non-English,Psychology,NA,NA,NA,I do not have an SpLD,5,2,1,1,5,1,4,2,5,3,3,3,2,1
6c7f6daf,Indonesia,Non-English,Psychology,3rd Year,18-21,Male/Man,I do not have an SpLD,4,4,4,2,4,2,2,4,2,2,2,4,4,2
6faafc7a,Indonesia,Non-English,Psychology,2nd Year,18-21,Male/Man,I do not have an SpLD,2,3,3,2,4,1,4,3,4,3,2,3,4,2
6fc56d21,Indonesia,Non-English,Psychology,2nd Year,18-21,Male/Man,I do not have an SpLD,2,1,2,1,4,1,4,3,3,5,3,1,2,2
722994c2,Indonesia,Non-English,Psychology,2nd Year,18-21,Female/Woman,I do not have an SpLD,2,2,2,4,5,1,4,3,5,3,1,2,4,1
72f3a154,Indonesia,Non-English,Psychology,3rd Year,18-21,Female/Woman,I do not have an SpLD,4,3,4,3,4,3,3,4,4,3,3,3,4,3
74741aa3,Indonesia,Non-English,Psychology,3rd Year,18-21,Female/Woman,I do not have an SpLD,3,4,3,3,5,2,5,4,4,5,5,4,2,2
7591f93f,Indonesia,Non-English,Psychology,3rd Year,18-21,Female/Woman,I do not have an SpLD,4,4,4,4,4,2,3,4,3,5,4,5,2,4
7d0a07a9,Indonesia,Non-English,Psychology,3rd Year,18-21,Female/Woman,I do not have an SpLD,1,1,3,1,4,1,4,1,3,5,2,3,4,1
7d28c303,Indonesia,Non-English,Psychology,2nd Year,18-21,Female/Woman,I do not have an SpLD,4,5,3,4,5,1,5,4,4,3,3,5,5,3
7d55383a,Indonesia,Non-English,Psychology,3rd Year,18-21,Another Gender,I do not have an SpLD,4,3,2,3,4,1,4,4,5,3,3,4,3,2
8116550a,Indonesia,Non-English,Psychology,3rd Year,18-21,Female/Woman,I do not have an SpLD,2,1,2,2,2,1,2,3,2,2,2,2,3,2
83491ff9,Indonesia,Non-English,Psychology,3rd Year,18-21,Female/Woman,I do not have an SpLD,3,4,3,4,4,2,4,3,3,4,3,3,4,2
8450f8ad,Indonesia,Non-English,Psychology,2nd Year,18-21,Male/Man,I do not have an SpLD,3,2,3,2,4,2,4,3,3,2,2,3,3,2
876547d6,Indonesia,Non-English,Psychology,2nd Year,18-21,Female/Woman,I do not have an SpLD,3,3,2,3,3,1,1,4,4,3,3,3,2,2
88c768ff,Indonesia,Non-English,Psychology,3rd Year,18-21,Female/Woman,I do not have an SpLD,4,2,4,2,5,1,2,4,4,4,3,2,2,2
8bb71a11,Indonesia,Non-English,Psychology,3rd Year,18-21,Female/Woman,I do not have an SpLD,4,5,4,5,4,1,3,4,4,4,1,4,3,1
8bdd8621,Indonesia,Non-English,Psychology,2nd Year,18-21,Female/Woman,I do not have an SpLD,2,2,2,2,3,1,4,2,4,2,3,2,2,2
8c4cd614,Indonesia,Non-English,Psychology,NA,18-21,NA,I do not have an SpLD,4,4,4,5,4,1,5,3,2,5,5,5,2,2
8f3afacf,Indonesia,Non-English,Psychology,3rd Year,18-21,Female/Woman,I do not have an SpLD,4,4,5,4,5,1,5,5,5,5,5,5,5,4
8fb4abbb,Indonesia,Non-English,Psychology,3rd Year,18-21,Female/Woman,I do not have an SpLD,3,2,3,3,4,1,2,2,3,3,3,2,4,2
8fd7c791,Indonesia,Non-English,Psychology,3rd Year,18-21,Female/Woman,I do not have an SpLD,1,1,1,1,1,1,1,1,1,1,1,1,1,1
91abfa72,Indonesia,Non-English,Psychology,3rd Year,22-25,Female/Woman,I do not have an SpLD,4,4,4,2,5,3,2,4,3,5,5,3,3,5
91b069f6,Indonesia,Non-English,Psychology,4th Year,18-21,Female/Woman,I do not have an SpLD,2,2,3,3,3,2,4,3,2,3,2,3,3,2
931a9502,Indonesia,Non-English,Psychology,2nd Year,18-21,Female/Woman,I do not have an SpLD,5,2,1,2,5,1,5,2,5,1,2,3,5,1
a10b387f,Indonesia,Non-English,Psychology,3rd Year,18-21,Female/Woman,I do not have an SpLD,3,3,4,3,4,1,4,4,4,4,3,3,2,3
a1a87020,Indonesia,Non-English,Psychology,3rd Year,18-21,Female/Woman,I do not have an SpLD,2,4,3,1,3,1,2,2,4,3,1,3,2,1
a457ba87,Indonesia,Non-English,Psychology,NA,18-21,Female/Woman,NA,5,4,5,4,4,4,4,4,4,4,4,4,4,4
a4bdc4ff,Indonesia,Non-English,Psychology,2nd Year,18-21,Female/Woman,I do not have an SpLD,3,3,2,4,5,2,4,2,5,3,2,3,4,2
a51db991,Indonesia,Non-English,Psychology,3rd Year,18-21,NA,I do not have an SpLD,2,2,2,1,1,2,2,2,1,1,1,2,1,1
a6262fb1,Indonesia,Non-English,Psychology,3rd Year,18-21,Female/Woman,I do not have an SpLD,4,4,3,3,4,3,4,4,4,4,3,3,4,3
a64a1d79,Indonesia,Non-English,Psychology,2nd Year,18-21,Female/Woman,I do not have an SpLD,2,2,1,2,3,1,2,3,2,1,2,3,2,1
a6b64960,Indonesia,Non-English,Psychology,3rd Year,18-21,Female/Woman,I do not have an SpLD,3,3,4,4,3,1,2,4,2,3,1,3,1,4
a8776c75,Indonesia,Non-English,Psychology,3rd Year,18-21,Female/Woman,NA,2,4,3,4,4,1,4,4,2,2,2,4,4,2
b08b447d,Indonesia,Non-English,Psychology,3rd Year,18-21,Female/Woman,I do not have an SpLD,2,4,3,1,4,1,2,4,1,5,2,4,3,5
b2333f12,Indonesia,Non-English,Psychology,3rd Year,18-21,Female/Woman,I do not have an SpLD,3,3,3,3,4,3,2,4,3,3,3,4,2,3
b291df9b,Indonesia,Non-English,Psychology,3rd Year,18-21,Female/Woman,I do not have an SpLD,3,3,3,1,5,1,4,4,3,1,1,3,1,1
b5886a6f,Indonesia,Non-English,Psychology,3rd Year,18-21,Female/Woman,I do not have an SpLD,3,2,2,2,4,1,1,3,1,1,2,2,4,1
b7138c92,Indonesia,Non-English,Psychology,3rd Year,18-21,Female/Woman,I do not have an SpLD,4,3,2,4,4,1,4,2,4,3,3,2,2,2
bbc26357,Indonesia,Non-English,Psychology,NA,18-21,Female/Woman,I do not have an SpLD,4,4,3,4,4,1,4,4,4,3,3,3,3,3
bbff9083,Indonesia,Non-English,Psychology,3rd Year,18-21,Female/Woman,I do not have an SpLD,3,2,2,1,3,1,1,3,3,1,1,2,1,1
bc756d1b,Indonesia,Non-English,Psychology,3rd Year,18-21,Female/Woman,I do not have an SpLD,3,4,4,4,4,3,4,4,4,3,4,4,4,1
bcf00f90,Indonesia,Non-English,Psychology,3rd Year,18-21,Female/Woman,I do not have an SpLD,3,4,1,2,4,2,3,4,3,5,4,3,3,2
bd85d204,Indonesia,Non-English,Psychology,3rd Year,18-21,Female/Woman,I do not have an SpLD,3,4,3,3,5,1,4,4,2,4,3,4,3,2
c22f1bc9,Indonesia,Non-English,Psychology,2nd Year,18-21,Female/Woman,I do not have an SpLD,5,3,3,3,5,2,3,3,2,2,2,2,3,2
c636186d,Indonesia,Non-English,Psychology,3rd Year,18-21,Female/Woman,I do not have an SpLD,3,4,3,2,4,1,2,4,2,2,4,3,3,3
c74a76f2,Indonesia,Non-English,Psychology,3rd Year,18-21,Female/Woman,I do not have an SpLD,5,5,4,3,5,1,5,5,5,4,4,4,4,4
c954cb8b,Indonesia,Non-English,Psychology,2nd Year,18-21,Female/Woman,I do not have an SpLD,4,3,3,3,5,2,2,3,3,3,3,2,5,3
cb1aa626,Indonesia,Non-English,Psychology,NA,NA,Male/Man,I do not have an SpLD,3,5,4,4,5,2,5,5,4,5,2,4,2,4
cc125cff,Indonesia,Non-English,Psychology,3rd Year,18-21,Female/Woman,I do not have an SpLD,5,4,4,3,5,2,4,4,4,3,3,4,4,2
cd1f2af7,Indonesia,Non-English,Psychology,3rd Year,18-21,Female/Woman,I do not have an SpLD,3,3,3,1,4,3,3,3,3,5,3,3,3,3
d090a401,Indonesia,Non-English,Psychology,3rd Year,18-21,Female/Woman,I do not have an SpLD,4,5,3,5,5,1,5,5,5,5,5,5,5,4
d4f45f91,Indonesia,Non-English,Psychology,3rd Year,18-21,Female/Woman,I do not have an SpLD,3,2,1,2,3,1,3,3,3,2,1,1,1,1
d7709660,Indonesia,Non-English,Psychology,3rd Year,18-21,Female/Woman,I do not have an SpLD,4,4,3,3,4,2,4,4,4,4,4,3,4,4
db2c622f,Indonesia,Non-English,Psychology,3rd Year,18-21,Female/Woman,I do not have an SpLD,4,3,3,3,4,3,4,4,3,3,3,3,4,3
df75a997,Indonesia,Non-English,Psychology,3rd Year,18-21,Female/Woman,I do not have an SpLD,4,4,3,4,5,1,4,4,4,2,2,4,4,2
f11c4650,Indonesia,Non-English,Psychology,3rd Year,18-21,Male/Man,I do not have an SpLD,1,2,1,2,3,1,1,3,1,2,1,3,2,1
f1421435,Indonesia,Non-English,Psychology,3rd Year,18-21,Female/Woman,I do not have an SpLD,3,4,4,3,4,1,5,2,4,4,3,3,4,2
f17cf62d,Indonesia,Non-English,Psychology,2nd Year,18-21,Female/Woman,I do not have an SpLD,2,2,4,1,5,1,4,2,5,4,1,1,1,5
f49bd3d6,Indonesia,Non-English,Psychology,2nd Year,18-21,Female/Woman,I do not have an SpLD,3,4,3,2,2,1,3,3,2,3,3,3,4,2
f59adbc7,Indonesia,Non-English,Psychology,3rd Year,18-21,Female/Woman,ADHD/ADD,3,4,3,4,5,2,1,5,4,5,3,4,3,3
f6b6ff94,Indonesia,Non-English,Psychology,3rd Year,18-21,Female/Woman,I do not have an SpLD,4,4,2,2,5,1,3,4,4,4,2,4,5,3
f6d0ca86,Indonesia,Non-English,Psychology,3rd Year,18-21,Female/Woman,I do not have an SpLD,4,2,2,2,3,1,4,3,4,2,2,3,5,1
faff1adb,Indonesia,Non-English,Psychology,3rd Year,18-21,Female/Woman,I do not have an SpLD,3,4,3,4,5,1,3,5,2,5,5,4,4,5
fb314f0c,Indonesia,Non-English,Psychology,3rd Year,18-21,Female/Woman,I do not have an SpLD,2,2,2,2,1,1,2,2,1,1,1,2,2,2
fbf01307,Indonesia,Non-English,Psychology,3rd Year,18-21,Female/Woman,I do not have an SpLD,2,3,3,3,3,2,2,3,2,1,2,3,3,1
fdc75782,Indonesia,Non-English,Psychology,2nd Year,18-21,Female/Woman,I do not have an SpLD,1,1,5,3,4,5,5,3,5,4,3,4,4,5
ff286a0d,Indonesia,Non-English,Psychology,NA,18-21,Female/Woman,I do not have an SpLD,1,2,1,2,2,1,2,2,1,2,2,1,2,1
02ada576,Netherlands,English,Psychology,2nd Year,18-21,Female/Woman,I do not have an SpLD,5,3,3,3,5,2,5,3,4,3,3,3,2,2
02d2d877,Netherlands,English,Psychology,1st Year,18-21,Female/Woman,I do not have an SpLD,3,3,3,3,3,3,3,2,2,2,2,3,3,2
034f0b3f,Netherlands,English,Psychology,1st Year,18-21,Male/Man,I do not have an SpLD,2,1,2,1,3,1,3,1,2,2,1,1,2,1
053cf5f8,Netherlands,English,Psychology,1st Year,18-21,Female/Woman,I do not have an SpLD,4,3,3,4,4,2,4,4,3,1,1,2,1,2
0a27b1f0,Netherlands,English,Psychology,1st Year,18-21,Female/Woman,I do not have an SpLD,2,3,2,3,2,3,2,3,2,1,4,3,2,1
0a5a9cf3,Netherlands,English,Psychology,1st Year,22-25,Female/Woman,I do not have an SpLD,2,1,2,3,3,1,3,1,4,2,2,2,3,1
0ab35b29,Netherlands,English,Psychology,1st Year,18-21,Male/Man,I do not have an SpLD,2,2,2,1,4,1,3,2,2,1,1,1,3,1
0b56a2b9,Netherlands,English,Psychology,1st Year,18-21,Male/Man,I do not have an SpLD,3,4,3,2,2,1,3,2,2,2,2,2,3,2
0b9ff8a5,Netherlands,English,Psychology,1st Year,18-21,Female/Woman,I do not have an SpLD,4,2,2,2,5,2,5,1,4,3,2,2,5,2
0c036ff7,Netherlands,English,Psychology,1st Year,22-25,Female/Woman,I do not have an SpLD,4,2,1,1,5,1,1,3,5,2,1,2,4,2
164d2091,Netherlands,English,Psychology,2nd Year,26+,Male/Man,I do not have an SpLD,3,2,2,2,3,1,3,2,4,2,2,2,2,2
18f0f1ab,Netherlands,English,Psychology,1st Year,18-21,Female/Woman,I do not have an SpLD,4,3,1,2,5,2,1,3,5,1,1,2,2,1
1b3d51d8,Netherlands,English,Psychology,1st Year,26+,Female/Woman,I do not have an SpLD,2,1,2,1,3,1,2,1,2,2,2,1,1,2
1c737b9b,Netherlands,English,Psychology,2nd Year,22-25,Female/Woman,I do not have an SpLD,1,2,3,1,4,1,4,3,3,2,2,2,2,1
1ca8f370,Netherlands,English,Psychology,1st Year,18-21,Female/Woman,I do not have an SpLD,1,1,1,1,1,1,1,1,1,2,2,1,1,2
1d7a6791,Netherlands,English,Psychology,1st Year,22-25,Male/Man,I do not have an SpLD,2,3,3,3,3,1,5,3,3,4,4,4,3,3
1da67907,Netherlands,English,Psychology,1st Year,18-21,Female/Woman,I do not have an SpLD,4,3,3,2,5,2,4,4,4,5,3,3,5,2
211ff18b,Netherlands,English,Psychology,1st Year,18-21,Male/Man,I do not have an SpLD,4,2,2,3,4,1,2,2,5,4,3,3,2,3
25fbf6bb,Netherlands,English,Psychology,1st Year,18-21,Female/Woman,I do not have an SpLD,3,2,2,1,4,2,4,1,4,4,3,2,4,2
27fa0ff6,Netherlands,English,Psychology,1st Year,22-25,Male/Man,I do not have an SpLD,2,1,1,1,2,1,2,2,3,3,3,2,3,2
281bfd79,Netherlands,English,Psychology,1st Year,22-25,Female/Woman,I do not have an SpLD,5,4,3,3,5,1,5,2,5,5,2,2,2,2
2a0cf315,Netherlands,English,Psychology,1st Year,18-21,Female/Woman,I do not have an SpLD,5,1,2,1,5,1,5,3,5,2,4,1,2,3
326f8b8b,Netherlands,English,Psychology,1st Year,18-21,Male/Man,I do not have an SpLD,1,1,1,1,2,1,3,1,3,1,1,2,2,2
37356959,Netherlands,English,Psychology,1st Year,18-21,Female/Woman,ADHD/ADD,2,1,1,1,5,1,5,3,3,3,3,2,5,2
38c9fcb0,Netherlands,English,Psychology,1st Year,18-21,Female/Woman,I do not have an SpLD,3,3,2,2,4,2,4,5,4,4,4,3,5,4
3f341301,Netherlands,English,Psychology,1st Year,18-21,Female/Woman,I do not have an SpLD,4,4,4,4,4,2,3,2,3,3,2,4,4,3
3f3d37f6,Netherlands,English,Psychology,1st Year,18-21,Female/Woman,I do not have an SpLD,2,1,1,1,3,1,2,2,2,1,1,1,1,1
3f684759,Netherlands,English,Psychology,1st Year,18-21,Female/Woman,I do not have an SpLD,4,2,2,2,5,1,5,1,4,1,2,1,1,1
3f940fc8,Netherlands,English,Psychology,1st Year,18-21,Female/Woman,I do not have an SpLD,1,1,2,2,3,1,2,1,3,2,1,2,2,1
408aad31,Netherlands,English,Psychology,1st Year,22-25,Male/Man,I do not have an SpLD,2,2,1,1,3,1,1,1,2,1,2,1,1,1
4453f81d,Netherlands,English,Psychology,1st Year,18-21,Male/Man,I do not have an SpLD,3,3,1,2,4,1,4,1,3,2,2,2,1,1
47dc6b33,Netherlands,English,Psychology,1st Year,18-21,Female/Woman,I do not have an SpLD,3,2,1,2,4,1,3,2,3,3,3,2,3,2
495d547f,Netherlands,English,Psychology,1st Year,18-21,Female/Woman,I do not have an SpLD,5,5,5,2,4,2,5,5,5,3,2,3,5,2
498a5f25,Netherlands,English,Psychology,1st Year,18-21,Female/Woman,I do not have an SpLD,5,4,3,3,5,3,5,4,3,3,3,3,4,3
533a830a,Netherlands,English,Psychology,1st Year,26+,Male/Man,I do not have an SpLD,1,1,1,1,1,1,2,1,2,1,1,2,1,1
53b45c26,Netherlands,English,Psychology,1st Year,18-21,Female/Woman,I do not have an SpLD,3,1,2,2,3,2,3,1,3,2,2,2,3,1
559f33c2,Netherlands,English,Psychology,1st Year,18-21,Female/Woman,I do not have an SpLD,4,2,1,2,4,2,5,2,5,2,2,1,4,1
564d20dd,Netherlands,English,Psychology,1st Year,18-21,Female/Woman,I do not have an SpLD,2,2,2,2,4,1,4,3,3,3,3,2,1,2
56af674d,Netherlands,English,Psychology,1st Year,18-21,Female/Woman,I do not have an SpLD,3,1,1,1,3,1,4,2,4,2,2,1,4,2
582005f3,Netherlands,English,Psychology,1st Year,18-21,Female/Woman,I do not have an SpLD,3,1,1,1,3,1,3,2,3,1,1,1,2,1
58f92a8c,Netherlands,English,Psychology,1st Year,18-21,Female/Woman,I do not have an SpLD,2,1,2,1,3,2,3,1,4,3,2,1,2,2
601383a8,Netherlands,English,Psychology,1st Year,18-21,Female/Woman,I do not have an SpLD,2,2,3,2,4,2,4,3,4,4,3,2,2,3
604a4df3,Netherlands,English,Psychology,1st Year,22-25,Male/Man,I do not have an SpLD,3,4,1,5,4,1,4,2,4,4,3,4,1,2
617c3167,Netherlands,English,Psychology,1st Year,18-21,Male/Man,I do not have an SpLD,1,2,1,1,2,2,3,2,3,2,1,2,1,1
6244431d,Netherlands,English,Psychology,1st Year,18-21,Female/Woman,I do not have an SpLD,4,3,1,2,4,2,4,3,3,3,2,2,1,2
648ff768,Netherlands,English,Psychology,1st Year,18-21,Female/Woman,I do not have an SpLD,3,2,2,2,4,3,4,3,2,4,2,2,3,2
687cf973,Netherlands,English,Psychology,1st Year,18-21,Female/Woman,I do not have an SpLD,2,1,1,1,4,1,3,1,3,1,1,1,1,1
6f2d1968,Netherlands,English,Psychology,1st Year,18-21,Female/Woman,I do not have an SpLD,1,2,2,2,4,1,2,2,2,4,4,2,4,1
6f5f0955,Netherlands,English,Psychology,1st Year,18-21,Female/Woman,I do not have an SpLD,4,4,4,2,5,2,5,4,4,4,3,4,5,2
6f79c9d2,Netherlands,English,Psychology,1st Year,18-21,Female/Woman,I do not have an SpLD,4,3,2,3,5,2,5,2,5,3,4,2,2,2
6ff24c73,Netherlands,English,Psychology,1st Year,18-21,Female/Woman,I do not have an SpLD,4,2,4,4,3,4,4,1,4,4,2,4,2,1
73880f81,Netherlands,English,Psychology,1st Year,18-21,Female/Woman,I do not have an SpLD,3,2,1,1,4,1,4,2,4,2,1,5,1,1
7b443616,Netherlands,English,Psychology,2nd Year,18-21,Male/Man,I do not have an SpLD,3,1,2,1,4,1,5,2,3,2,2,1,4,1
7d8c46f3,Netherlands,English,Psychology,2nd Year,18-21,Female/Woman,I do not have an SpLD,3,5,4,2,5,2,5,5,4,3,1,5,4,1
7f7b4b78,Netherlands,English,Psychology,1st Year,26+,Male/Man,I do not have an SpLD,2,1,1,2,3,1,2,2,2,1,2,2,1,2
82c46d38,Netherlands,English,Psychology,1st Year,18-21,Female/Woman,I do not have an SpLD,2,2,2,1,4,1,4,1,3,1,1,1,2,1
8af0f1fd,Netherlands,English,Psychology,1st Year,18-21,Female/Woman,I do not have an SpLD,4,5,3,4,5,2,5,4,4,2,2,5,2,2
916a41bf,Netherlands,English,Psychology,1st Year,18-21,Male/Man,I do not have an SpLD,3,2,1,2,4,1,4,3,4,2,2,2,4,2
91a3994a,Netherlands,English,Psychology,1st Year,18-21,Female/Woman,NA,1,1,1,1,3,1,3,1,1,2,2,1,1,3
91b6d27f,Netherlands,English,Psychology,3rd Year,18-21,Male/Man,I do not have an SpLD,1,1,1,1,2,1,2,1,2,1,1,1,1,1
95486343,Netherlands,English,Psychology,1st Year,18-21,Female/Woman,I do not have an SpLD,2,1,2,1,4,1,5,3,5,3,3,1,2,2
970026f2,Netherlands,English,Psychology,2nd Year,18-21,Female/Woman,I do not have an SpLD,3,3,3,2,3,3,3,2,4,2,3,2,2,2
97da0d14,Netherlands,English,Psychology,1st Year,18-21,Female/Woman,NA,2,5,5,3,2,2,3,4,2,1,1,1,3,1
98972c15,Netherlands,English,Psychology,1st Year,18-21,Female/Woman,I do not have an SpLD,4,2,3,3,4,3,4,3,2,2,2,3,4,2
9bd0b4a6,Netherlands,English,Psychology,1st Year,18-21,Male/Man,I do not have an SpLD,3,4,4,2,3,1,2,5,5,3,2,4,4,2
9fc43886,Netherlands,English,Psychology,1st Year,18-21,Female/Woman,I do not have an SpLD,3,1,3,2,5,1,5,3,4,2,2,2,1,2
9fdff23d,Netherlands,English,Psychology,1st Year,18-21,Female/Woman,I do not have an SpLD,3,2,3,3,3,3,3,3,2,3,2,2,2,3
a0769a11,Netherlands,English,Psychology,1st Year,22-25,Female/Woman,I do not have an SpLD,3,2,2,1,4,1,4,2,2,2,2,2,4,2
a110af8d,Netherlands,English,Psychology,1st Year,18-21,Female/Woman,I do not have an SpLD,5,4,4,3,5,3,5,5,5,2,2,5,5,2
a1d6908f,Netherlands,English,Psychology,1st Year,18-21,Female/Woman,I do not have an SpLD,5,5,2,4,5,1,5,2,5,4,3,4,5,2
a78cdb61,Netherlands,English,Psychology,1st Year,18-21,Female/Woman,I do not have an SpLD,1,2,1,1,2,1,1,1,1,1,1,2,1,1
ac050d05,Netherlands,English,Psychology,1st Year,18-21,Female/Woman,I do not have an SpLD,4,3,1,2,4,1,2,1,2,2,2,3,3,3
b1049ffd,Netherlands,English,Psychology,2nd Year,18-21,Female/Woman,I do not have an SpLD,4,2,3,3,3,1,2,1,3,1,1,3,1,1
b41af645,Netherlands,English,Psychology,2nd Year,18-21,Female/Woman,Dyscalculia,5,4,5,5,5,3,5,5,5,5,4,5,5,5
b4fa792a,Netherlands,English,Psychology,1st Year,18-21,Male/Man,ADHD/ADD,2,1,3,2,4,1,2,2,2,3,3,2,4,3
b58b1627,Netherlands,English,Psychology,2nd Year,22-25,Female/Woman,ADHD/ADD,4,2,1,1,4,1,2,3,2,2,2,1,3,3
b59a29f7,Netherlands,English,Psychology,1st Year,18-21,Female/Woman,I do not have an SpLD,4,4,4,2,5,2,5,4,5,3,2,4,5,2
b7651058,Netherlands,English,Psychology,1st Year,26+,Male/Man,I do not have an SpLD,2,1,1,1,3,1,2,2,2,3,4,2,2,4
b9495353,Netherlands,English,Psychology,2nd Year,18-21,Female/Woman,I do not have an SpLD,1,1,1,1,3,1,3,1,3,2,2,1,1,1
b9f00840,Netherlands,English,Psychology,1st Year,18-21,Female/Woman,I do not have an SpLD,2,2,2,3,3,3,4,2,3,2,2,2,3,2
bbf665d4,Netherlands,English,Psychology,1st Year,18-21,Female/Woman,I do not have an SpLD,4,1,2,1,5,1,3,2,5,1,1,2,4,1
bcd3f8d9,Netherlands,English,Psychology,1st Year,18-21,Female/Woman,I do not have an SpLD,4,2,1,1,3,1,3,2,3,3,3,1,4,3
bf5689df,Netherlands,English,Psychology,2nd Year,22-25,Male/Man,I do not have an SpLD,1,1,1,1,1,1,1,1,1,1,1,1,1,1
c2176739,Netherlands,English,Psychology,1st Year,18-21,Female/Woman,I do not have an SpLD,1,2,1,1,2,1,2,1,1,1,1,2,1,1
c4291846,Netherlands,English,Psychology,2nd Year,26+,Female/Woman,I do not have an SpLD,4,2,3,2,3,2,4,3,3,1,3,4,4,3
c69758b2,Netherlands,English,Psychology,2nd Year,18-21,Male/Man,I do not have an SpLD,1,1,1,1,3,1,3,1,2,2,2,1,3,1
d3d0c09b,Netherlands,English,Psychology,1st Year,18-21,Male/Man,I do not have an SpLD,3,2,1,1,4,1,5,1,5,1,1,1,2,1
d51ff070,Netherlands,English,Psychology,1st Year,18-21,Female/Woman,I do not have an SpLD,2,1,1,1,4,1,4,1,4,1,1,1,4,1
d588d4c2,Netherlands,English,Psychology,1st Year,18-21,Female/Woman,I do not have an SpLD,3,3,3,4,3,2,3,3,3,3,3,3,1,3
d701d424,Netherlands,English,Psychology,1st Year,22-25,Female/Woman,I do not have an SpLD,2,1,1,1,4,1,4,1,4,1,1,1,3,1
d7d51f02,Netherlands,English,Psychology,1st Year,26+,Female/Woman,I do not have an SpLD,4,3,3,2,5,2,4,3,5,2,3,3,1,2
d7dff78f,Netherlands,English,Psychology,1st Year,18-21,Male/Man,ADHD/ADD,1,1,2,2,3,1,2,1,2,2,1,2,4,1
dd259ff3,Netherlands,English,Psychology,1st Year,18-21,Female/Woman,I do not have an SpLD,4,2,2,1,4,1,2,3,4,5,4,1,3,3
ddf32fb6,Netherlands,English,Psychology,1st Year,26+,Male/Man,I do not have an SpLD,1,1,1,1,1,1,1,1,1,1,2,1,1,1
f184c80d,Netherlands,English,Psychology,1st Year,18-21,Female/Woman,I do not have an SpLD,3,3,2,2,4,2,5,2,5,3,2,2,4,2
f20d1d5a,Netherlands,English,Psychology,1st Year,18-21,Female/Woman,I do not have an SpLD,3,1,2,2,4,3,3,2,4,1,2,2,2,2
f2a3112d,Netherlands,English,Psychology,1st Year,18-21,Female/Woman,I do not have an SpLD,3,2,3,2,5,2,5,2,4,3,2,3,4,2
f362bb68,Netherlands,English,Psychology,1st Year,18-21,Female/Woman,I do not have an SpLD,4,3,3,3,5,4,4,4,4,4,5,3,3,2
f4dbf6f7,Netherlands,English,Psychology,1st Year,18-21,Male/Man,I do not have an SpLD,1,1,1,1,2,1,2,1,2,1,1,1,1,1
f65162f3,Netherlands,English,Psychology,1st Year,18-21,Male/Man,I do not have an SpLD,4,3,3,2,5,2,5,4,4,3,3,3,3,3
f72f52df,Netherlands,English,Psychology,1st Year,18-21,Female/Woman,I do not have an SpLD,2,1,2,1,3,2,4,1,3,2,2,1,2,1
f858f82a,Netherlands,English,Psychology,1st Year,18-21,Female/Woman,I do not have an SpLD,4,1,1,1,3,1,3,1,3,1,1,1,2,1
fc33a4f4,Netherlands,English,Psychology,1st Year,18-21,Female/Woman,I do not have an SpLD,5,3,3,3,5,4,5,3,5,2,2,4,5,4
fdbaf008,Netherlands,English,Psychology,2nd Year,18-21,Male/Man,I do not have an SpLD,2,1,1,1,3,1,2,1,2,2,1,2,1,1
fdd325b9,Netherlands,English,Psychology,1st Year,18-21,Female/Woman,I do not have an SpLD,2,2,2,1,5,1,5,3,5,3,2,2,5,3
fdf1d555,Netherlands,English,Psychology,2nd Year,18-21,Female/Woman,I do not have an SpLD,2,2,1,2,4,1,4,2,4,1,2,1,4,1
ff1873f9,Netherlands,English,Psychology,2nd Year,18-21,Male/Man,I do not have an SpLD,4,3,2,4,5,5,4,5,3,4,5,4,4,4
ff5f9594,Netherlands,English,Psychology,1st Year,18-21,Female/Woman,ADHD/ADD,2,1,2,1,4,1,5,2,4,2,2,2,1,1
ffbf6642,Netherlands,English,Psychology,1st Year,18-21,Male/Man,I do not have an SpLD,2,1,3,1,4,1,4,1,4,4,4,2,5,3
fff5f3a2,Netherlands,English,Psychology,1st Year,18-21,Female/Woman,I do not have an SpLD,3,2,2,4,4,1,4,2,4,4,4,2,3,3
03f35bda,England,English,Psychology,2nd Year,26+,Female/Woman,I do not have an SpLD,5,3,3,3,5,2,5,4,5,1,3,2,5,3
0c00c240,England,English,Psychology,2nd Year,22-25,Female/Woman,I do not have an SpLD,2,1,1,1,2,1,2,2,2,2,1,1,1,2
0df044b5,England,English,Psychology,1st Year,18-21,Female/Woman,I do not have an SpLD,3,3,2,2,3,1,2,3,4,2,2,3,2,2
1afb0c3a,England,English,Psychology,1st Year,26+,Female/Woman,I do not have an SpLD,1,3,3,2,5,1,3,1,2,2,2,2,4,1
20942359,England,English,Psychology,1st Year,18-21,Female/Woman,I do not have an SpLD,3,3,3,2,4,1,4,4,5,5,4,3,4,2
2831f098,England,English,Psychology,2nd Year,18-21,Female/Woman,I do not have an SpLD,2,1,2,1,1,1,3,1,4,1,1,2,3,1
389f1cf9,England,English,Psychology,1st Year,18-21,Male/Man,I do not have an SpLD,2,4,2,4,4,2,4,2,4,2,2,4,4,3
3bf85691,England,English,Psychology,2nd Year,26+,Female/Woman,I do not have an SpLD,5,5,5,4,5,4,5,5,5,5,5,5,4,4
47bdf74b,England,English,Psychology,1st Year,18-21,Female/Woman,I do not have an SpLD,5,4,5,3,5,1,5,3,5,5,4,3,5,4
5265c5d3,England,English,Psychology,1st Year,18-21,Female/Woman,I do not have an SpLD,4,2,1,1,3,1,5,1,5,5,5,1,5,5
60d54333,England,English,Psychology,2nd Year,18-21,Female/Woman,I do not have an SpLD,5,4,5,4,5,2,5,4,5,3,4,5,5,5
60fa96ac,England,English,Psychology,1st Year,22-25,Female/Woman,I do not have an SpLD,5,4,4,5,5,4,5,5,5,5,5,5,5,5
66705ff6,England,English,Psychology,2nd Year,18-21,Female/Woman,ADHD/ADD,2,1,1,1,4,1,5,1,5,4,4,1,2,1
6963a6c2,England,English,Psychology,1st Year,18-21,Male/Man,I do not have an SpLD,1,1,1,2,1,1,3,2,3,3,2,1,2,3
89592180,England,English,Psychology,1st Year,18-21,Female/Woman,I do not have an SpLD,5,3,5,3,5,3,5,4,5,4,3,3,5,3
8bd39df2,England,English,Psychology,NA,22-25,Female/Woman,I do not have an SpLD,3,2,2,4,4,1,5,2,4,1,2,3,3,1
8ffb19bc,England,English,Psychology,1st Year,18-21,Female/Woman,I do not have an SpLD,1,1,1,1,5,3,5,2,5,2,3,2,4,2
9079f312,England,English,Psychology,1st Year,26+,Female/Woman,NA,4,4,4,4,4,1,5,4,5,2,2,3,1,3
93f96774,England,English,Psychology,3rd Year,22-25,Female/Woman,Dyslexia,4,5,5,5,5,5,5,5,5,5,5,5,5,5
99d74a0c,England,English,Psychology,2nd Year,18-21,Female/Woman,I do not have an SpLD,4,3,4,2,5,1,5,2,5,4,3,5,3,4
9ccf5679,England,English,Psychology,2nd Year,18-21,Female/Woman,Other - Undiagnosed Dyscalculia,4,5,3,4,5,5,4,5,4,5,5,5,5,4
9f90c7b0,England,English,Psychology,2nd Year,NA,Female/Woman,I do not have an SpLD,5,4,1,4,5,5,5,1,5,2,2,2,1,2
aa99dd23,England,English,Psychology,2nd Year,18-21,Female/Woman,I do not have an SpLD,2,1,2,1,5,1,4,1,4,3,3,1,4,3
afbf16f2,England,English,Psychology,1st Year,18-21,Female/Woman,I do not have an SpLD,5,5,5,5,5,1,5,5,5,4,4,5,5,4
b4b8b040,England,English,Psychology,1st Year,18-21,Female/Woman,I do not have an SpLD,5,2,3,3,4,3,4,4,4,1,4,1,4,1
b8f3c7d3,England,English,Psychology,2nd Year,26+,Female/Woman,I do not have an SpLD,4,3,5,2,5,1,5,4,5,4,4,3,3,4
bb3fcc10,England,English,Psychology,1st Year,22-25,Male/Man,ADHD/ADD,2,1,2,1,4,1,3,1,3,5,4,1,1,4
d526f5c9,England,English,Psychology,1st Year,26+,Female/Woman,I do not have an SpLD,5,3,5,1,5,1,5,4,5,3,2,2,4,4
f328a8b4,England,English,Psychology,1st Year,18-21,Female/Woman,I do not have an SpLD,4,3,3,4,5,4,4,3,4,2,2,4,3,2
f6c08ffb,England,English,Psychology,2nd Year,18-21,Female/Woman,I do not have an SpLD,5,1,3,1,5,1,5,1,5,3,3,1,5,3
f91970d5,England,English,Psychology,1st Year,18-21,Female/Woman,I do not have an SpLD,5,4,3,3,4,3,4,4,5,4,5,3,3,2
4df538c2,Indonesia,Non-English,Psychology,2nd Year,18-21,Female/Woman,I do not have an SpLD,4,2,4,1,5,1,4,1,4,2,2,2,3,1
4f4bf2b4,Indonesia,Non-English,Psychology,2nd Year,18-21,Female/Woman,I do not have an SpLD,2,2,3,2,3,1,4,2,2,2,1,2,2,2
a58a39bc,Indonesia,Non-English,Psychology,4th Year,18-21,Female/Woman,I do not have an SpLD,5,2,4,2,4,2,4,3,4,4,4,2,5,2
f028d421,Indonesia,Non-English,Psychology,1st Year,18-21,Female/Woman,I do not have an SpLD,5,4,4,3,4,2,5,3,5,4,3,4,5,2
f484048f,Indonesia,Non-English,Psychology,1st Year,NA,Female/Woman,I do not have an SpLD,1,2,4,1,4,1,3,2,4,1,1,1,1,1
fba73538,Indonesia,Non-English,Psychology,2nd Year,18-21,Female/Woman,NA,5,5,5,5,5,4,5,5,5,5,5,5,3,2
fbb8c982,Indonesia,Non-English,Psychology,2nd Year,18-21,Male/Man,I do not have an SpLD,2,3,3,3,3,1,3,3,3,2,2,3,3,1
02f91024,Australia,English,Psychology,3rd Year,22-25,Female/Woman,I do not have an SpLD,3,3,3,3,5,1,5,3,5,5,2,2,4,3
1433f239,Australia,English,Psychology,3rd Year,18-21,Female/Woman,I do not have an SpLD,3,3,3,2,4,1,4,2,4,2,3,4,3,3
219fbd6b,Australia,English,Psychology,3rd Year,18-21,Male/Man,I do not have an SpLD,3,3,2,3,3,3,3,3,3,4,4,3,3,3
27d35bcb,Australia,English,Psychology,3rd Year,22-25,Female/Woman,I do not have an SpLD,5,5,5,5,5,1,5,5,5,5,5,5,5,5
3f5086bb,Australia,English,Psychology,2nd Year,18-21,Female/Woman,I do not have an SpLD,2,2,2,1,4,1,4,2,4,3,4,1,4,3
48f97cf0,Australia,English,Psychology,1st Year,18-21,Female/Woman,I do not have an SpLD,4,2,2,2,5,2,5,3,5,3,4,2,4,3
5a623653,Australia,English,Psychology,2nd Year,18-21,Female/Woman,I do not have an SpLD,3,2,2,2,2,1,2,2,3,2,2,4,4,2
7fcf7743,Australia,English,Psychology,1st Year,18-21,Male/Man,I do not have an SpLD,3,1,3,2,3,1,3,2,2,2,1,2,3,2
906dff21,Australia,English,Psychology,1st Year,18-21,Female/Woman,NA,4,2,4,3,2,3,4,2,3,3,3,2,2,3
91613275,Australia,English,Psychology,1st Year,18-21,Male/Man,NA,4,3,2,2,3,2,3,2,4,2,3,2,2,2
91913ffb,Australia,English,Psychology,3rd Year,26+,Male/Man,I do not have an SpLD,4,2,2,2,5,1,5,2,5,4,4,2,3,4
a89615a7,Australia,English,Psychology,1st Year,18-21,Male/Man,I do not have an SpLD,1,1,1,1,4,1,3,1,2,1,1,1,2,1
ab47f25c,Australia,English,Psychology,2nd Year,NA,Female/Woman,I do not have an SpLD,2,2,2,2,2,2,2,2,2,2,2,2,2,2
abf91862,Australia,English,Psychology,1st Year,18-21,Female/Woman,I do not have an SpLD,3,3,4,2,4,2,5,2,4,3,4,3,5,2
bfad0fb4,Australia,English,Psychology,3rd Year,18-21,Male/Man,I do not have an SpLD,4,3,3,3,4,3,4,3,4,4,4,3,3,4
cf095109,Australia,English,Psychology,5th Year,22-25,Female/Woman,I do not have an SpLD,5,4,4,3,5,3,5,5,5,5,5,4,5,5
cfb29aa5,Australia,English,Psychology,3rd Year,22-25,Male/Man,I do not have an SpLD,4,4,4,3,4,3,4,3,1,2,3,4,4,2
d040bd57,Australia,English,Psychology,1st Year,18-21,Female/Woman,I do not have an SpLD,4,2,5,4,5,5,4,2,4,4,4,3,3,4
dba8c4ca,Australia,English,Psychology,2nd Year,NA,Female/Woman,I do not have an SpLD,1,1,1,1,4,1,5,1,4,2,2,1,2,2
dcf1f262,Australia,English,Psychology,2nd Year,18-21,Female/Woman,I do not have an SpLD,4,2,4,2,4,1,5,2,3,4,5,1,1,1
dfdaf0f5,Australia,English,Psychology,1st Year,18-21,Female/Woman,I do not have an SpLD,3,3,2,2,3,1,2,1,4,1,1,4,2,1
f11276cf,Australia,English,Psychology,3rd Year,22-25,Female/Woman,I do not have an SpLD,4,3,3,3,5,4,5,3,4,4,4,4,2,4
f1962308,Australia,English,Psychology,4th Year,22-25,Female/Woman,I do not have an SpLD,4,3,3,1,3,2,5,4,5,4,4,3,4,4
f5cddf20,Australia,English,Psychology,2nd Year,18-21,Another Gender,I do not have an SpLD,4,2,2,1,5,1,3,2,4,4,4,2,2,4
f644f84c,Australia,English,Psychology,2nd Year,NA,Female/Woman,ADHD/ADD,2,2,2,1,5,1,2,1,2,4,4,2,3,4
f66b5d9f,Australia,English,Psychology,1st Year,18-21,Female/Woman,I do not have an SpLD,4,3,4,4,4,4,2,4,3,1,1,5,3,1
f6b96b80,Australia,English,Psychology,1st Year,18-21,Male/Man,I do not have an SpLD,3,1,3,1,4,1,3,2,3,2,3,1,5,2
fbf84888,Australia,English,Psychology,2nd Year,18-21,Female/Woman,I do not have an SpLD,2,1,2,1,1,1,3,1,3,2,2,1,3,1
ff94994d,Australia,English,Psychology,1st Year,18-21,Female/Woman,I do not have an SpLD,4,2,1,2,4,2,4,1,4,2,2,2,2,2
26ff985f,USA,English,Psychology,2nd Year,18-21,Female/Woman,ADHD/ADD,4,3,1,2,3,2,5,2,4,2,2,2,2,2
002a7731,Italy,Non-English,Psychology,3rd Year,22-25,Female/Woman,I do not have an SpLD,4,3,2,4,5,4,4,4,5,3,3,3,3,2
02987a28,Italy,Non-English,Psychology,3rd Year,18-21,Female/Woman,I do not have an SpLD,3,4,4,3,5,3,4,4,4,3,2,4,5,3
02d0fbbb,Italy,Non-English,Psychology,3rd Year,18-21,Female/Woman,I do not have an SpLD,3,4,3,4,4,4,4,3,5,4,4,3,5,3
04317d22,Italy,Non-English,Psychology,3rd Year,18-21,Female/Woman,I do not have an SpLD,2,1,1,1,3,1,2,1,3,3,2,2,2,1
09d814fa,Italy,Non-English,Psychology,3rd Year,22-25,Female/Woman,I do not have an SpLD,3,3,4,2,5,1,4,4,5,4,3,2,3,3
0a1c0230,Italy,Non-English,Psychology,3rd Year,22-25,Male/Man,I do not have an SpLD,2,1,2,1,1,1,1,1,2,1,1,1,3,1
0ab142fa,Italy,Non-English,Psychology,3rd Year,18-21,Female/Woman,I do not have an SpLD,5,4,4,4,5,2,2,4,5,4,5,4,5,2
0f243b6f,Italy,Non-English,Psychology,3rd Year,22-25,Female/Woman,I do not have an SpLD,5,3,5,4,5,4,5,4,5,3,3,4,4,3
0fb9afff,Italy,Non-English,Psychology,3rd Year,22-25,Female/Woman,I do not have an SpLD,4,3,4,3,3,3,4,2,3,3,2,3,4,2
1474c77f,Italy,Non-English,Psychology,3rd Year,22-25,Female/Woman,I do not have an SpLD,5,2,4,4,5,1,4,5,5,2,4,4,3,4
150a1a77,Italy,Non-English,Psychology,3rd Year,22-25,Male/Man,I do not have an SpLD,4,2,4,3,4,1,3,2,5,1,1,2,4,1
1b2cff9b,Italy,Non-English,Psychology,3rd Year,26+,Female/Woman,I do not have an SpLD,3,2,1,2,2,1,2,2,3,2,3,3,1,3
1f1f38c8,Italy,Non-English,Psychology,3rd Year,22-25,Female/Woman,I do not have an SpLD,3,3,3,3,5,1,5,2,4,1,2,3,2,1
1f726684,Italy,Non-English,Psychology,3rd Year,22-25,Male/Man,I do not have an SpLD,2,1,1,1,3,1,3,2,3,4,4,2,1,1
20f2afb1,Italy,Non-English,Psychology,3rd Year,18-21,Female/Woman,I do not have an SpLD,5,4,5,2,5,1,5,4,5,3,3,2,5,2
2161091b,Italy,Non-English,Psychology,3rd Year,22-25,Female/Woman,I do not have an SpLD,2,2,2,1,4,1,2,2,4,2,3,2,1,2
21f7af52,Italy,Non-English,Psychology,3rd Year,18-21,Female/Woman,I do not have an SpLD,3,2,2,2,4,1,4,3,3,4,4,2,2,2
2327d671,Italy,Non-English,Psychology,3rd Year,18-21,Male/Man,I do not have an SpLD,3,3,3,3,3,2,2,2,3,3,3,3,3,3
2388a983,Italy,Non-English,Psychology,3rd Year,18-21,Male/Man,I do not have an SpLD,2,1,2,1,4,1,4,1,2,1,1,1,4,1
23f412bb,Italy,Non-English,Psychology,3rd Year,22-25,Female/Woman,I do not have an SpLD,4,3,4,2,4,2,4,4,5,1,2,2,5,1
2484f5d7,Italy,Non-English,Psychology,3rd Year,22-25,Female/Woman,I do not have an SpLD,2,2,3,1,5,1,2,2,4,2,2,2,1,1
27cbf8f9,Italy,Non-English,Psychology,NA,22-25,Female/Woman,I do not have an SpLD,5,4,3,4,5,3,2,4,5,4,4,2,1,1
2c166fb6,Italy,Non-English,Psychology,3rd Year,26+,Male/Man,I do not have an SpLD,4,2,2,2,4,1,4,2,4,1,3,3,2,2
2fbc592a,Italy,Non-English,Psychology,3rd Year,22-25,Female/Woman,I do not have an SpLD,1,2,2,1,2,2,2,2,3,1,1,2,2,1
2fff5c5d,Italy,Non-English,Psychology,3rd Year,18-21,Female/Woman,I do not have an SpLD,4,3,2,2,4,3,1,1,4,3,4,3,4,3
31036b38,Italy,Non-English,Psychology,3rd Year,22-25,Female/Woman,I do not have an SpLD,4,1,1,1,5,1,2,2,5,2,2,1,3,2
321f1012,Italy,Non-English,Psychology,3rd Year,18-21,Female/Woman,I do not have an SpLD,5,3,5,2,5,1,5,3,5,4,5,3,1,1
327543cf,Italy,Non-English,Psychology,3rd Year,22-25,Female/Woman,I do not have an SpLD,4,3,4,2,5,1,5,3,4,4,5,3,4,3
33f6dc2f,Italy,Non-English,Psychology,3rd Year,22-25,Female/Woman,I do not have an SpLD,4,2,3,2,4,1,3,3,3,2,2,2,5,1
3507dcc6,Italy,Non-English,Psychology,3rd Year,22-25,Female/Woman,I do not have an SpLD,2,3,3,3,4,2,4,4,4,3,1,2,4,2
38fd0622,Italy,Non-English,Psychology,3rd Year,18-21,Female/Woman,"Dyslexia, Dyscalculia",2,1,2,1,4,1,4,1,5,2,2,1,2,1
3988bb38,Italy,Non-English,Psychology,3rd Year,22-25,Female/Woman,I do not have an SpLD,5,4,4,4,5,3,4,4,5,5,4,4,5,3
3b57fd33,Italy,Non-English,Psychology,3rd Year,26+,Female/Woman,I do not have an SpLD,1,2,2,2,2,1,2,1,2,2,1,3,2,2
3ba33cdc,Italy,Non-English,Psychology,3rd Year,22-25,Female/Woman,I do not have an SpLD,1,2,2,2,2,2,3,2,1,1,1,3,2,1
3d233da1,Italy,Non-English,Psychology,3rd Year,22-25,Female/Woman,I do not have an SpLD,2,1,1,1,5,1,3,1,4,3,2,1,2,1
3dc509a7,Italy,Non-English,Psychology,3rd Year,18-21,Female/Woman,I do not have an SpLD,3,1,2,1,4,1,2,2,4,1,1,1,3,1
3f5bb51d,Italy,Non-English,Psychology,3rd Year,22-25,Male/Man,I do not have an SpLD,1,3,3,1,4,1,3,2,3,2,2,3,3,1
41fa2c2b,Italy,Non-English,Psychology,3rd Year,18-21,Female/Woman,I do not have an SpLD,1,2,3,2,4,2,3,2,5,3,4,2,2,1
436c1aff,Italy,Non-English,Psychology,3rd Year,26+,Female/Woman,I do not have an SpLD,2,2,2,2,5,2,2,1,5,2,1,2,3,1
43cf1f06,Italy,Non-English,Psychology,3rd Year,18-21,Female/Woman,I do not have an SpLD,4,3,5,2,5,2,4,5,5,4,3,4,4,2
43d92512,Italy,Non-English,Psychology,3rd Year,22-25,Female/Woman,I do not have an SpLD,4,3,3,4,4,4,2,3,5,3,2,2,3,1
44b6b762,Italy,Non-English,Psychology,3rd Year,22-25,Female/Woman,I do not have an SpLD,3,3,3,2,4,2,4,3,4,4,3,3,4,2
45d8761b,Italy,Non-English,Psychology,3rd Year,18-21,Female/Woman,I do not have an SpLD,1,3,3,2,2,1,2,2,2,2,2,3,2,1
45ffcfcc,Italy,Non-English,Psychology,3rd Year,22-25,Female/Woman,I do not have an SpLD,3,3,3,1,3,2,2,3,3,1,2,3,2,1
46bf5baf,Italy,Non-English,Psychology,3rd Year,NA,Female/Woman,I do not have an SpLD,3,2,2,2,4,1,2,3,4,3,3,1,1,2
47df3983,Italy,Non-English,Psychology,3rd Year,18-21,Female/Woman,I do not have an SpLD,4,4,2,3,5,3,4,3,5,3,2,2,5,1
488f8bf3,Italy,Non-English,Psychology,3rd Year,18-21,Female/Woman,I do not have an SpLD,4,4,4,3,5,2,4,3,5,3,2,5,3,2
48ff8329,Italy,Non-English,Psychology,3rd Year,18-21,Male/Man,I do not have an SpLD,3,2,2,1,4,2,3,5,3,2,2,2,3,1
4c45f133,Italy,Non-English,Psychology,3rd Year,18-21,Female/Woman,I do not have an SpLD,4,1,5,2,5,1,2,1,5,1,2,2,4,1
4cf1966f,Italy,Non-English,Psychology,3rd Year,18-21,Female/Woman,I do not have an SpLD,4,3,3,2,5,2,5,3,5,4,4,2,4,2
4f54384b,Italy,Non-English,Psychology,3rd Year,22-25,Female/Woman,Dyslexia,5,2,5,1,5,1,5,3,5,3,1,3,4,1
4fdf7f1f,Italy,Non-English,Psychology,3rd Year,22-25,Female/Woman,I do not have an SpLD,4,4,2,4,5,4,4,4,4,4,4,5,2,2
519d0fda,Italy,Non-English,Psychology,3rd Year,22-25,Female/Woman,I do not have an SpLD,4,2,2,2,4,1,3,3,4,3,3,3,5,2
559c757d,Italy,Non-English,Psychology,NA,22-25,Female/Woman,NA,3,2,2,2,4,2,1,1,4,1,1,2,1,1
5636b8ff,Italy,Non-English,Psychology,3rd Year,22-25,Male/Man,I do not have an SpLD,2,1,2,1,3,1,3,1,3,1,1,1,1,1
563b1a10,Italy,Non-English,Psychology,3rd Year,26+,Male/Man,I do not have an SpLD,2,1,2,1,2,1,1,1,2,1,1,1,2,1
5702c020,Italy,Non-English,Psychology,3rd Year,18-21,Female/Woman,I do not have an SpLD,4,1,2,3,5,1,4,3,5,1,1,2,4,1
57999ffc,Italy,Non-English,Psychology,3rd Year,18-21,Female/Woman,I do not have an SpLD,4,4,5,4,4,5,5,4,4,4,4,4,4,4
582f2364,Italy,Non-English,Psychology,1st Year,18-21,Female/Woman,I do not have an SpLD,4,4,5,3,5,3,2,5,5,1,2,3,1,1
58fb9aff,Italy,Non-English,Psychology,3rd Year,18-21,Female/Woman,I do not have an SpLD,4,3,3,3,3,4,3,4,4,2,3,3,3,2
5af95053,Italy,Non-English,Psychology,1st Year,18-21,Female/Woman,I do not have an SpLD,3,2,3,1,5,1,5,2,4,3,2,2,4,2
5b43dd04,Italy,Non-English,Psychology,3rd Year,18-21,Female/Woman,"Dyslexia, Dyscalculia",2,5,1,4,5,5,5,5,2,1,1,5,1,1
5b802f68,Italy,Non-English,Psychology,3rd Year,18-21,Male/Man,I do not have an SpLD,2,2,3,1,3,1,3,2,3,1,2,1,2,1
5c85b9dd,Italy,Non-English,Psychology,3rd Year,22-25,Female/Woman,I do not have an SpLD,4,2,2,2,5,2,4,2,5,2,2,2,1,2
61ac0fda,Italy,Non-English,Psychology,3rd Year,22-25,Female/Woman,I do not have an SpLD,3,2,2,2,4,2,2,3,3,2,2,2,2,1
61d2ca3c,Italy,Non-English,Psychology,3rd Year,18-21,Female/Woman,I do not have an SpLD,3,2,3,2,5,2,5,4,5,5,4,3,5,3
650f90f3,Italy,Non-English,Psychology,3rd Year,18-21,Female/Woman,I do not have an SpLD,2,1,3,2,5,1,3,4,4,1,1,2,2,1
65f1fd8b,Italy,Non-English,Psychology,3rd Year,22-25,Female/Woman,ADHD/ADD,5,4,5,4,5,2,5,5,5,4,4,4,3,1
66dcdbd8,Italy,Non-English,Psychology,3rd Year,22-25,Male/Man,Dyscalculia,3,2,2,1,5,1,2,2,5,2,2,1,3,2
67633d9f,Italy,Non-English,Psychology,3rd Year,18-21,Another Gender,I do not have an SpLD,1,2,2,1,5,1,4,2,5,5,4,2,4,4
6864dafb,Italy,Non-English,Psychology,3rd Year,22-25,Female/Woman,I do not have an SpLD,2,2,4,2,4,1,2,3,4,3,3,3,4,2
6a693445,Italy,Non-English,Psychology,3rd Year,18-21,Female/Woman,I do not have an SpLD,4,3,2,4,4,2,3,3,5,4,4,3,3,3
719cdf14,Italy,Non-English,Psychology,3rd Year,22-25,Female/Woman,I do not have an SpLD,5,5,5,5,5,5,5,5,5,5,4,5,4,5
722c48d1,Italy,Non-English,Psychology,3rd Year,18-21,Female/Woman,I do not have an SpLD,2,2,1,3,3,2,1,2,3,2,2,3,3,1
7460f16f,Italy,Non-English,Psychology,1st Year,18-21,Female/Woman,I do not have an SpLD,4,2,5,2,5,1,3,4,5,1,3,3,3,2
75d9998b,Italy,Non-English,Psychology,3rd Year,18-21,Female/Woman,I do not have an SpLD,2,2,1,1,3,1,1,1,4,1,1,3,1,2
76074099,Italy,Non-English,Psychology,3rd Year,22-25,Female/Woman,I do not have an SpLD,3,2,1,2,4,1,2,2,4,2,2,2,2,1
76ad7db9,Italy,Non-English,Psychology,3rd Year,22-25,Female/Woman,I do not have an SpLD,3,3,2,2,4,1,3,3,4,1,2,2,5,2
77f8c572,Italy,Non-English,Psychology,3rd Year,22-25,Female/Woman,I do not have an SpLD,4,2,2,2,4,3,3,3,2,1,4,4,3,2
78a3f13f,Italy,Non-English,Psychology,3rd Year,18-21,Female/Woman,I do not have an SpLD,4,4,4,4,5,3,4,2,5,3,5,4,3,3
7aa0097f,Italy,Non-English,Psychology,3rd Year,22-25,Female/Woman,I do not have an SpLD,3,3,2,2,4,1,3,2,5,1,1,3,2,1
7b9b68fa,Italy,Non-English,Psychology,3rd Year,18-21,Male/Man,"Dyslexia, Dysgraphia/Dysorthography",2,1,3,1,3,1,3,2,3,2,2,1,3,2
7ff50b61,Italy,Non-English,Psychology,3rd Year,22-25,Female/Woman,I do not have an SpLD,3,3,3,2,5,1,4,2,4,4,4,2,2,1
805ff847,Italy,Non-English,Psychology,3rd Year,22-25,Female/Woman,I do not have an SpLD,4,4,5,4,5,3,5,5,5,2,2,4,3,2
80b7ab7c,Italy,Non-English,Psychology,3rd Year,22-25,Female/Woman,I do not have an SpLD,2,3,2,3,3,1,1,2,2,1,1,3,1,1
80c53218,Italy,Non-English,Psychology,3rd Year,18-21,Female/Woman,I do not have an SpLD,3,4,4,3,5,4,3,4,4,3,4,4,3,2
844b2426,Italy,Non-English,Psychology,3rd Year,22-25,Female/Woman,I do not have an SpLD,3,2,2,1,5,1,3,2,5,2,2,2,5,1
851fc4ab,Italy,Non-English,Psychology,3rd Year,18-21,Female/Woman,I do not have an SpLD,4,2,3,2,4,1,4,4,5,4,2,3,2,1
858af1f5,Italy,Non-English,Psychology,3rd Year,22-25,Female/Woman,I do not have an SpLD,3,2,3,1,4,1,1,2,5,1,1,2,1,1
89813f0a,Italy,Non-English,Psychology,1st Year,18-21,Female/Woman,I do not have an SpLD,4,3,4,4,5,2,5,4,4,2,2,4,4,1
8b693607,Italy,Non-English,Psychology,3rd Year,18-21,Female/Woman,I do not have an SpLD,3,3,3,2,3,2,3,2,3,2,2,2,2,2
8b80825a,Italy,Non-English,Psychology,3rd Year,18-21,Female/Woman,I do not have an SpLD,3,2,4,1,4,3,3,2,4,2,2,3,3,1
8f53f2aa,Italy,Non-English,Psychology,3rd Year,22-25,Female/Woman,I do not have an SpLD,5,4,5,3,5,4,5,5,5,3,3,4,5,3
8fb7f1fb,Italy,Non-English,Psychology,3rd Year,18-21,Female/Woman,I do not have an SpLD,5,2,1,2,5,1,5,3,4,1,1,2,4,3
91576b6f,Italy,Non-English,Psychology,3rd Year,26+,Male/Man,I do not have an SpLD,3,1,2,1,4,1,2,2,2,2,2,1,3,1
9180ba38,Italy,Non-English,Psychology,3rd Year,18-21,Female/Woman,I do not have an SpLD,2,1,2,2,5,1,4,2,5,1,1,1,4,1
920bfa1c,Italy,Non-English,Psychology,3rd Year,18-21,Male/Man,I do not have an SpLD,1,1,2,1,3,1,2,1,2,2,1,1,1,1
94b89afd,Italy,Non-English,Psychology,3rd Year,22-25,Female/Woman,I do not have an SpLD,4,3,3,2,4,2,4,4,4,1,1,3,2,1
9578a989,Italy,Non-English,Psychology,3rd Year,18-21,Female/Woman,I do not have an SpLD,3,3,2,3,3,3,2,3,3,4,4,3,2,2
97c2f3f8,Italy,Non-English,Psychology,3rd Year,18-21,Female/Woman,I do not have an SpLD,3,1,2,1,5,2,4,2,5,5,4,2,4,2
98219c5f,Italy,Non-English,Psychology,3rd Year,18-21,Female/Woman,I do not have an SpLD,3,3,3,3,4,3,2,3,4,3,3,3,4,2
990f4ff2,Italy,Non-English,Psychology,3rd Year,22-25,Female/Woman,I do not have an SpLD,3,1,3,1,5,1,4,2,5,2,2,1,3,1
9ac31852,Italy,Non-English,Psychology,3rd Year,18-21,Female/Woman,I do not have an SpLD,4,4,4,4,4,4,4,4,5,4,4,4,4,3
9b6218cf,Italy,Non-English,Psychology,3rd Year,22-25,Female/Woman,I do not have an SpLD,4,3,5,4,4,2,4,3,4,1,1,4,5,1
9b62f791,Italy,Non-English,Psychology,3rd Year,22-25,Female/Woman,I do not have an SpLD,4,1,5,1,5,1,5,5,4,3,5,2,5,4
9c0c0c6d,Italy,Non-English,Psychology,3rd Year,18-21,Female/Woman,I do not have an SpLD,4,5,2,1,3,1,4,3,5,3,3,5,3,1
9dbf4270,Italy,Non-English,Psychology,3rd Year,18-21,Male/Man,I do not have an SpLD,3,1,3,1,4,1,2,2,4,2,2,1,4,2
a02f3740,Italy,Non-English,Psychology,3rd Year,18-21,Female/Woman,I do not have an SpLD,4,2,1,2,3,1,2,1,3,4,3,2,1,2
a0df57a1,Italy,Non-English,Psychology,3rd Year,18-21,Female/Woman,I do not have an SpLD,5,5,5,5,5,1,5,4,5,3,3,4,5,1
a3466722,Italy,Non-English,Psychology,3rd Year,22-25,Female/Woman,I do not have an SpLD,4,2,2,2,5,2,3,2,4,2,2,1,1,1
a4371f7a,Italy,Non-English,Psychology,3rd Year,22-25,Female/Woman,I do not have an SpLD,4,3,1,3,4,1,4,4,4,2,3,3,1,2
ab75da2b,Italy,Non-English,Psychology,3rd Year,22-25,Female/Woman,I do not have an SpLD,4,2,5,2,5,2,5,3,5,1,2,3,3,1
af5495c5,Italy,Non-English,Psychology,3rd Year,22-25,Female/Woman,I do not have an SpLD,2,2,1,2,5,1,3,2,3,2,2,2,5,2
af793293,Italy,Non-English,Psychology,3rd Year,22-25,Female/Woman,I do not have an SpLD,1,1,1,1,4,1,4,1,4,3,3,1,3,1
b2a06faa,Italy,Non-English,Psychology,3rd Year,22-25,Female/Woman,I do not have an SpLD,4,1,2,2,5,2,4,1,5,2,2,4,4,2
b43d4fab,Italy,Non-English,Psychology,3rd Year,18-21,Female/Woman,I do not have an SpLD,3,2,2,2,4,2,2,3,3,2,2,2,2,2
b6cdfa3c,Italy,Non-English,Psychology,3rd Year,22-25,Female/Woman,I do not have an SpLD,2,2,3,2,5,2,3,2,4,3,3,2,3,1
b9c0c74b,Italy,Non-English,Psychology,3rd Year,22-25,Female/Woman,I do not have an SpLD,4,5,2,2,5,1,5,5,5,2,3,5,4,1
ba3a7927,Italy,Non-English,Psychology,3rd Year,22-25,Female/Woman,I do not have an SpLD,4,2,3,1,4,1,4,3,5,2,1,2,3,1
bb400df8,Italy,Non-English,Psychology,3rd Year,26+,Female/Woman,I do not have an SpLD,5,2,2,2,5,1,5,3,5,5,5,3,4,3
bffaaf06,Italy,Non-English,Psychology,3rd Year,18-21,Female/Woman,I do not have an SpLD,3,2,3,2,4,1,3,2,3,2,2,2,1,1
c0318d6b,Italy,Non-English,Psychology,3rd Year,22-25,Female/Woman,I do not have an SpLD,3,2,2,1,4,1,1,2,4,1,1,2,2,1
c180bc36,Italy,Non-English,Psychology,3rd Year,18-21,NA,I do not have an SpLD,3,1,1,1,3,1,3,2,3,2,1,2,3,2
c24a4907,Italy,Non-English,Psychology,3rd Year,18-21,Female/Woman,I do not have an SpLD,2,2,1,3,2,1,3,1,2,2,1,3,1,2
c4f10f37,Italy,Non-English,Psychology,3rd Year,18-21,Female/Woman,I do not have an SpLD,3,3,3,2,3,3,1,4,2,1,1,3,3,1
c763ff9f,Italy,Non-English,Psychology,3rd Year,18-21,Female/Woman,I do not have an SpLD,3,2,4,2,5,2,4,3,5,3,4,2,3,2
c814510f,Italy,Non-English,Psychology,3rd Year,22-25,Female/Woman,I do not have an SpLD,2,1,2,1,5,1,3,2,4,4,4,1,2,4
c8208d2a,Italy,Non-English,Psychology,3rd Year,22-25,Female/Woman,I do not have an SpLD,5,3,3,3,5,2,5,2,5,5,5,2,5,3
c8f5fdd2,Italy,Non-English,Psychology,3rd Year,22-25,Female/Woman,I do not have an SpLD,5,3,4,2,5,4,3,4,5,4,4,3,5,2
ca342d45,Italy,Non-English,Psychology,3rd Year,22-25,Female/Woman,"Dyscalculia, Dysgraphia/Dysorthography",3,2,4,1,3,1,2,2,4,2,2,2,4,1
ca9f6d48,Italy,Non-English,Psychology,3rd Year,26+,Male/Man,I do not have an SpLD,3,4,4,4,4,2,5,4,3,3,4,4,2,4
cb238dff,Italy,Non-English,Psychology,3rd Year,22-25,Female/Woman,I do not have an SpLD,3,1,2,1,4,1,1,2,2,4,4,2,2,3
cbafc6f3,Italy,Non-English,Psychology,3rd Year,22-25,Female/Woman,I do not have an SpLD,5,2,4,2,5,3,5,3,5,1,2,3,3,1
cbb54a80,Italy,Non-English,Psychology,3rd Year,26+,Male/Man,I do not have an SpLD,3,2,2,3,3,2,3,2,3,2,2,2,4,1
ccb9f2fb,Italy,Non-English,Psychology,3rd Year,22-25,Female/Woman,I do not have an SpLD,2,2,3,2,3,1,2,2,3,2,2,2,3,2
cd82519a,Italy,Non-English,Psychology,3rd Year,18-21,Female/Woman,I do not have an SpLD,1,2,3,2,3,3,2,3,1,1,1,2,1,1
cf24d6c6,Italy,Non-English,Psychology,3rd Year,22-25,Female/Woman,I do not have an SpLD,4,3,3,3,5,2,3,3,5,2,5,3,4,4
d06583f8,Italy,Non-English,Psychology,3rd Year,18-21,Female/Woman,I do not have an SpLD,4,3,4,3,5,3,3,4,5,4,3,3,4,2
d7b1f703,Italy,Non-English,Psychology,3rd Year,22-25,Female/Woman,I do not have an SpLD,1,1,2,1,4,1,2,2,5,1,1,1,4,1
d7c8f4a4,Italy,Non-English,Psychology,3rd Year,22-25,Female/Woman,I do not have an SpLD,2,1,1,1,3,1,3,1,3,3,2,1,1,1
d7f734ab,Italy,Non-English,Psychology,3rd Year,22-25,Female/Woman,I do not have an SpLD,5,2,2,3,5,1,3,3,4,3,3,2,4,1
da0d6672,Italy,Non-English,Psychology,3rd Year,22-25,Male/Man,NA,3,2,3,1,4,1,2,2,4,3,4,2,4,3
dbfc1708,Italy,Non-English,Psychology,3rd Year,22-25,Female/Woman,I do not have an SpLD,3,1,1,1,4,1,4,2,5,2,2,1,3,1
dcc6d630,Italy,Non-English,Psychology,3rd Year,22-25,Female/Woman,I do not have an SpLD,4,3,4,2,5,5,3,3,5,5,4,5,4,3
f124a935,Italy,Non-English,Psychology,3rd Year,22-25,Male/Man,I do not have an SpLD,4,4,4,4,3,1,3,3,5,4,5,5,2,4
f1668d34,Italy,Non-English,Psychology,3rd Year,18-21,Female/Woman,I do not have an SpLD,3,2,1,2,4,1,2,3,4,1,1,3,3,1
f2181959,Italy,Non-English,Psychology,3rd Year,18-21,Female/Woman,I do not have an SpLD,4,2,3,3,5,1,5,3,4,4,2,5,3,4
f270b13a,Italy,Non-English,Psychology,3rd Year,22-25,Female/Woman,I do not have an SpLD,2,1,3,1,4,1,3,2,3,2,2,2,1,2
f27ad367,Italy,Non-English,Psychology,3rd Year,22-25,Female/Woman,I do not have an SpLD,2,2,1,1,5,1,2,2,4,2,2,2,4,1
f41d6f68,Italy,Non-English,Psychology,3rd Year,22-25,Female/Woman,I do not have an SpLD,3,3,3,3,3,2,3,3,4,3,4,3,3,3
f4b45a94,Italy,Non-English,Psychology,3rd Year,18-21,Female/Woman,I do not have an SpLD,2,2,5,1,5,2,2,4,5,2,2,2,2,2
f59f32bd,Italy,Non-English,Psychology,3rd Year,22-25,Male/Man,I do not have an SpLD,3,3,3,2,5,2,4,2,5,3,3,2,3,2
f6fbdb8b,Italy,Non-English,Psychology,3rd Year,22-25,Female/Woman,I do not have an SpLD,1,2,2,1,3,1,2,2,3,2,3,2,2,1
f734af64,Italy,Non-English,Psychology,2nd Year,22-25,Female/Woman,I do not have an SpLD,5,2,3,1,5,1,5,2,5,4,4,2,4,2
f79af921,Italy,Non-English,Psychology,3rd Year,18-21,Female/Woman,I do not have an SpLD,2,1,2,2,2,1,2,2,2,1,1,1,1,1
f8d26c48,Italy,Non-English,Psychology,3rd Year,26+,Female/Woman,I do not have an SpLD,2,2,3,2,5,1,4,2,4,1,2,2,4,2
f9c8af3d,Italy,Non-English,Psychology,3rd Year,18-21,Female/Woman,I do not have an SpLD,5,4,4,3,5,3,5,4,5,3,4,3,4,3
fa2524ff,Italy,Non-English,Psychology,3rd Year,18-21,Female/Woman,I do not have an SpLD,3,2,3,1,4,1,2,3,4,2,2,1,2,2
fa8ffb8f,Italy,Non-English,Psychology,3rd Year,18-21,Female/Woman,I do not have an SpLD,3,3,4,2,5,2,3,2,5,3,2,3,2,2
fb264f9d,Italy,Non-English,Psychology,3rd Year,22-25,Female/Woman,I do not have an SpLD,2,1,2,1,3,1,3,2,5,5,3,1,4,1
fba74858,Italy,Non-English,Psychology,3rd Year,22-25,Female/Woman,I do not have an SpLD,2,2,1,1,4,1,4,2,3,4,3,2,2,2
fbf3ba72,Italy,Non-English,Psychology,3rd Year,22-25,Female/Woman,I do not have an SpLD,5,1,3,3,5,1,3,4,5,3,2,3,2,1
fc69b859,Italy,Non-English,Psychology,3rd Year,22-25,Female/Woman,I do not have an SpLD,3,2,3,2,5,2,5,4,3,4,5,2,3,4
fca344d5,Italy,Non-English,Psychology,3rd Year,18-21,Female/Woman,I do not have an SpLD,4,4,4,4,5,2,4,4,5,3,4,4,4,3
ff6cafff,Italy,Non-English,Psychology,3rd Year,18-21,Female/Woman,I do not have an SpLD,3,3,3,3,4,3,3,3,4,3,4,2,2,2
ffa3dfab,Italy,Non-English,Psychology,3rd Year,18-21,Female/Woman,I do not have an SpLD,2,2,4,2,3,2,1,2,3,1,1,2,2,1
0018cd9d,Indonesia,Non-English,Psychology,NA,NA,NA,NA,1,1,2,1,1,1,1,1,1,2,3,1,4,1
036c2868,Indonesia,Non-English,Psychology,NA,NA,Female/Woman,I do not have an SpLD,4,3,4,1,5,3,2,3,5,4,1,3,5,1
059212d2,Indonesia,Non-English,Psychology,3rd Year,18-21,Male/Man,I do not have an SpLD,4,3,4,3,4,4,4,4,3,2,1,2,4,1
08281f85,Indonesia,Non-English,Psychology,3rd Year,18-21,Male/Man,I do not have an SpLD,2,3,3,4,3,2,3,2,2,3,2,4,3,2
0995a07a,Indonesia,Non-English,Business & Finance,2nd Year,18-21,Female/Woman,I do not have an SpLD,3,4,3,4,4,1,2,1,4,2,2,3,4,2
0aa13b32,Indonesia,Non-English,Psychology,1st Year,18-21,Female/Woman,I do not have an SpLD,3,3,4,1,4,1,4,3,4,4,3,1,3,3
0d1c52fb,Indonesia,Non-English,Psychology,3rd Year,18-21,Female/Woman,I do not have an SpLD,3,3,2,3,4,5,4,3,2,3,3,4,2,4
0f22fc9a,Indonesia,Non-English,Psychology,1st Year,18-21,Female/Woman,I do not have an SpLD,5,5,4,4,5,4,5,5,5,5,5,5,4,4
10c7f3ff,Indonesia,Non-English,Psychology,2nd Year,18-21,Female/Woman,I do not have an SpLD,1,1,1,1,5,1,1,1,4,1,1,1,1,1
1195777d,Indonesia,Non-English,Psychology,1st Year,18-21,Female/Woman,I do not have an SpLD,4,3,3,4,4,3,3,4,3,4,3,4,5,3
11a0b275,Indonesia,Non-English,Psychology,NA,18-21,Female/Woman,I do not have an SpLD,1,3,3,4,4,5,3,4,1,1,2,1,2,1
11f0fd7d,Indonesia,Non-English,Psychology,1st Year,NA,Female/Woman,I do not have an SpLD,3,3,3,2,5,1,4,2,5,5,2,1,4,2
1abfdc70,Indonesia,Non-English,Psychology,1st Year,18-21,Female/Woman,I do not have an SpLD,3,4,3,3,4,2,4,3,2,3,3,3,3,3
1b5202d7,Indonesia,Non-English,Psychology,1st Year,NA,Female/Woman,NA,4,4,4,2,4,2,5,3,3,2,2,3,4,2
1cff5868,Indonesia,Non-English,Psychology,1st Year,18-21,Female/Woman,I do not have an SpLD,4,2,2,1,3,1,2,3,3,1,1,3,2,1
1f7140b8,Indonesia,Non-English,Psychology,NA,NA,NA,NA,5,4,4,4,5,4,5,4,5,5,4,4,4,4
22fc0d85,Indonesia,Non-English,Psychology,1st Year,18-21,Female/Woman,I do not have an SpLD,2,3,2,2,4,1,2,2,2,1,1,4,3,2
24738525,Indonesia,Non-English,Psychology,1st Year,NA,Female/Woman,I do not have an SpLD,3,3,3,2,4,1,3,3,3,2,2,3,4,1
2929df0d,Indonesia,Non-English,Psychology,2nd Year,18-21,Female/Woman,I do not have an SpLD,4,3,3,3,4,1,2,3,3,5,4,3,3,2
2978c5ca,Indonesia,Non-English,Psychology,1st Year,18-21,Female/Woman,I do not have an SpLD,1,2,2,1,2,1,1,2,1,2,1,1,1,1
2aaa7d87,Indonesia,Non-English,Psychology,1st Year,18-21,Female/Woman,I do not have an SpLD,1,3,4,1,1,3,1,3,1,3,1,1,4,1
30646b34,Indonesia,Non-English,Psychology,1st Year,NA,Male/Man,NA,3,3,3,3,4,3,3,3,2,2,2,4,4,2
361b7ab1,Indonesia,Non-English,Psychology,1st Year,18-21,Female/Woman,I do not have an SpLD,3,3,3,3,4,2,5,3,5,2,2,4,4,1
37abfdd5,Indonesia,Non-English,Psychology,1st Year,18-21,Female/Woman,I do not have an SpLD,3,3,3,3,5,3,5,3,5,5,4,3,4,1
3b3faab4,Indonesia,Non-English,Psychology,1st Year,18-21,Female/Woman,I do not have an SpLD,4,3,3,2,4,4,3,4,3,2,2,3,3,2
3f4cd43c,Indonesia,Non-English,Psychology,1st Year,18-21,Male/Man,NA,5,2,1,4,3,2,4,3,5,5,1,4,5,1
3fdf2ab3,Indonesia,Non-English,Psychology,1st Year,18-21,Female/Woman,I do not have an SpLD,4,4,2,3,4,4,4,4,4,2,2,2,4,2
41870f7f,Indonesia,Non-English,Psychology,1st Year,NA,NA,I do not have an SpLD,4,3,3,2,5,2,4,3,5,3,3,3,2,3
423fb4a5,Indonesia,Non-English,Psychology,1st Year,18-21,Male/Man,I do not have an SpLD,4,3,3,1,5,1,5,3,5,3,2,4,5,2
44017a3f,Indonesia,Non-English,Psychology,1st Year,18-21,Female/Woman,I do not have an SpLD,2,3,3,2,4,1,3,4,3,1,1,3,4,1
4648cb53,Indonesia,Non-English,Psychology,1st Year,18-21,Female/Woman,I do not have an SpLD,3,4,2,4,4,3,4,4,4,2,2,3,3,2
4f2a3b2b,Indonesia,Non-English,Psychology,1st Year,18-21,Female/Woman,I do not have an SpLD,4,1,2,1,4,1,3,3,2,3,1,1,3,3
4f99c3c8,Indonesia,Non-English,Psychology,1st Year,NA,Female/Woman,I do not have an SpLD,3,2,2,2,3,1,5,1,4,2,2,1,3,2
50496c4a,Indonesia,Non-English,Psychology,2nd Year,18-21,Female/Woman,I do not have an SpLD,3,3,3,1,5,1,3,3,4,3,2,2,3,1
517104a9,Indonesia,Non-English,Psychology,1st Year,18-21,Female/Woman,I do not have an SpLD,1,3,3,1,3,1,1,3,1,1,1,1,1,1
51b27699,Indonesia,Non-English,Psychology,1st Year,18-21,Female/Woman,I do not have an SpLD,5,2,4,3,5,5,5,5,3,3,2,3,5,2
5367969c,Indonesia,Non-English,Psychology,2nd Year,18-21,Female/Woman,I do not have an SpLD,2,4,4,5,4,4,5,5,5,2,1,5,2,2
542b5d51,Indonesia,Non-English,Psychology,1st Year,18-21,Female/Woman,I do not have an SpLD,4,3,3,3,5,3,4,4,4,4,3,3,4,3
5452d8f1,Indonesia,Non-English,Psychology,1st Year,18-21,Female/Woman,I do not have an SpLD,1,1,1,1,4,1,5,1,1,1,1,5,1,1
585f34f7,Indonesia,Non-English,Psychology,1st Year,18-21,Female/Woman,I do not have an SpLD,3,2,2,3,3,1,2,3,1,3,2,4,3,2
5b2a1a23,Indonesia,Non-English,Psychology,1st Year,18-21,Female/Woman,I do not have an SpLD,3,2,1,1,3,1,3,3,3,2,2,1,2,1
5c4b8f9d,Indonesia,Non-English,Psychology,1st Year,18-21,Female/Woman,NA,5,4,3,3,5,2,4,4,4,3,3,3,3,3
5f2cd8b1,Indonesia,Non-English,Psychology,1st Year,NA,Female/Woman,Dyscalculia,4,3,4,3,5,1,3,4,5,3,3,3,5,3
62d4af2b,Indonesia,Non-English,Psychology,1st Year,18-21,Female/Woman,I do not have an SpLD,2,2,4,4,5,2,5,4,1,4,5,2,2,4
630bf4f2,Indonesia,Non-English,Psychology,1st Year,18-21,Female/Woman,I do not have an SpLD,3,3,3,3,3,3,4,3,3,3,3,3,3,2
646ad63b,Indonesia,Non-English,Psychology,1st Year,NA,Female/Woman,I do not have an SpLD,4,3,3,1,5,1,4,4,3,4,3,4,2,1
6478488f,Indonesia,Non-English,Psychology,3rd Year,18-21,Female/Woman,I do not have an SpLD,1,3,1,1,1,1,3,3,1,3,1,3,1,1
664cd908,Indonesia,Non-English,Psychology,1st Year,18-21,Female/Woman,I do not have an SpLD,2,3,2,1,3,2,2,3,2,2,1,3,2,2
66db6766,Indonesia,Non-English,Psychology,1st Year,NA,Female/Woman,I do not have an SpLD,2,3,3,4,4,3,4,2,3,3,2,4,5,3
6707fd6d,Indonesia,Non-English,Psychology,1st Year,18-21,Female/Woman,I do not have an SpLD,5,3,4,2,5,1,5,2,5,2,2,3,4,2
6f1dfbdb,Indonesia,Non-English,Psychology,1st Year,NA,Female/Woman,I do not have an SpLD,4,4,4,4,4,2,5,4,5,4,3,4,4,3
6f37c94f,Indonesia,Non-English,Psychology,1st Year,18-21,Male/Man,Other - Undiagnosed Non-Specific,2,2,1,1,2,1,2,2,3,3,2,2,2,2
6fa050a9,Indonesia,Non-English,Psychology,1st Year,NA,Female/Woman,I do not have an SpLD,4,4,4,1,5,2,4,4,4,4,3,3,2,1
703c7b16,Indonesia,Non-English,Psychology,1st Year,18-21,Male/Man,NA,4,4,4,4,4,4,4,4,5,4,4,4,4,4
74056a3f,Indonesia,Non-English,Psychology,3rd Year,18-21,Female/Woman,I do not have an SpLD,4,2,2,2,3,2,2,2,3,2,2,3,1,2
7c3358df,Indonesia,Non-English,Psychology,1st Year,NA,Female/Woman,I do not have an SpLD,3,4,4,3,4,1,4,3,3,2,3,4,3,2
7cfcaa52,Indonesia,Non-English,Psychology,1st Year,18-21,Female/Woman,I do not have an SpLD,4,3,4,3,4,3,4,3,4,3,3,5,2,2
7d0f4cc1,Indonesia,Non-English,Psychology,1st Year,18-21,Female/Woman,I do not have an SpLD,4,3,4,4,3,4,4,4,4,4,4,3,4,4
80a4a5af,Indonesia,Non-English,Psychology,1st Year,18-21,Female/Woman,I do not have an SpLD,3,3,4,3,3,2,4,3,3,2,2,3,3,2
82527ac7,Indonesia,Non-English,Psychology,1st Year,18-21,Female/Woman,I do not have an SpLD,1,2,3,1,4,1,3,3,1,2,2,3,3,1
827ff62b,Indonesia,Non-English,Psychology,1st Year,NA,Female/Woman,I do not have an SpLD,2,3,2,2,5,1,4,3,3,4,2,2,3,1
82939fcc,Indonesia,Non-English,Psychology,1st Year,18-21,Female/Woman,I do not have an SpLD,2,3,3,3,3,3,2,3,2,3,2,3,2,2
8433f178,Indonesia,Non-English,Psychology,NA,NA,NA,NA,3,2,2,1,3,2,3,2,1,1,1,2,1,1
87034c70,Indonesia,Non-English,Psychology,4th Year,18-21,Female/Woman,I do not have an SpLD,1,1,1,1,2,3,1,1,4,1,2,1,5,1
876096f7,Indonesia,Non-English,Psychology,2nd Year,18-21,Female/Woman,I do not have an SpLD,3,3,3,3,3,1,3,4,3,3,3,3,3,3
89654105,Indonesia,Non-English,Psychology,NA,18-21,Female/Woman,NA,2,3,3,2,3,3,5,2,5,1,3,2,4,2
8d473b6b,Indonesia,Non-English,Psychology,1st Year,NA,Female/Woman,I do not have an SpLD,3,3,4,3,5,3,4,4,2,4,3,4,5,1
8f49fb60,Indonesia,Non-English,Psychology,NA,18-21,Male/Man,I do not have an SpLD,2,NA,2,3,4,2,3,3,3,2,3,3,2,4
8ff5bbda,Indonesia,Non-English,Psychology,1st Year,18-21,Female/Woman,I do not have an SpLD,2,2,2,2,2,2,3,2,2,1,1,2,1,1
91b616c1,Indonesia,Non-English,Psychology,1st Year,NA,Female/Woman,I do not have an SpLD,3,3,3,3,4,4,3,3,4,3,3,3,3,1
92490c92,Indonesia,Non-English,Psychology,NA,NA,Male/Man,NA,1,2,4,2,5,1,5,2,4,4,1,4,5,1
92a6f63a,Indonesia,Non-English,Business & Finance,3rd Year,18-21,Female/Woman,I do not have an SpLD,1,2,1,1,3,1,1,1,1,1,1,1,2,1
930948dc,Indonesia,Non-English,Psychology,1st Year,18-21,Female/Woman,I do not have an SpLD,5,4,2,4,5,1,5,5,2,2,3,3,3,2
93b6bb04,Indonesia,Non-English,Psychology,1st Year,NA,Female/Woman,I do not have an SpLD,3,3,3,2,4,1,3,2,2,3,3,2,2,2
94a323fc,Indonesia,Non-English,Psychology,1st Year,18-21,NA,I do not have an SpLD,2,4,3,4,3,2,2,5,3,2,2,4,4,1
95f93f7c,Indonesia,Non-English,Psychology,1st Year,18-21,Female/Woman,I do not have an SpLD,2,1,1,1,4,1,5,2,2,1,1,1,4,1
96cfd9f3,Indonesia,Non-English,Psychology,1st Year,18-21,Female/Woman,NA,3,3,4,1,4,2,5,2,4,1,1,2,4,1
977c1678,Indonesia,Non-English,Psychology,1st Year,18-21,Female/Woman,I do not have an SpLD,2,2,2,3,3,2,3,2,2,1,3,3,1,1
97854f88,Indonesia,Non-English,Psychology,1st Year,18-21,Female/Woman,I do not have an SpLD,2,1,2,1,2,1,1,1,2,2,1,1,1,1
978b97d1,Indonesia,Non-English,Psychology,1st Year,18-21,Female/Woman,I do not have an SpLD,4,3,3,3,5,3,5,3,5,3,2,3,4,3
9839fa59,Indonesia,Non-English,Psychology,1st Year,18-21,Female/Woman,I do not have an SpLD,1,3,2,1,2,1,2,2,3,2,1,1,2,1
9b764024,Indonesia,Non-English,Psychology,1st Year,18-21,Female/Woman,I do not have an SpLD,1,1,1,1,3,1,4,1,1,1,1,2,1,1
a0a1f8b6,Indonesia,Non-English,Psychology,1st Year,18-21,Female/Woman,NA,2,3,2,1,4,2,4,2,4,2,2,2,2,2
a0d14c4c,Indonesia,Non-English,Psychology,1st Year,18-21,Male/Man,I do not have an SpLD,3,3,3,3,3,3,4,3,4,3,4,3,5,2
a35dff97,Indonesia,Non-English,Psychology,1st Year,NA,Female/Woman,I do not have an SpLD,4,4,4,4,5,3,5,4,5,1,1,4,2,1
a3829f88,Indonesia,Non-English,Psychology,1st Year,NA,Female/Woman,NA,4,3,3,4,4,3,4,2,4,4,4,4,4,4
a4227509,Indonesia,Non-English,Psychology,2nd Year,18-21,Female/Woman,I do not have an SpLD,4,4,3,2,5,2,4,4,4,3,3,4,4,3
a44d3085,Indonesia,Non-English,Psychology,1st Year,18-21,Female/Woman,NA,3,4,4,1,5,1,5,4,4,3,2,3,5,1
a76ddb63,Indonesia,Non-English,Psychology,2nd Year,18-21,Female/Woman,I do not have an SpLD,2,1,1,1,2,1,5,1,1,5,5,1,2,4
abc90fa2,Indonesia,Non-English,Psychology,1st Year,18-21,Female/Woman,I do not have an SpLD,1,1,1,4,2,1,3,1,3,5,5,5,5,1
abdd275c,Indonesia,Non-English,Psychology,1st Year,18-21,Female/Woman,I do not have an SpLD,4,2,4,4,3,2,2,3,4,2,3,4,4,2
adbd20f9,Indonesia,Non-English,Psychology,1st Year,NA,Female/Woman,I do not have an SpLD,4,3,3,2,4,2,4,3,3,2,3,4,3,2
b2337daf,Indonesia,Non-English,Psychology,3rd Year,18-21,Male/Man,I do not have an SpLD,3,3,3,3,3,1,3,2,3,3,2,2,3,2
b73b20f4,Indonesia,Non-English,Psychology,1st Year,18-21,Female/Woman,I do not have an SpLD,3,4,5,3,5,4,5,4,5,3,2,5,4,2
b85f3200,Indonesia,Non-English,Psychology,2nd Year,NA,Female/Woman,I do not have an SpLD,3,4,4,2,4,3,3,4,4,3,3,3,3,2
c4cdf03f,Indonesia,Non-English,Psychology,1st Year,18-21,Female/Woman,I do not have an SpLD,3,3,3,2,5,2,5,3,5,4,3,3,3,2
c71c9464,Indonesia,Non-English,Psychology,1st Year,18-21,Female/Woman,I do not have an SpLD,3,3,3,3,3,1,3,3,5,4,3,3,3,3
c991cf8f,Indonesia,Non-English,Psychology,1st Year,NA,Female/Woman,I do not have an SpLD,3,4,4,4,5,2,5,4,4,2,2,5,5,1
cb46945b,Indonesia,Non-English,Psychology,1st Year,18-21,Female/Woman,NA,3,3,3,3,4,4,5,3,3,3,2,3,3,1
cc05b884,Indonesia,Non-English,Psychology,1st Year,18-21,Female/Woman,I do not have an SpLD,3,2,3,2,4,1,2,2,3,3,1,3,3,1
ccb1712a,Indonesia,Non-English,Psychology,1st Year,18-21,Female/Woman,I do not have an SpLD,2,4,3,2,5,4,5,5,2,1,1,2,2,1
cd2af64b,Indonesia,Non-English,Psychology,1st Year,18-21,Female/Woman,I do not have an SpLD,3,2,2,1,4,1,1,2,1,1,1,1,3,1
cd527363,Indonesia,Non-English,Psychology,1st Year,18-21,Female/Woman,I do not have an SpLD,3,3,3,2,4,1,4,2,1,4,2,4,3,2
cd72bf64,Indonesia,Non-English,Psychology,NA,18-21,Female/Woman,I do not have an SpLD,1,5,5,3,1,1,1,5,4,4,1,5,1,1
cdff1c94,Indonesia,Non-English,Psychology,1st Year,18-21,Female/Woman,I do not have an SpLD,3,3,3,2,5,3,4,3,4,3,4,3,4,3
cf635385,Indonesia,Non-English,Psychology,1st Year,18-21,Female/Woman,I do not have an SpLD,5,4,4,3,5,2,4,4,5,4,5,4,5,4
d066c922,Indonesia,Non-English,Psychology,1st Year,18-21,Female/Woman,I do not have an SpLD,2,3,4,2,4,1,4,3,3,3,2,2,2,3
d1156a08,Indonesia,Non-English,Psychology,4th Year,18-21,Male/Man,I do not have an SpLD,1,1,1,1,2,1,2,3,1,1,1,2,1,2
d142cfa4,Indonesia,Non-English,Psychology,4th Year,22-25,Female/Woman,I do not have an SpLD,4,5,5,3,5,5,5,3,5,5,5,5,5,1
d25b72a3,Indonesia,Non-English,Psychology,1st Year,18-21,Female/Woman,I do not have an SpLD,5,5,5,5,5,5,5,5,5,5,5,5,5,5
d3810535,Indonesia,Non-English,Psychology,NA,18-21,Female/Woman,NA,5,4,3,4,4,1,5,4,5,2,2,4,5,5
d3ff3bf6,Indonesia,Non-English,Psychology,1st Year,18-21,NA,I do not have an SpLD,2,2,2,2,2,1,3,2,3,2,2,2,2,1
d7cccf7a,Indonesia,Non-English,Psychology,1st Year,NA,Female/Woman,I do not have an SpLD,3,3,2,2,4,1,3,3,1,2,2,3,4,3
da3f4cff,Indonesia,Non-English,Psychology,NA,NA,NA,NA,3,3,2,1,3,1,2,2,2,1,1,4,3,1
dabd10cf,Indonesia,Non-English,Psychology,1st Year,18-21,Female/Woman,I do not have an SpLD,3,3,3,3,4,2,3,3,2,3,3,2,4,3
db3a6a73,Indonesia,Non-English,Psychology,NA,NA,NA,NA,3,2,3,2,3,3,4,2,1,2,1,3,2,1
dc450730,Indonesia,Non-English,Psychology,1st Year,NA,Female/Woman,I do not have an SpLD,3,3,3,4,4,2,4,3,4,2,2,3,2,3
dd699a99,Indonesia,Non-English,Psychology,1st Year,18-21,Female/Woman,I do not have an SpLD,4,3,4,3,4,1,4,3,4,3,4,2,4,2
df99f456,Indonesia,Non-English,Psychology,3rd Year,18-21,Male/Man,I do not have an SpLD,3,2,2,2,3,1,2,2,3,2,3,2,1,2
dfc975b2,Indonesia,Non-English,Psychology,1st Year,18-21,Female/Woman,NA,3,4,3,3,4,3,4,3,3,3,3,3,3,3
f06dcf79,Indonesia,Non-English,Psychology,4th Year,18-21,Female/Woman,I do not have an SpLD,4,3,3,3,5,1,5,3,4,5,4,2,4,4
f0819893,Indonesia,Non-English,Psychology,NA,NA,Female/Woman,I do not have an SpLD,3,3,2,3,3,2,3,3,2,2,2,3,2,2
f1419286,Indonesia,Non-English,Psychology,1st Year,18-21,Female/Woman,I do not have an SpLD,3,2,4,3,5,4,4,3,2,3,3,2,2,2
f1488ad7,Indonesia,Non-English,Psychology,NA,18-21,Female/Woman,I do not have an SpLD,3,2,2,2,4,1,3,3,3,2,2,2,3,2
f1f6b0bf,Indonesia,Non-English,Psychology,1st Year,18-21,Male/Man,I do not have an SpLD,1,1,1,1,1,1,1,1,3,1,1,1,4,3
f32dd9fb,Indonesia,Non-English,Psychology,1st Year,18-21,Female/Woman,NA,2,2,2,1,5,1,5,2,5,4,4,4,5,2
f359658a,Indonesia,Non-English,Psychology,1st Year,18-21,Female/Woman,NA,2,4,3,3,5,1,5,3,4,2,5,2,4,2
f3b18ff6,Indonesia,Non-English,Psychology,1st Year,NA,Female/Woman,I do not have an SpLD,5,4,4,3,5,1,5,4,5,3,2,4,5,2
f642b481,Indonesia,Non-English,Psychology,1st Year,NA,Female/Woman,I do not have an SpLD,3,3,3,3,3,3,3,3,3,3,3,3,3,3
f8ac0002,Indonesia,Non-English,Psychology,4th Year,22-25,Female/Woman,I do not have an SpLD,1,3,3,1,5,1,4,3,1,1,1,1,5,1
fabf572c,Indonesia,Non-English,Psychology,NA,NA,NA,NA,4,4,3,4,4,3,4,3,3,4,4,4,3,3
fad83846,Indonesia,Non-English,Psychology,1st Year,NA,Female/Woman,Other - Unsure,1,2,1,2,2,1,1,1,2,1,2,2,1,1
fafffd7f,Indonesia,Non-English,Psychology,1st Year,18-21,Male/Man,I do not have an SpLD,2,2,2,2,2,1,2,2,2,1,1,2,2,1
fd8cdd14,Indonesia,Non-English,Psychology,NA,18-21,Female/Woman,NA,2,2,3,1,4,1,5,2,1,5,4,2,5,4
ff7a9a69,Indonesia,Non-English,Psychology,1st Year,18-21,Female/Woman,I do not have an SpLD,3,2,3,3,3,2,4,3,2,4,2,4,4,1
ff86a67d,Indonesia,Non-English,Psychology,3rd Year,18-21,Male/Man,I do not have an SpLD,2,1,1,4,5,1,4,1,4,4,4,1,3,1
02d6b526,England,English,Psychology,2nd Year,18-21,Female/Woman,I do not have an SpLD,2,2,2,2,5,2,5,2,5,1,1,2,4,1
030d68bc,England,English,Psychology,1st Year,18-21,Female/Woman,I do not have an SpLD,2,1,1,1,2,1,2,1,2,1,1,1,1,1
03fb2044,England,English,Psychology,1st Year,18-21,Female/Woman,NA,3,3,1,2,4,2,4,3,4,2,1,3,1,1
077602fb,England,English,Psychology,1st Year,18-21,Female/Woman,I do not have an SpLD,3,3,4,3,4,3,4,2,5,4,4,3,5,3
078942cc,England,English,Psychology,1st Year,18-21,Female/Woman,I do not have an SpLD,3,3,2,2,5,1,5,3,4,4,4,4,4,2
07fa3595,England,English,Psychology,1st Year,18-21,Female/Woman,I do not have an SpLD,4,3,3,4,4,3,4,3,4,3,3,3,3,2
08d5a274,England,English,Psychology,1st Year,18-21,Female/Woman,I do not have an SpLD,5,4,4,3,5,4,5,3,5,2,3,4,3,3
0994162c,England,English,Psychology,2nd Year,18-21,Female/Woman,I do not have an SpLD,5,4,4,4,4,2,5,4,5,3,2,4,4,3
09fcbf67,England,English,Psychology,1st Year,18-21,Female/Woman,I do not have an SpLD,4,3,3,3,4,2,4,3,3,3,2,3,2,2
0b3bcd39,England,English,Psychology,1st Year,18-21,Female/Woman,I do not have an SpLD,3,1,2,2,4,2,4,2,4,3,3,2,1,3
0b9d8db9,England,English,Psychology,2nd Year,18-21,Female/Woman,I do not have an SpLD,2,1,1,1,3,1,3,3,2,2,2,1,1,2
0ccbbfb1,England,English,Psychology,2nd Year,18-21,Female/Woman,I do not have an SpLD,4,4,4,4,5,4,5,4,5,4,4,5,4,4
0d1c88d7,England,English,Psychology,1st Year,18-21,Female/Woman,I do not have an SpLD,4,3,3,2,4,2,4,3,4,3,4,3,2,3
0f22888a,England,English,Psychology,2nd Year,18-21,Female/Woman,I do not have an SpLD,4,4,3,4,5,4,5,3,2,3,5,4,4,5
0f91f43c,England,English,Psychology,2nd Year,18-21,Male/Man,I do not have an SpLD,1,1,1,1,1,1,1,1,1,1,1,1,1,1
0fab142b,England,English,Psychology,2nd Year,18-21,Female/Woman,I do not have an SpLD,4,3,2,2,5,3,5,2,5,2,2,2,4,2
10411c46,England,English,Psychology,1st Year,NA,Female/Woman,I do not have an SpLD,3,2,3,3,4,2,3,2,2,4,4,3,3,4
10ab1742,England,English,Psychology,1st Year,18-21,Female/Woman,I do not have an SpLD,5,4,4,3,5,3,5,4,5,3,3,3,3,4
111d77f8,England,English,Psychology,2nd Year,18-21,Female/Woman,I do not have an SpLD,5,4,3,3,5,2,4,3,4,3,3,3,3,3
11c3b193,England,English,Psychology,1st Year,18-21,Female/Woman,I do not have an SpLD,3,5,4,4,5,5,3,2,4,2,3,5,4,3
11fa1f3d,England,English,Psychology,2nd Year,18-21,Female/Woman,I do not have an SpLD,2,1,3,2,5,1,5,2,5,2,1,1,4,2
122f8759,England,English,Psychology,1st Year,18-21,Female/Woman,I do not have an SpLD,4,3,3,2,5,2,5,4,5,3,3,3,3,3
13b127d9,England,English,Psychology,1st Year,18-21,Female/Woman,I do not have an SpLD,5,5,5,5,5,3,5,4,5,5,5,5,4,4
13f9dc1f,England,English,Psychology,1st Year,18-21,Male/Man,I do not have an SpLD,1,1,1,1,1,1,1,1,1,1,1,1,1,1
13fc3007,England,English,Psychology,2nd Year,18-21,Female/Woman,I do not have an SpLD,4,4,1,3,3,4,3,2,3,4,4,4,3,4
14353637,England,English,Psychology,2nd Year,18-21,Female/Woman,I do not have an SpLD,2,2,2,2,3,3,4,4,3,2,2,1,1,2
14a38dac,England,English,Psychology,2nd Year,18-21,Female/Woman,Dyslexia,2,2,1,2,2,1,2,1,2,2,2,2,2,2
15f14974,England,English,Psychology,1st Year,18-21,Female/Woman,I do not have an SpLD,5,3,4,3,5,2,5,2,4,3,3,4,4,2
17097167,England,English,Psychology,1st Year,18-21,Female/Woman,I do not have an SpLD,5,4,4,4,5,3,5,3,5,5,5,5,5,4
17c0b949,England,English,Psychology,2nd Year,18-21,Female/Woman,I do not have an SpLD,2,1,3,1,5,1,5,1,5,2,2,1,2,2
19014ca2,England,English,Psychology,1st Year,18-21,Female/Woman,I do not have an SpLD,3,4,2,4,3,1,4,3,3,4,3,4,3,3
1af47d3b,England,English,Psychology,2nd Year,18-21,Female/Woman,I do not have an SpLD,5,2,3,3,5,3,4,2,5,4,4,3,4,4
1b7d6cbc,England,English,Psychology,1st Year,18-21,Female/Woman,I do not have an SpLD,4,3,3,2,5,2,5,2,3,4,3,3,3,1
1b8b5fb4,England,English,Psychology,1st Year,18-21,Female/Woman,Dyslexia,2,3,2,5,5,2,2,3,4,1,1,5,4,1
1bf50b5f,England,English,Psychology,2nd Year,18-21,Female/Woman,I do not have an SpLD,3,2,4,2,4,3,4,3,4,2,2,4,3,2
1c48b0f7,England,English,Psychology,2nd Year,18-21,Male/Man,I do not have an SpLD,1,1,1,1,2,1,3,1,2,1,1,1,2,1
1c9114d1,England,English,Psychology,1st Year,18-21,Female/Woman,I do not have an SpLD,4,4,3,3,5,2,5,3,5,4,4,4,4,5
1cb27c75,England,English,Psychology,2nd Year,18-21,Female/Woman,I do not have an SpLD,3,1,1,2,4,3,3,2,4,2,1,2,1,2
1cbb57b0,England,English,Psychology,1st Year,18-21,Female/Woman,I do not have an SpLD,2,2,2,2,4,2,4,2,4,2,2,3,4,2
1d5bbf43,England,English,Psychology,2nd Year,18-21,Female/Woman,I do not have an SpLD,2,1,1,1,4,1,4,3,4,1,1,1,3,1
1df05637,England,English,Psychology,1st Year,18-21,Female/Woman,I do not have an SpLD,5,2,2,3,5,1,4,3,5,2,1,2,2,1
1f38c553,England,English,Psychology,1st Year,18-21,Female/Woman,I do not have an SpLD,3,3,3,3,3,3,3,3,3,3,3,2,3,3
202768bc,England,English,Psychology,2nd Year,18-21,Female/Woman,I do not have an SpLD,3,3,2,1,4,1,5,2,4,2,1,2,4,1
21393b2f,England,English,Psychology,1st Year,18-21,Female/Woman,Other - Redacted,5,3,5,3,5,4,5,5,3,5,5,3,5,5
2153c101,England,English,Psychology,2nd Year,18-21,Female/Woman,I do not have an SpLD,3,3,3,3,3,1,5,2,5,4,3,4,2,3
21570534,England,English,Psychology,2nd Year,18-21,Female/Woman,I do not have an SpLD,4,4,3,3,4,1,5,3,4,3,5,2,5,3
23830cca,England,English,Psychology,2nd Year,18-21,Male/Man,Other - Autism Spectrum Disorder,3,2,2,3,4,3,4,2,3,1,2,3,1,2
25b204fd,England,English,Psychology,1st Year,18-21,Female/Woman,I do not have an SpLD,5,4,5,3,4,2,4,3,5,5,4,5,3,3
25c4f27b,England,English,Psychology,2nd Year,18-21,Female/Woman,I do not have an SpLD,2,1,2,1,3,1,3,1,2,1,1,1,2,1
27a03041,England,English,Psychology,1st Year,18-21,Female/Woman,I do not have an SpLD,3,2,3,3,4,2,3,2,3,4,3,3,3,3
27dfff95,England,English,Psychology,2nd Year,22-25,Female/Woman,I do not have an SpLD,4,3,3,3,5,2,5,2,5,1,2,2,2,3
2995fa0b,England,English,Psychology,2nd Year,18-21,Female/Woman,I do not have an SpLD,4,4,4,4,5,4,4,4,5,4,4,4,3,4
29c83481,England,English,Psychology,1st Year,18-21,Female/Woman,Dyslexia,4,4,4,3,5,3,5,3,5,4,5,4,4,4
29cc4cdf,England,English,Psychology,2nd Year,18-21,Female/Woman,I do not have an SpLD,4,4,1,2,4,3,4,1,4,3,2,5,3,1
2a447dd3,England,English,Psychology,1st Year,18-21,Female/Woman,I do not have an SpLD,3,2,2,2,4,2,4,2,3,4,4,2,3,4
2a776f53,England,English,Psychology,2nd Year,18-21,Female/Woman,NA,3,2,4,2,4,2,5,2,5,2,3,2,4,4
2bc79d26,England,English,Psychology,1st Year,18-21,Another Gender,NA,3,3,3,4,5,2,4,4,4,5,5,4,5,5
2bd9717a,England,English,Psychology,1st Year,18-21,Female/Woman,I do not have an SpLD,2,3,2,3,3,3,3,2,3,3,4,3,1,4
2d2751cf,England,English,Psychology,2nd Year,18-21,Male/Man,I do not have an SpLD,3,3,3,2,4,1,3,3,4,3,3,4,4,2
2d9fd4bb,England,English,Psychology,1st Year,18-21,Female/Woman,Other - Redacted,3,4,3,3,5,3,5,4,4,4,3,2,2,3
2dcf381b,England,English,Psychology,1st Year,18-21,Female/Woman,I do not have an SpLD,4,2,1,2,4,1,4,1,4,4,4,2,1,4
2f1afb88,England,English,Psychology,1st Year,18-21,Female/Woman,NA,2,4,3,1,2,3,5,1,1,5,5,1,1,5
3007fc6f,England,English,Psychology,2nd Year,18-21,Female/Woman,I do not have an SpLD,3,2,2,1,4,2,4,2,4,4,4,2,4,3
30d5fa09,England,English,Psychology,2nd Year,18-21,Male/Man,I do not have an SpLD,3,3,1,3,2,1,3,2,3,2,4,3,3,4
30f9d550,England,English,Psychology,1st Year,18-21,Female/Woman,I do not have an SpLD,4,2,1,1,4,1,5,2,4,4,5,3,2,4
32480fbf,England,English,Psychology,2nd Year,18-21,Female/Woman,NA,3,3,3,4,4,3,3,3,4,4,4,4,3,4
32815ab0,England,English,Psychology,1st Year,18-21,Female/Woman,I do not have an SpLD,2,3,2,3,5,3,5,1,5,5,4,3,5,1
32f28a97,England,English,Psychology,2nd Year,18-21,Female/Woman,I do not have an SpLD,3,3,2,3,2,1,3,2,4,2,2,3,2,1
32fa08ff,England,English,Psychology,2nd Year,18-21,Female/Woman,I do not have an SpLD,4,2,3,1,4,1,3,5,3,3,4,4,4,4
33af8f1c,England,English,Psychology,2nd Year,18-21,Female/Woman,I do not have an SpLD,4,2,3,2,5,1,5,1,5,2,3,2,1,2
33c32d14,England,English,Psychology,1st Year,18-21,Female/Woman,Dyslexia,1,1,2,1,2,1,3,1,2,1,1,1,1,1
3588b1f9,England,English,Psychology,2nd Year,18-21,Female/Woman,NA,4,4,3,3,5,1,5,4,5,4,3,4,3,2
35c39aa8,England,English,Psychology,2nd Year,18-21,Female/Woman,Dyslexia,4,4,2,3,4,1,5,4,5,4,4,4,4,2
35f8c920,England,English,Psychology,1st Year,18-21,Female/Woman,I do not have an SpLD,2,2,2,2,5,1,5,3,4,2,2,1,5,2
35f96d75,England,English,Psychology,1st Year,18-21,Female/Woman,I do not have an SpLD,3,2,2,1,5,3,5,2,4,2,1,2,3,2
3958da93,England,English,Psychology,2nd Year,18-21,Female/Woman,I do not have an SpLD,3,1,1,1,5,1,5,4,5,5,5,1,5,5
3b259420,England,English,Psychology,2nd Year,18-21,Male/Man,I do not have an SpLD,5,3,3,3,3,3,2,3,2,2,4,2,2,1
3b37f370,England,English,Psychology,1st Year,18-21,Female/Woman,I do not have an SpLD,3,3,2,3,4,1,4,2,4,1,1,3,4,1
3c2d6508,England,English,Psychology,1st Year,18-21,Female/Woman,I do not have an SpLD,3,5,5,3,4,3,3,1,3,2,2,1,1,1
3ff8cfac,England,English,Psychology,1st Year,18-21,Female/Woman,I do not have an SpLD,3,2,1,1,3,1,3,1,4,2,3,2,2,3
414dfdb6,England,English,Psychology,2nd Year,18-21,Female/Woman,I do not have an SpLD,4,4,5,3,4,3,4,3,4,2,2,4,5,1
41827f0f,England,English,Psychology,2nd Year,18-21,Female/Woman,I do not have an SpLD,3,2,1,2,5,1,4,4,4,1,1,3,1,1
42f331b9,England,English,Psychology,1st Year,18-21,Female/Woman,NA,5,4,5,5,5,3,5,5,4,4,2,5,4,2
449f050f,England,English,Psychology,2nd Year,18-21,Male/Man,I do not have an SpLD,2,1,2,1,3,1,3,2,3,2,2,2,2,2
44da86bf,England,English,Psychology,2nd Year,18-21,Another Gender,Dyslexia,2,1,2,1,1,2,2,1,2,1,1,2,3,1
45279dff,England,English,Psychology,2nd Year,18-21,Female/Woman,I do not have an SpLD,3,3,3,2,3,1,5,4,3,5,5,2,2,5
45975f7a,England,English,Psychology,1st Year,18-21,Female/Woman,I do not have an SpLD,3,2,2,2,4,1,3,2,3,2,2,2,4,1
4743370f,England,English,Psychology,2nd Year,18-21,Female/Woman,Dyslexia,3,2,1,2,5,1,5,2,4,4,2,1,3,2
48397459,England,English,Psychology,1st Year,18-21,Female/Woman,I do not have an SpLD,1,1,2,2,1,1,1,3,1,3,3,1,1,3
48f04189,England,English,Psychology,1st Year,18-21,Female/Woman,I do not have an SpLD,5,3,5,5,5,1,5,5,5,5,5,5,5,5
4b6c65d9,England,English,Psychology,2nd Year,18-21,Female/Woman,I do not have an SpLD,4,3,1,3,5,4,4,3,4,3,2,4,1,2
4b996ff1,England,English,Psychology,1st Year,18-21,Female/Woman,Other - Undiagnosed Dyspraxia,4,2,3,2,5,1,5,1,4,3,3,2,3,2
4bff8b26,England,English,Psychology,2nd Year,18-21,Female/Woman,I do not have an SpLD,2,1,4,3,4,4,3,1,5,3,2,3,3,3
4f7dd56b,England,English,Psychology,2nd Year,18-21,Female/Woman,I do not have an SpLD,5,3,3,3,5,3,5,3,5,3,3,3,5,3
4fcb5197,England,English,Psychology,2nd Year,18-21,Female/Woman,I do not have an SpLD,4,1,1,1,5,1,5,1,5,3,2,1,4,2
4ff07f29,England,English,Psychology,1st Year,18-21,Female/Woman,I do not have an SpLD,3,2,3,2,4,2,4,4,4,2,3,3,3,3
501f4f34,England,English,Psychology,1st Year,18-21,Female/Woman,I do not have an SpLD,4,2,4,2,4,3,5,4,5,2,2,2,5,2
50dfd67f,England,English,Psychology,2nd Year,18-21,Female/Woman,I do not have an SpLD,4,1,1,3,5,3,5,3,5,4,4,2,5,4
523dab89,England,English,Psychology,2nd Year,18-21,Female/Woman,I do not have an SpLD,2,1,1,1,4,1,4,1,4,3,3,2,3,2
53047377,England,English,Psychology,1st Year,18-21,Female/Woman,I do not have an SpLD,2,3,3,2,3,3,3,1,2,3,3,2,2,2
539b88a9,England,English,Psychology,2nd Year,18-21,Female/Woman,NA,3,3,2,3,4,2,2,2,4,2,2,3,3,2
554d9fc8,England,English,Psychology,1st Year,18-21,Female/Woman,I do not have an SpLD,2,1,2,1,3,1,3,2,3,2,2,1,2,2
55791ad2,England,English,Psychology,1st Year,18-21,Female/Woman,I do not have an SpLD,3,3,2,2,3,2,4,3,2,3,2,3,2,1
55d223d2,England,English,Psychology,1st Year,18-21,Female/Woman,I do not have an SpLD,1,2,3,2,2,1,2,2,4,2,2,1,4,2
5822b96d,England,English,Psychology,1st Year,18-21,Female/Woman,I do not have an SpLD,4,3,2,2,5,1,5,2,4,2,2,4,4,2
59ca0cf3,England,English,Psychology,1st Year,18-21,Female/Woman,I do not have an SpLD,4,4,3,2,5,1,4,3,3,2,1,4,2,1
5a238a21,England,English,Psychology,2nd Year,22-25,Female/Woman,I do not have an SpLD,5,4,2,2,5,2,5,4,5,5,5,4,4,4
5b8fc7f6,England,English,Psychology,2nd Year,18-21,Female/Woman,I do not have an SpLD,1,2,1,2,3,1,1,2,3,2,2,2,1,2
5ba9fd8d,England,English,Psychology,2nd Year,22-25,Female/Woman,I do not have an SpLD,4,4,4,2,4,2,4,2,4,4,2,3,5,2
5bb58b05,England,English,Psychology,1st Year,18-21,Male/Man,I do not have an SpLD,3,3,2,3,3,1,3,3,4,4,3,4,3,3
5c3033c2,England,English,Psychology,1st Year,18-21,Female/Woman,I do not have an SpLD,5,3,4,3,5,1,3,3,5,4,3,3,3,4
5c30bd0a,England,English,Psychology,1st Year,18-21,Female/Woman,I do not have an SpLD,5,2,2,3,5,4,5,2,5,2,4,3,4,4
5c9d71c3,England,English,Psychology,1st Year,18-21,Female/Woman,I do not have an SpLD,4,4,1,4,3,1,5,2,4,1,2,4,3,1
5d120ff0,England,English,Psychology,2nd Year,18-21,Female/Woman,I do not have an SpLD,3,2,2,2,5,1,5,2,5,3,2,2,2,1
5fb34ab1,England,English,Psychology,2nd Year,22-25,Female/Woman,I do not have an SpLD,2,4,2,4,3,1,2,3,2,2,1,4,3,2
5fff98cf,England,English,Psychology,1st Year,18-21,Female/Woman,I do not have an SpLD,5,5,5,4,4,4,5,4,5,4,3,4,5,2
600596a7,England,English,Psychology,1st Year,22-25,Female/Woman,I do not have an SpLD,2,1,2,1,3,1,4,1,4,2,2,2,3,1
609f6244,England,English,Psychology,1st Year,18-21,Female/Woman,I do not have an SpLD,4,4,5,4,4,3,4,4,4,4,3,4,4,3
60fcf936,England,English,Psychology,1st Year,18-21,Male/Man,I do not have an SpLD,5,4,4,3,5,2,4,3,3,2,4,3,3,5
6176d333,England,English,Psychology,2nd Year,18-21,Female/Woman,I do not have an SpLD,2,1,1,1,1,1,2,1,2,1,1,1,1,1
617c4f38,England,English,Psychology,1st Year,18-21,Female/Woman,I do not have an SpLD,4,5,4,4,4,2,5,4,5,5,4,4,4,4
61bb1f7c,England,English,Psychology,2nd Year,18-21,Female/Woman,I do not have an SpLD,3,2,2,2,4,1,4,1,4,2,3,2,2,2
627db7cb,England,English,Psychology,1st Year,18-21,Female/Woman,I do not have an SpLD,2,2,2,2,3,1,3,2,4,2,2,2,4,2
62948d80,England,English,Psychology,1st Year,18-21,Female/Woman,I do not have an SpLD,3,3,3,3,4,2,4,2,4,2,2,3,3,2
6477bf02,England,English,Psychology,2nd Year,18-21,Female/Woman,I do not have an SpLD,4,3,2,3,4,1,4,1,4,4,4,2,1,4
64bf93a7,England,English,Psychology,1st Year,18-21,Female/Woman,I do not have an SpLD,4,4,3,3,5,1,5,3,5,4,4,3,4,4
66f4183f,England,English,Psychology,2nd Year,18-21,Female/Woman,I do not have an SpLD,4,3,3,1,5,1,3,3,5,2,3,4,4,2
676d82a6,England,English,Psychology,2nd Year,18-21,Female/Woman,I do not have an SpLD,3,2,1,1,5,1,4,1,4,1,2,2,2,1
68338f87,England,English,Psychology,1st Year,18-21,Male/Man,I do not have an SpLD,5,4,4,4,4,3,4,4,5,4,3,4,5,2
68955dfd,England,English,Psychology,1st Year,18-21,Female/Woman,I do not have an SpLD,3,4,3,4,4,4,4,4,4,2,4,4,2,4
6938a1dc,England,English,Psychology,2nd Year,18-21,Female/Woman,I do not have an SpLD,4,2,3,2,5,1,5,4,5,2,1,4,4,2
69c092a5,England,English,Psychology,1st Year,18-21,Male/Man,I do not have an SpLD,1,2,2,3,2,2,2,2,3,2,2,3,1,2
6fd23194,England,English,Psychology,1st Year,18-21,Female/Woman,I do not have an SpLD,3,2,2,2,4,1,4,2,4,2,2,3,2,2
6fdbf0d0,England,English,Psychology,1st Year,18-21,Female/Woman,I do not have an SpLD,3,2,2,2,4,3,4,1,3,2,2,2,2,2
71c16712,England,English,Psychology,2nd Year,18-21,Female/Woman,I do not have an SpLD,4,4,4,3,5,3,5,4,5,4,3,3,3,3
71c5353b,England,English,Psychology,2nd Year,18-21,Male/Man,I do not have an SpLD,2,2,1,2,2,1,1,1,3,2,2,2,4,4
727c2cf5,England,English,Psychology,2nd Year,18-21,Female/Woman,I do not have an SpLD,4,4,4,3,4,3,4,2,4,2,2,2,3,2
72acc52b,England,English,Psychology,1st Year,18-21,Female/Woman,I do not have an SpLD,3,2,2,3,4,2,4,3,4,4,4,2,4,3
73539001,England,English,Psychology,1st Year,18-21,Female/Woman,I do not have an SpLD,2,1,2,1,4,1,4,2,3,1,2,1,3,1
7436799b,England,English,Psychology,2nd Year,18-21,Female/Woman,I do not have an SpLD,5,3,4,2,5,1,5,5,5,4,4,4,4,2
76a6c220,England,English,Psychology,2nd Year,18-21,Female/Woman,I do not have an SpLD,3,2,3,2,4,1,4,1,3,3,3,2,1,3
77ac2292,England,English,Psychology,1st Year,18-21,Female/Woman,I do not have an SpLD,4,2,3,1,3,1,3,2,2,1,1,3,2,1
77f46442,England,English,Psychology,1st Year,18-21,Male/Man,I do not have an SpLD,3,2,3,1,3,1,3,2,4,2,2,2,2,2
785a6384,England,English,Psychology,2nd Year,18-21,Female/Woman,I do not have an SpLD,2,3,2,2,3,3,3,1,3,2,3,2,1,2
786c47b7,England,English,Psychology,1st Year,18-21,Male/Man,I do not have an SpLD,2,2,1,2,3,1,3,2,3,2,2,2,1,2
78ba7b4a,England,English,Psychology,1st Year,18-21,Female/Woman,I do not have an SpLD,5,3,4,3,5,3,5,4,5,4,3,3,5,3
7a903faf,England,English,Psychology,1st Year,18-21,Female/Woman,I do not have an SpLD,3,4,5,5,3,4,3,2,3,1,3,5,3,2
7c3ff362,England,English,Psychology,2nd Year,18-21,Male/Man,I do not have an SpLD,2,2,2,3,4,1,4,3,5,3,3,3,3,3
7c813a53,England,English,Psychology,1st Year,18-21,Another Gender,I do not have an SpLD,2,1,1,1,4,1,4,1,3,3,4,1,3,4
7df0db46,England,English,Psychology,1st Year,18-21,Female/Woman,I do not have an SpLD,4,4,3,3,5,3,4,3,5,4,4,3,4,3
7f791fc0,England,English,Psychology,1st Year,18-21,Female/Woman,NA,3,2,2,2,3,1,2,2,2,2,2,2,2,2
7f7f0054,England,English,Psychology,1st Year,18-21,Female/Woman,I do not have an SpLD,2,5,2,4,3,1,4,2,2,3,4,5,1,2
7f9b90df,England,English,Psychology,2nd Year,18-21,Female/Woman,I do not have an SpLD,4,1,2,1,4,1,4,2,4,3,3,1,4,3
80832f8b,England,English,Psychology,1st Year,18-21,Female/Woman,I do not have an SpLD,3,1,1,2,3,1,4,2,3,2,1,2,2,1
808ac87c,England,English,Psychology,1st Year,18-21,Female/Woman,I do not have an SpLD,4,3,2,1,2,2,4,2,4,2,2,1,5,2
80a34b7c,England,English,Psychology,2nd Year,18-21,Female/Woman,NA,4,2,3,1,5,1,5,2,4,2,1,2,5,2
80f3d532,England,English,Psychology,1st Year,18-21,Female/Woman,I do not have an SpLD,2,2,2,4,4,3,3,3,4,4,4,3,2,4
82c27ffc,England,English,Psychology,1st Year,18-21,Female/Woman,I do not have an SpLD,5,5,4,5,5,4,3,2,4,1,1,5,4,5
83444df9,England,English,Psychology,2nd Year,18-21,Female/Woman,I do not have an SpLD,2,1,2,2,4,1,4,2,4,2,3,2,1,4
8379357f,England,English,Psychology,1st Year,18-21,Female/Woman,I do not have an SpLD,3,2,1,1,5,1,5,1,5,1,1,3,5,1
83806b65,England,English,Psychology,2nd Year,18-21,Female/Woman,I do not have an SpLD,5,4,4,3,5,3,5,2,5,5,5,4,5,5
8428f724,England,English,Psychology,1st Year,18-21,Male/Man,I do not have an SpLD,1,2,1,2,3,1,3,1,2,2,1,2,1,1
868d32f3,England,English,Psychology,2nd Year,18-21,Female/Woman,I do not have an SpLD,3,3,3,3,4,2,4,2,3,2,2,3,4,2
86c8f7cf,England,English,Psychology,1st Year,18-21,Male/Man,I do not have an SpLD,1,1,1,1,1,1,1,1,2,1,1,1,3,1
878bdf2f,England,English,Psychology,2nd Year,18-21,Female/Woman,I do not have an SpLD,5,4,4,3,4,4,4,4,5,4,4,4,4,4
8812fad1,England,English,Psychology,NA,NA,NA,NA,1,1,1,1,2,1,2,1,2,2,1,1,2,1
893cb938,England,English,Psychology,2nd Year,18-21,Female/Woman,I do not have an SpLD,2,1,2,1,4,3,3,2,4,2,2,2,4,3
89b724c2,England,English,Psychology,1st Year,18-21,Female/Woman,I do not have an SpLD,4,3,3,3,4,1,5,2,4,3,2,2,3,2
8a4df07b,England,English,Psychology,2nd Year,18-21,Female/Woman,I do not have an SpLD,3,1,2,1,5,1,5,2,4,5,5,1,3,5
8aabcbf3,England,English,Psychology,2nd Year,18-21,Female/Woman,I do not have an SpLD,3,2,4,2,4,4,4,2,4,4,5,2,4,4
8ac41968,England,English,Psychology,2nd Year,18-21,Female/Woman,I do not have an SpLD,4,1,2,1,3,3,4,1,4,2,2,4,3,4
8b5323b6,England,English,Psychology,1st Year,18-21,Female/Woman,I do not have an SpLD,5,4,4,4,5,1,5,4,5,4,5,1,4,5
8bcaf101,England,English,Psychology,2nd Year,18-21,Male/Man,I do not have an SpLD,4,4,3,3,5,4,5,4,5,3,4,4,4,4
8cc53491,England,English,Psychology,1st Year,18-21,Female/Woman,I do not have an SpLD,3,3,3,3,5,1,4,3,4,3,2,2,3,2
8f05d827,England,English,Psychology,2nd Year,18-21,Female/Woman,I do not have an SpLD,3,4,2,3,4,1,4,2,4,1,1,4,1,2
8f19d274,England,English,Psychology,2nd Year,18-21,Female/Woman,I do not have an SpLD,5,3,4,3,5,1,4,4,4,3,3,3,4,2
8fa9b014,England,English,Psychology,2nd Year,18-21,Female/Woman,I do not have an SpLD,2,1,2,1,4,1,4,1,3,1,1,1,4,1
9141bf96,England,English,Psychology,2nd Year,22-25,Male/Man,I do not have an SpLD,2,2,2,2,2,2,2,2,3,1,2,2,2,3
94a9b0fd,England,English,Psychology,1st Year,18-21,Male/Man,I do not have an SpLD,2,2,2,2,3,2,2,3,2,3,4,4,4,2
94aa6233,England,English,Psychology,2nd Year,18-21,Female/Woman,I do not have an SpLD,4,3,3,2,4,1,4,5,5,5,3,2,3,4
94f26f26,England,English,Psychology,2nd Year,18-21,Male/Man,I do not have an SpLD,2,2,4,1,3,2,3,1,2,3,3,2,2,2
96a94825,England,English,Psychology,2nd Year,18-21,Male/Man,I do not have an SpLD,4,3,2,3,4,2,4,4,4,1,2,5,2,2
97c6910d,England,English,Psychology,1st Year,18-21,Female/Woman,I do not have an SpLD,4,3,3,4,5,1,5,2,5,2,2,4,3,2
9864f6f1,England,English,Psychology,2nd Year,18-21,Female/Woman,NA,2,2,2,1,3,1,3,3,3,2,2,2,1,2
99aa6d1f,England,English,Psychology,2nd Year,18-21,Female/Woman,I do not have an SpLD,2,2,3,2,5,2,5,4,5,5,5,2,5,4
99b09d8d,England,English,Psychology,1st Year,18-21,Female/Woman,I do not have an SpLD,5,5,4,3,5,4,5,5,5,5,5,5,4,5
99d49bf8,England,English,Psychology,1st Year,18-21,Female/Woman,I do not have an SpLD,3,3,3,1,3,1,3,2,3,1,1,3,1,1
9afd72b2,England,English,Psychology,2nd Year,18-21,Female/Woman,I do not have an SpLD,3,1,3,1,5,1,5,2,5,4,3,1,1,3
9c60d31c,England,English,Psychology,2nd Year,18-21,Female/Woman,I do not have an SpLD,3,1,1,1,4,3,3,1,4,3,2,1,1,1
9c6f32f9,England,English,Psychology,1st Year,18-21,Female/Woman,I do not have an SpLD,4,2,3,2,4,2,5,3,3,3,4,2,4,2
9cd45dba,England,English,Psychology,1st Year,18-21,Female/Woman,I do not have an SpLD,4,2,3,2,5,1,5,1,4,1,2,2,2,2
9d3bfa4f,England,English,Psychology,1st Year,18-21,Female/Woman,I do not have an SpLD,5,4,3,2,5,3,2,2,5,4,3,5,3,3
9f90f14d,England,English,Psychology,1st Year,18-21,Female/Woman,I do not have an SpLD,4,3,3,2,4,1,5,2,4,3,2,3,2,2
a1dac969,England,English,Psychology,1st Year,18-21,Male/Man,I do not have an SpLD,3,2,3,2,3,1,3,2,3,3,2,3,2,2
a3766a95,England,English,Psychology,1st Year,18-21,Female/Woman,I do not have an SpLD,3,3,1,1,4,1,4,1,2,1,1,2,3,1
a40b0b9b,England,English,Psychology,1st Year,18-21,Female/Woman,I do not have an SpLD,3,3,4,2,3,2,3,3,4,3,3,3,3,4
a49d4271,England,English,Psychology,2nd Year,18-21,Female/Woman,I do not have an SpLD,5,2,2,1,5,1,5,2,5,4,4,3,3,3
a51a446b,England,English,Psychology,1st Year,18-21,Female/Woman,Dyslexia,5,5,5,4,5,1,5,5,5,2,2,5,3,2
a54688ac,England,English,Psychology,2nd Year,18-21,Male/Man,I do not have an SpLD,4,2,4,2,4,1,4,4,4,2,2,4,4,2
a5711527,England,English,Psychology,2nd Year,18-21,Female/Woman,I do not have an SpLD,3,2,2,2,4,3,4,4,5,3,2,2,2,3
a6087f01,England,English,Psychology,2nd Year,18-21,Male/Man,I do not have an SpLD,3,3,3,2,4,1,4,2,4,3,3,3,3,2
a70fc408,England,English,Psychology,1st Year,18-21,Female/Woman,NA,3,2,1,1,4,1,4,2,4,1,1,2,3,1
a7f6803d,England,English,Psychology,2nd Year,18-21,Female/Woman,I do not have an SpLD,2,2,2,2,4,2,5,2,4,4,2,3,4,2
a7fb3a9f,England,English,Psychology,2nd Year,18-21,Female/Woman,I do not have an SpLD,3,2,2,2,4,3,4,2,4,1,1,2,2,1
a883100f,England,English,Psychology,2nd Year,18-21,Female/Woman,I do not have an SpLD,4,4,3,3,4,4,4,2,5,2,3,2,2,3
a9fb824a,England,English,Psychology,1st Year,18-21,Female/Woman,I do not have an SpLD,1,2,1,3,4,1,1,3,4,1,1,3,3,1
abd6dc2b,England,English,Psychology,2nd Year,18-21,Female/Woman,I do not have an SpLD,4,2,3,2,4,1,5,4,4,3,2,3,4,3
ac1d66b2,England,English,Psychology,2nd Year,18-21,Female/Woman,I do not have an SpLD,2,3,2,3,3,1,3,2,3,1,1,3,3,1
ac504a23,England,English,Psychology,2nd Year,18-21,Female/Woman,I do not have an SpLD,5,3,3,3,5,3,5,3,5,3,3,3,5,3
af41939f,England,English,Psychology,2nd Year,18-21,Female/Woman,I do not have an SpLD,1,1,1,1,4,1,4,1,4,1,1,2,4,1
af54b9f1,England,English,Psychology,2nd Year,18-21,Female/Woman,NA,4,1,2,1,5,1,5,1,5,2,2,1,3,1
af79da67,England,English,Psychology,1st Year,18-21,Female/Woman,I do not have an SpLD,5,2,2,2,4,3,4,1,5,3,4,4,4,5
afa2f198,England,English,Psychology,2nd Year,18-21,Female/Woman,I do not have an SpLD,4,4,2,2,4,2,5,4,5,4,4,2,4,2
b0486f1a,England,English,Psychology,1st Year,18-21,Female/Woman,I do not have an SpLD,2,3,3,2,3,2,3,3,3,3,2,2,3,2
b0486f84,England,English,Psychology,2nd Year,18-21,Female/Woman,I do not have an SpLD,4,2,3,3,3,4,4,3,3,1,2,3,3,1
b12c2351,England,English,Psychology,1st Year,18-21,Female/Woman,I do not have an SpLD,4,5,4,4,5,4,4,4,4,2,2,4,4,2
b1a94173,England,English,Psychology,2nd Year,18-21,Female/Woman,I do not have an SpLD,2,1,1,1,2,1,2,1,2,1,2,2,1,1
b25b1ffc,England,English,Psychology,1st Year,18-21,Female/Woman,I do not have an SpLD,3,2,3,3,5,3,5,2,5,2,4,3,4,2
b2f25cba,England,English,Psychology,2nd Year,18-21,Female/Woman,Dyslexia,2,4,1,4,5,1,5,2,5,2,2,4,3,2
b3890b05,England,English,Psychology,2nd Year,18-21,Female/Woman,I do not have an SpLD,3,1,2,1,3,1,4,1,4,1,1,2,3,1
b3918dc5,England,English,Psychology,2nd Year,18-21,Female/Woman,I do not have an SpLD,3,3,3,2,4,2,4,2,1,2,2,2,2,2
b4c94335,England,English,Psychology,1st Year,18-21,Female/Woman,I do not have an SpLD,4,2,3,3,4,3,4,2,4,3,3,3,3,2
b5ff21fc,England,English,Psychology,1st Year,18-21,Female/Woman,I do not have an SpLD,3,2,1,3,4,1,4,2,3,2,4,3,3,2
b5ff7798,England,English,Psychology,1st Year,18-21,Female/Woman,I do not have an SpLD,3,3,4,3,5,2,4,3,5,2,4,4,4,2
b73a3d88,England,English,Psychology,2nd Year,18-21,Female/Woman,I do not have an SpLD,4,3,4,1,4,1,4,3,5,2,2,5,5,2
b81acf20,England,English,Psychology,2nd Year,18-21,Female/Woman,Dyslexia,4,3,4,3,5,3,4,5,5,3,3,4,5,2
b8468c2f,England,English,Psychology,2nd Year,18-21,Female/Woman,I do not have an SpLD,3,2,1,2,3,3,4,1,4,2,1,2,2,1
b8d154f8,England,English,Psychology,1st Year,18-21,Female/Woman,I do not have an SpLD,2,2,3,2,4,2,4,2,4,1,2,2,3,2
b9543b0d,England,English,Psychology,1st Year,18-21,Female/Woman,ADHD/ADD,4,5,4,4,5,4,5,4,5,4,5,5,5,2
b9dd3739,England,English,Psychology,2nd Year,18-21,Female/Woman,I do not have an SpLD,3,4,4,4,5,1,4,4,4,4,4,4,4,4
ba0b8fad,England,English,Psychology,1st Year,18-21,Female/Woman,I do not have an SpLD,3,2,3,2,2,2,1,2,3,1,2,3,1,2
baa3975d,England,English,Psychology,1st Year,18-21,Female/Woman,I do not have an SpLD,3,3,3,3,4,4,4,3,3,3,3,4,3,3
badcb495,England,English,Psychology,1st Year,18-21,Female/Woman,I do not have an SpLD,2,3,3,2,3,2,4,2,3,3,2,4,3,2
bb2644ca,England,English,Psychology,2nd Year,18-21,Female/Woman,I do not have an SpLD,4,2,2,2,5,2,5,3,4,2,2,4,3,1
bb4865fb,England,English,Psychology,2nd Year,26+,Female/Woman,I do not have an SpLD,2,2,1,2,4,3,4,1,4,1,1,2,1,1
bb5c3926,England,English,Psychology,1st Year,26+,Male/Man,I do not have an SpLD,2,3,1,1,2,2,2,2,2,2,2,3,2,2
bb69844f,England,English,Psychology,2nd Year,18-21,Female/Woman,I do not have an SpLD,3,2,2,3,4,2,3,2,3,3,3,2,2,3
bc6fa1fc,England,English,Psychology,2nd Year,18-21,Female/Woman,I do not have an SpLD,2,1,2,1,2,1,1,1,2,1,1,1,2,1
bcc57ff3,England,English,Psychology,2nd Year,18-21,Female/Woman,I do not have an SpLD,4,3,3,4,5,2,3,3,5,5,5,2,4,3
bd8dfbba,England,English,Psychology,1st Year,18-21,Female/Woman,I do not have an SpLD,3,3,2,3,4,4,4,1,4,4,4,3,4,2
bdbbd911,England,English,Psychology,2nd Year,18-21,Female/Woman,I do not have an SpLD,4,1,3,3,4,1,4,3,4,3,3,3,2,3
bf56651c,England,English,Psychology,2nd Year,18-21,Female/Woman,I do not have an SpLD,5,2,3,3,5,2,5,2,4,4,4,4,5,3
bf5f65fd,England,English,Psychology,1st Year,18-21,Female/Woman,I do not have an SpLD,2,3,1,2,4,1,4,1,2,3,2,3,1,1
bf787b8b,England,English,Psychology,2nd Year,18-21,Female/Woman,I do not have an SpLD,3,2,3,1,5,1,5,2,5,5,5,2,3,4
bf7ff9ab,England,English,Psychology,1st Year,18-21,Female/Woman,I do not have an SpLD,4,2,2,3,4,3,3,3,1,1,2,3,1,3
c0d4df5f,England,English,Psychology,2nd Year,18-21,Female/Woman,I do not have an SpLD,3,3,1,2,3,1,3,1,3,3,3,2,2,3
c1232440,England,English,Psychology,1st Year,18-21,Female/Woman,I do not have an SpLD,4,3,2,3,3,2,3,3,3,3,2,3,3,2
c3c697d7,England,English,Psychology,1st Year,18-21,Female/Woman,Dyslexia,4,3,3,3,4,2,4,3,4,4,5,3,4,2
c3f6b0ff,England,English,Psychology,1st Year,18-21,Female/Woman,I do not have an SpLD,4,3,2,3,5,1,5,3,5,3,3,3,4,3
c47cf9a3,England,English,Psychology,2nd Year,18-21,Female/Woman,I do not have an SpLD,4,4,3,4,4,1,3,4,3,4,4,3,4,4
c4cdacf4,England,English,Psychology,1st Year,18-21,Female/Woman,I do not have an SpLD,3,1,1,1,4,1,4,1,3,1,1,1,3,1
c5ba8159,England,English,Psychology,2nd Year,18-21,Female/Woman,Dyslexia,2,1,3,1,3,1,3,1,2,1,1,2,1,1
c5c3cff8,England,English,Psychology,2nd Year,18-21,Female/Woman,I do not have an SpLD,3,2,1,3,4,2,3,3,3,2,2,3,3,1
c5cf7522,England,English,Psychology,1st Year,18-21,Female/Woman,I do not have an SpLD,2,1,1,1,4,1,5,2,4,2,1,1,2,1
c6349a55,England,English,Psychology,1st Year,18-21,Female/Woman,I do not have an SpLD,2,1,1,2,3,1,2,2,3,1,2,2,3,2
c6cc1a4c,England,English,Psychology,1st Year,18-21,Male/Man,I do not have an SpLD,5,4,3,3,5,2,5,3,5,2,2,3,5,2
c717a4cf,England,English,Psychology,2nd Year,18-21,Female/Woman,I do not have an SpLD,3,1,2,2,4,3,5,2,4,2,2,4,3,1
c774f33b,England,English,Psychology,1st Year,18-21,Male/Man,I do not have an SpLD,2,2,2,2,4,1,4,3,5,3,2,2,1,3
c8454d0f,England,English,Psychology,2nd Year,18-21,Female/Woman,I do not have an SpLD,4,3,4,3,5,4,5,3,5,4,3,3,4,4
c8d92b48,England,English,Psychology,2nd Year,18-21,Female/Woman,I do not have an SpLD,3,3,2,3,5,1,5,3,5,3,2,3,4,3
c971f675,England,English,Psychology,2nd Year,18-21,Female/Woman,I do not have an SpLD,5,3,3,2,5,3,5,3,5,4,3,3,4,2
ca013d3a,England,English,Psychology,1st Year,18-21,Female/Woman,I do not have an SpLD,3,2,2,2,4,1,3,1,4,2,2,2,1,2
ca918972,England,English,Psychology,2nd Year,18-21,Female/Woman,I do not have an SpLD,3,2,3,3,4,1,3,3,4,3,3,2,3,3
cda8101d,England,English,Psychology,2nd Year,18-21,Male/Man,I do not have an SpLD,2,1,2,2,2,1,2,1,2,2,2,1,1,3
cf10cf96,England,English,Psychology,2nd Year,22-25,Female/Woman,I do not have an SpLD,4,4,2,3,4,1,3,4,4,2,2,4,2,2
cf1292a4,England,English,Psychology,1st Year,18-21,Female/Woman,I do not have an SpLD,4,4,4,4,5,3,4,4,5,4,4,4,4,3
cfb56b71,England,English,Psychology,1st Year,18-21,Female/Woman,I do not have an SpLD,4,1,1,1,1,1,4,1,3,2,3,2,4,1
cff68c1f,England,English,Psychology,2nd Year,18-21,Female/Woman,I do not have an SpLD,3,2,3,2,5,1,5,3,4,1,1,2,3,4
d46fb1c3,England,English,Psychology,1st Year,18-21,Female/Woman,I do not have an SpLD,2,1,1,1,2,1,2,1,2,2,1,1,2,1
d4b802f2,England,English,Psychology,1st Year,18-21,Female/Woman,I do not have an SpLD,2,1,2,1,5,2,3,2,3,5,5,2,3,3
d4fa37ca,England,English,Psychology,1st Year,18-21,Female/Woman,NA,2,2,2,2,2,2,2,2,2,2,3,2,2,2
d54a2c59,England,English,Psychology,2nd Year,18-21,Female/Woman,I do not have an SpLD,5,4,4,3,5,2,5,2,5,4,3,3,4,3
d56c3330,England,English,Psychology,2nd Year,18-21,Female/Woman,I do not have an SpLD,4,2,2,1,5,4,5,2,5,4,5,5,4,4
d5fd4c00,England,English,Psychology,2nd Year,18-21,Female/Woman,I do not have an SpLD,4,1,1,1,4,1,4,1,4,2,2,1,2,2
d662495f,England,English,Psychology,2nd Year,18-21,Female/Woman,I do not have an SpLD,2,2,3,2,3,2,1,3,2,1,1,3,1,1
d6a1031c,England,English,Psychology,1st Year,18-21,Male/Man,I do not have an SpLD,1,2,1,2,3,1,3,2,2,2,2,2,3,2
d6d2f024,England,English,Psychology,2nd Year,18-21,Female/Woman,I do not have an SpLD,1,1,1,1,1,1,1,1,5,1,1,1,3,1
d6f01d4c,England,English,Psychology,2nd Year,18-21,Another Gender,I do not have an SpLD,4,2,2,2,5,4,5,2,4,1,1,4,2,4
d91c8926,England,English,Psychology,1st Year,18-21,Female/Woman,NA,2,1,2,2,2,1,1,1,3,2,2,3,1,1
d9c1d217,England,English,Psychology,2nd Year,18-21,Female/Woman,I do not have an SpLD,4,2,3,2,5,2,4,3,4,3,3,2,2,3
da73b1fd,England,English,Psychology,1st Year,18-21,Female/Woman,I do not have an SpLD,3,3,2,3,2,1,4,3,2,3,3,3,5,4
db12b8f9,England,English,Psychology,2nd Year,18-21,Female/Woman,I do not have an SpLD,3,4,3,2,4,1,2,3,4,4,3,4,2,3
db216659,England,English,Psychology,2nd Year,22-25,Female/Woman,I do not have an SpLD,3,2,2,2,4,1,3,2,4,1,1,2,1,1
dcd2f908,England,English,Psychology,2nd Year,18-21,Male/Man,I do not have an SpLD,3,2,3,2,3,3,1,2,4,3,3,2,1,1
dd9baba9,England,English,Psychology,2nd Year,18-21,Male/Man,I do not have an SpLD,3,2,2,1,4,1,4,1,4,2,2,2,4,2
df20f2cc,England,English,Psychology,1st Year,18-21,Another Gender,I do not have an SpLD,2,1,1,1,3,1,3,1,2,3,3,1,2,2
f0392dcf,England,English,Psychology,2nd Year,18-21,Female/Woman,I do not have an SpLD,2,3,2,2,4,2,5,4,5,2,4,3,2,4
f07dfcfd,England,English,Psychology,2nd Year,18-21,Female/Woman,I do not have an SpLD,4,2,2,2,4,1,5,1,5,2,4,2,4,2
f0bc9ccf,England,English,Psychology,2nd Year,18-21,Female/Woman,I do not have an SpLD,3,2,2,2,4,1,4,2,4,4,2,3,2,1
f0f05363,England,English,Psychology,2nd Year,18-21,Female/Woman,I do not have an SpLD,3,4,3,4,4,2,4,3,5,3,4,4,3,4
f0fa7fa2,England,English,Psychology,2nd Year,18-21,Female/Woman,I do not have an SpLD,1,1,1,1,1,1,2,1,4,5,5,1,5,5
f116ff8a,England,English,Psychology,1st Year,18-21,Female/Woman,Other - Autism Spectrum Disorder,4,4,4,4,4,4,5,4,4,5,5,4,4,4
f12337f0,England,English,Psychology,1st Year,18-21,Female/Woman,I do not have an SpLD,2,2,2,1,3,2,4,4,3,1,1,2,3,1
f154a79f,England,English,Psychology,2nd Year,18-21,Female/Woman,I do not have an SpLD,4,2,3,3,4,1,4,3,3,3,3,3,3,4
f1ff5960,England,English,Psychology,1st Year,18-21,Female/Woman,Other - Autism Spectrum Disorder,4,2,3,2,4,3,3,2,4,5,4,3,3,4
f246d0d0,England,English,Psychology,1st Year,18-21,Female/Woman,I do not have an SpLD,4,3,1,2,4,1,3,3,4,2,3,3,3,2
f26dcb6f,England,English,Psychology,2nd Year,18-21,Female/Woman,I do not have an SpLD,4,3,2,3,5,4,4,2,3,2,2,3,4,1
f27ad07b,England,English,Psychology,2nd Year,18-21,Female/Woman,I do not have an SpLD,4,2,2,2,4,2,4,3,4,3,3,2,4,2
f34fff4d,England,English,Psychology,1st Year,18-21,Male/Man,I do not have an SpLD,3,3,5,4,4,2,3,3,5,4,2,4,4,3
f3606b45,England,English,Psychology,2nd Year,18-21,Female/Woman,I do not have an SpLD,4,3,4,3,5,2,4,2,4,1,2,3,4,2
f3a23b36,England,English,Psychology,1st Year,18-21,Female/Woman,I do not have an SpLD,2,3,3,2,4,2,3,3,3,2,2,3,2,2
f3f996ca,England,English,Psychology,2nd Year,18-21,Female/Woman,NA,3,2,1,2,4,2,4,2,4,2,3,2,1,1
f42d205a,England,English,Psychology,2nd Year,18-21,Female/Woman,I do not have an SpLD,3,4,4,3,4,4,4,4,4,1,1,3,2,2
f46c3152,England,English,Psychology,2nd Year,18-21,Female/Woman,I do not have an SpLD,3,2,3,3,4,3,4,2,3,3,3,2,3,3
f5f8b239,England,English,Psychology,1st Year,18-21,Female/Woman,I do not have an SpLD,3,2,4,1,4,2,5,2,4,2,1,2,4,2
f62da293,England,English,Psychology,1st Year,18-21,Female/Woman,I do not have an SpLD,2,2,2,3,4,4,4,3,3,2,4,3,3,3
f7729357,England,English,Psychology,1st Year,18-21,Female/Woman,I do not have an SpLD,1,2,2,2,3,3,3,2,3,1,2,2,2,1
f777dffc,England,English,Psychology,1st Year,18-21,Female/Woman,I do not have an SpLD,4,4,3,3,4,3,4,5,4,3,3,5,3,3
f7f62c94,England,English,Psychology,2nd Year,18-21,Female/Woman,I do not have an SpLD,4,3,2,3,5,4,4,2,5,2,2,2,4,3
f7f9fd6b,England,English,Psychology,2nd Year,18-21,Female/Woman,I do not have an SpLD,2,3,2,2,5,2,4,2,3,2,3,4,4,2
f80ff17d,England,English,Psychology,2nd Year,18-21,Female/Woman,I do not have an SpLD,1,1,2,1,2,1,2,1,2,1,1,1,1,1
f83c4999,England,English,Psychology,2nd Year,18-21,Female/Woman,I do not have an SpLD,3,2,3,4,4,4,4,4,4,4,4,4,5,4
f8b93351,England,English,Psychology,1st Year,18-21,Female/Woman,I do not have an SpLD,2,3,4,2,5,3,4,2,4,2,2,3,1,2
f8fc6b13,England,English,Psychology,2nd Year,18-21,Female/Woman,I do not have an SpLD,2,1,2,1,3,1,4,1,5,1,1,1,4,1
f92181b9,England,English,Psychology,1st Year,18-21,Female/Woman,I do not have an SpLD,2,1,1,1,1,2,2,1,5,1,1,1,1,1
f92b97f9,England,English,Psychology,1st Year,18-21,Female/Woman,I do not have an SpLD,3,3,3,3,5,1,5,3,4,2,2,3,4,2
f95af204,England,English,Psychology,2nd Year,18-21,Male/Man,I do not have an SpLD,2,2,2,3,2,2,4,2,4,1,2,4,3,1
f9ca15cf,England,English,Psychology,1st Year,18-21,Female/Woman,I do not have an SpLD,3,2,1,1,3,2,3,1,3,2,2,2,1,2
fa0dd75f,England,English,Psychology,2nd Year,22-25,Female/Woman,I do not have an SpLD,4,3,5,2,5,4,4,4,3,2,2,4,2,2
fa3317f3,England,English,Psychology,1st Year,18-21,Female/Woman,I do not have an SpLD,5,5,3,5,5,4,3,4,4,3,5,4,1,4
fa62f140,England,English,Psychology,1st Year,18-21,Female/Woman,I do not have an SpLD,4,3,4,3,5,1,5,4,5,4,4,3,4,4
fac041c2,England,English,Psychology,1st Year,18-21,Female/Woman,Dyspraxia,5,5,5,5,4,5,5,5,5,2,5,5,5,1
fad48b48,England,English,Psychology,1st Year,18-21,Another Gender,I do not have an SpLD,2,3,2,3,5,1,5,2,5,5,5,3,3,5
faf287b4,England,English,Psychology,2nd Year,18-21,Female/Woman,I do not have an SpLD,4,4,3,4,4,2,4,2,4,3,3,5,3,2
fb101b0b,England,English,Psychology,2nd Year,18-21,Female/Woman,I do not have an SpLD,5,1,3,3,4,3,4,3,4,3,2,3,4,3
fb9b0fa7,England,English,Psychology,2nd Year,18-21,Female/Woman,I do not have an SpLD,4,3,2,2,3,2,2,1,5,3,2,3,2,3
fcda66f4,England,English,Psychology,1st Year,18-21,Female/Woman,I do not have an SpLD,4,2,2,2,4,1,4,2,5,2,2,3,4,2
fd08ba4f,England,English,Psychology,2nd Year,18-21,Female/Woman,I do not have an SpLD,4,3,2,3,5,1,5,3,4,4,4,3,3,4
fd348f62,England,English,Psychology,2nd Year,18-21,Female/Woman,I do not have an SpLD,5,2,3,2,5,2,5,2,2,4,2,4,3,2
fd947906,England,English,Psychology,2nd Year,18-21,Female/Woman,ADHD/ADD,3,3,1,3,3,1,1,3,1,3,2,3,1,2
fdca238a,England,English,Psychology,1st Year,18-21,Female/Woman,I do not have an SpLD,4,2,2,2,5,2,5,2,5,4,3,2,2,3
fdd47f12,England,English,Psychology,1st Year,18-21,Female/Woman,I do not have an SpLD,4,3,4,3,5,4,4,2,5,5,3,3,2,3
fdf53bc0,England,English,Psychology,2nd Year,18-21,Female/Woman,I do not have an SpLD,1,4,4,4,4,2,4,2,4,2,2,4,2,1
ff1c7891,England,English,Psychology,2nd Year,18-21,Female/Woman,I do not have an SpLD,4,3,3,4,5,2,5,2,5,5,4,3,3,4
ff236565,England,English,Psychology,2nd Year,22-25,Male/Man,I do not have an SpLD,5,3,2,3,5,1,4,2,4,2,2,2,5,1
ff5817a8,England,English,Psychology,2nd Year,18-21,Female/Woman,I do not have an SpLD,3,4,3,2,3,2,4,3,4,2,2,3,4,2
ffbc1209,England,English,Psychology,1st Year,18-21,Another Gender,I do not have an SpLD,3,3,4,3,5,1,5,4,5,5,5,5,2,5
fff3d36f,England,English,Psychology,1st Year,18-21,Male/Man,I do not have an SpLD,3,4,2,4,4,1,4,2,4,2,2,3,5,2
006464a9,England,English,Psychology,1st Year,18-21,Female/Woman,I do not have an SpLD,4,2,3,2,5,1,2,1,5,2,2,2,4,2
00a91265,England,English,Psychology,1st Year,18-21,Female/Woman,I do not have an SpLD,5,3,2,2,5,2,5,1,5,2,2,2,5,2
01630410,England,English,Psychology,1st Year,18-21,Female/Woman,I do not have an SpLD,5,5,5,3,5,3,5,3,5,4,4,4,3,4
01f9f068,England,English,Psychology,NA,NA,NA,NA,5,4,4,3,5,2,5,4,4,4,4,4,5,2
040b2ddc,England,English,Psychology,1st Year,18-21,Female/Woman,I do not have an SpLD,3,3,3,3,4,3,3,3,4,4,4,4,3,4
04fd34f0,England,English,Psychology,2nd Year,18-21,Female/Woman,I do not have an SpLD,4,4,3,3,4,2,3,3,5,4,4,4,2,2
0796f53f,England,English,Psychology,2nd Year,22-25,Female/Woman,I do not have an SpLD,4,4,5,4,4,1,4,2,5,1,2,4,3,1
08fb527f,England,English,Psychology,1st Year,18-21,Male/Man,I do not have an SpLD,3,3,5,NA,2,2,1,3,4,2,2,3,1,4
0a0cf34a,England,English,Psychology,2nd Year,18-21,Male/Man,I do not have an SpLD,4,3,2,2,4,1,5,2,4,1,2,2,2,3
0b340d50,England,English,Psychology,2nd Year,26+,Female/Woman,I do not have an SpLD,5,3,4,2,5,1,5,4,4,3,2,3,3,2
0fcfa51a,England,English,Psychology,2nd Year,18-21,Female/Woman,Dyslexia,5,5,4,5,5,2,5,5,5,5,5,5,5,5
0ffb9f46,England,English,Psychology,1st Year,18-21,Female/Woman,I do not have an SpLD,4,2,4,2,4,1,2,3,5,4,4,2,1,3
111228f9,England,English,Psychology,2nd Year,18-21,Female/Woman,I do not have an SpLD,4,5,4,4,5,3,4,4,3,4,3,5,4,3
11203d72,England,English,Psychology,2nd Year,18-21,Female/Woman,I do not have an SpLD,5,3,3,2,5,2,4,2,5,3,3,4,2,3
12414696,England,English,Psychology,1st Year,18-21,Female/Woman,I do not have an SpLD,4,4,4,3,5,3,5,3,5,4,4,3,4,4
126b6870,England,English,Psychology,3rd Year,22-25,Female/Woman,I do not have an SpLD,4,3,1,1,2,1,2,3,3,3,4,2,5,4
149f63b5,England,English,Psychology,1st Year,18-21,Female/Woman,I do not have an SpLD,5,4,1,2,5,1,5,2,5,3,3,2,2,1
19019bc5,England,English,Psychology,1st Year,18-21,Female/Woman,I do not have an SpLD,5,3,2,2,5,5,5,2,4,4,5,2,5,4
1928af77,England,English,Psychology,1st Year,18-21,Female/Woman,I do not have an SpLD,2,2,2,1,3,1,3,2,3,1,2,3,2,1
195a46bc,England,English,Psychology,1st Year,18-21,Male/Man,I do not have an SpLD,3,3,3,3,2,1,3,1,4,5,3,3,5,3
196a79c7,England,English,Psychology,2nd Year,18-21,Female/Woman,I do not have an SpLD,3,2,3,3,4,2,3,2,2,3,3,3,2,2
1b3947fc,England,English,Psychology,2nd Year,18-21,Female/Woman,I do not have an SpLD,3,3,3,3,4,2,4,2,3,3,3,4,4,3
1c65f9d0,England,English,Psychology,2nd Year,18-21,Female/Woman,I do not have an SpLD,3,2,2,3,5,2,5,3,5,2,3,3,5,3
209fab5d,England,English,Psychology,1st Year,18-21,Female/Woman,"Dyslexia, Dyspraxia",5,5,4,5,5,4,5,3,5,4,5,5,5,4
237d064a,England,English,Psychology,2nd Year,18-21,Female/Woman,I do not have an SpLD,3,1,3,1,3,1,2,1,2,2,2,2,3,3
25a24858,England,English,Psychology,2nd Year,18-21,Female/Woman,I do not have an SpLD,3,5,3,4,5,3,4,5,5,2,4,5,5,5
2744acb5,England,English,Psychology,1st Year,18-21,Female/Woman,I do not have an SpLD,3,3,3,1,4,2,2,4,3,4,3,3,3,3
2751ddf3,England,English,Psychology,1st Year,18-21,Female/Woman,Dyscalculia,5,4,4,4,5,3,5,4,5,4,4,4,5,4
2824f6c6,England,English,Psychology,2nd Year,18-21,Female/Woman,I do not have an SpLD,2,2,3,3,4,1,2,3,3,4,2,3,3,2
2d54d22d,England,English,Psychology,2nd Year,18-21,Female/Woman,I do not have an SpLD,4,4,3,2,4,2,5,4,5,4,5,4,2,4
2ddf9944,England,English,Psychology,2nd Year,18-21,Female/Woman,I do not have an SpLD,1,2,2,2,3,2,2,1,2,2,3,2,3,2
2ffd62b8,England,English,Psychology,1st Year,26+,Female/Woman,I do not have an SpLD,4,5,3,4,5,3,5,4,5,5,5,5,4,1
30abd62c,England,English,Psychology,2nd Year,18-21,Female/Woman,I do not have an SpLD,5,4,3,2,4,1,5,4,5,3,2,4,4,3
31352c4f,England,English,Psychology,1st Year,18-21,Female/Woman,I do not have an SpLD,5,3,3,3,4,1,4,4,4,2,4,5,5,3
31636766,England,English,Psychology,1st Year,22-25,Female/Woman,I do not have an SpLD,3,2,2,1,5,1,5,2,5,4,4,2,5,4
34cf6940,England,English,Psychology,2nd Year,18-21,Female/Woman,I do not have an SpLD,5,2,4,3,5,2,5,4,5,1,4,5,3,4
34df5a39,England,English,Psychology,1st Year,18-21,Male/Man,I do not have an SpLD,4,2,4,1,4,1,1,2,5,3,4,4,4,2
38a49fc8,England,English,Psychology,2nd Year,18-21,Female/Woman,I do not have an SpLD,5,5,4,3,4,2,4,2,5,3,4,3,5,2
38bc27a1,England,English,Psychology,2nd Year,18-21,Female/Woman,I do not have an SpLD,3,2,3,2,2,3,3,2,4,3,2,3,4,2
3ac027db,England,English,Psychology,1st Year,18-21,Female/Woman,I do not have an SpLD,3,2,2,3,5,1,5,3,4,3,3,4,4,2
3afdf4bf,England,English,Psychology,2nd Year,18-21,Female/Woman,I do not have an SpLD,4,4,4,3,5,1,4,3,5,4,4,3,5,3
3bf32f5d,England,English,Psychology,1st Year,18-21,Female/Woman,I do not have an SpLD,3,4,1,2,5,1,4,2,3,1,1,3,4,1
3c83ad71,England,English,Psychology,2nd Year,22-25,Female/Woman,I do not have an SpLD,3,2,1,2,4,2,4,1,3,2,1,2,1,1
3d40b83d,England,English,Psychology,2nd Year,26+,Female/Woman,I do not have an SpLD,4,4,1,4,5,4,4,2,5,1,2,4,4,2
3f1f5779,England,English,Psychology,1st Year,26+,Female/Woman,I do not have an SpLD,2,2,2,2,2,1,1,1,2,2,1,2,2,2
3fc3518f,England,English,Psychology,1st Year,18-21,Female/Woman,I do not have an SpLD,4,3,3,2,4,2,4,2,3,1,1,3,4,1
443f42c4,England,English,Psychology,2nd Year,18-21,Female/Woman,I do not have an SpLD,2,3,3,2,2,2,3,2,3,3,2,3,2,1
48b67a24,England,English,Psychology,1st Year,26+,Female/Woman,I do not have an SpLD,4,4,3,3,5,1,5,4,5,2,3,4,4,1
4922c5db,England,English,Psychology,2nd Year,26+,Female/Woman,I do not have an SpLD,4,4,3,3,5,1,5,4,4,1,1,4,3,1
4a8d8510,England,English,Psychology,1st Year,18-21,Female/Woman,I do not have an SpLD,3,2,2,3,3,2,3,2,3,3,4,4,3,3
4bdf178d,England,English,Psychology,1st Year,22-25,Female/Woman,I do not have an SpLD,3,2,2,2,3,2,3,2,3,1,1,2,2,1
4bdf8f8a,England,English,Psychology,2nd Year,18-21,Female/Woman,I do not have an SpLD,5,2,3,1,4,1,4,4,5,4,3,1,4,3
4d80f61c,England,English,Psychology,2nd Year,26+,Female/Woman,I do not have an SpLD,3,4,3,1,4,1,5,2,3,2,1,2,2,1
4f4f1610,England,English,Psychology,1st Year,18-21,Female/Woman,I do not have an SpLD,3,2,2,1,2,1,3,2,2,2,1,2,2,2
4f782afa,England,English,Psychology,2nd Year,18-21,Female/Woman,I do not have an SpLD,5,5,5,5,5,4,5,5,5,4,3,5,3,4
51b3f6bf,England,English,Psychology,2nd Year,18-21,Female/Woman,I do not have an SpLD,4,1,3,2,5,1,5,1,4,3,3,1,4,3
53a914a1,England,English,Psychology,2nd Year,18-21,Female/Woman,I do not have an SpLD,2,3,4,4,5,2,5,2,5,1,2,5,2,2
555f2176,England,English,Psychology,2nd Year,18-21,Female/Woman,I do not have an SpLD,2,3,1,2,3,1,3,2,3,5,4,3,2,4
5572d52f,England,English,Psychology,1st Year,18-21,Female/Woman,I do not have an SpLD,3,4,3,3,3,2,3,2,3,3,2,3,2,2
55fbf930,England,English,Psychology,1st Year,18-21,Female/Woman,I do not have an SpLD,2,3,2,1,3,1,4,3,3,2,3,3,2,2
568f03bb,England,English,Psychology,2nd Year,26+,Female/Woman,I do not have an SpLD,5,5,3,5,5,1,5,5,3,5,5,5,1,5
57a54000,England,English,Psychology,2nd Year,18-21,Female/Woman,I do not have an SpLD,4,4,3,3,4,2,5,5,4,4,4,4,3,4
58987b40,England,English,Psychology,2nd Year,18-21,Female/Woman,I do not have an SpLD,2,5,5,1,4,1,2,2,3,4,4,5,4,4
5a90ba8d,England,English,Psychology,1st Year,18-21,Female/Woman,I do not have an SpLD,4,2,5,3,4,3,4,2,4,5,5,4,3,4
5b3ff36f,England,English,Psychology,1st Year,18-21,Female/Woman,I do not have an SpLD,4,4,4,2,3,1,3,2,4,2,3,5,4,2
5b8bd92c,England,English,Psychology,1st Year,18-21,Female/Woman,I do not have an SpLD,4,3,5,4,5,3,4,4,4,2,3,3,2,2
5ba55b55,England,English,Psychology,2nd Year,18-21,Female/Woman,I do not have an SpLD,3,3,2,3,5,1,5,2,5,2,3,3,3,4
5bf4f00d,England,English,Psychology,1st Year,18-21,Female/Woman,I do not have an SpLD,3,4,4,4,4,1,2,5,4,3,3,4,4,3
60402f53,England,English,Psychology,2nd Year,18-21,NA,I do not have an SpLD,4,3,3,1,4,4,4,4,4,2,2,2,4,1
62509bf6,England,English,Psychology,1st Year,18-21,Female/Woman,Dyslexia,5,3,4,3,5,1,5,5,5,5,5,4,5,5
62f37fa3,England,English,Psychology,1st Year,22-25,Female/Woman,Dyscalculia,4,4,2,2,3,1,5,3,4,2,1,2,2,2
632543b9,England,English,Psychology,2nd Year,18-21,Female/Woman,I do not have an SpLD,2,3,2,2,5,1,1,3,2,2,1,2,2,1
650cbfcc,England,English,Psychology,3rd Year,18-21,Female/Woman,I do not have an SpLD,4,3,3,2,5,4,5,2,5,4,2,3,5,4
66d4f901,England,English,Psychology,2nd Year,18-21,Female/Woman,I do not have an SpLD,3,3,3,2,3,1,4,3,4,4,2,3,2,2
675fdfbc,England,English,Psychology,2nd Year,18-21,Female/Woman,I do not have an SpLD,4,4,4,3,4,1,4,4,2,3,3,4,4,2
69ab2d99,England,English,Psychology,2nd Year,18-21,Female/Woman,I do not have an SpLD,3,3,4,2,4,1,4,4,3,3,5,3,3,4
6b0c423a,England,English,Psychology,1st Year,18-21,Female/Woman,I do not have an SpLD,4,4,3,3,4,3,5,2,4,3,4,4,3,4
6b51fb5a,England,English,Psychology,1st Year,18-21,Female/Woman,I do not have an SpLD,4,5,4,4,4,4,5,4,5,3,4,4,3,3
6f23d1bc,England,English,Psychology,1st Year,18-21,Female/Woman,I do not have an SpLD,4,3,3,4,5,4,4,4,5,4,3,3,3,4
71343af2,England,English,Psychology,NA,NA,NA,NA,5,3,4,3,5,1,5,4,4,3,2,2,4,3
79f9967a,England,English,Psychology,2nd Year,18-21,Female/Woman,I do not have an SpLD,5,3,3,2,5,3,5,4,5,3,2,3,3,2
7d0b04f0,England,English,Psychology,2nd Year,18-21,Female/Woman,I do not have an SpLD,5,5,4,4,4,3,4,1,4,4,4,4,4,3
7f390b53,England,English,Psychology,1st Year,18-21,Female/Woman,I do not have an SpLD,3,1,2,2,5,1,5,2,1,1,4,2,5,3
7f3f14b6,England,English,Psychology,1st Year,18-21,Female/Woman,I do not have an SpLD,4,5,5,4,5,1,4,4,4,5,5,5,4,5
7f4a3116,England,English,Psychology,1st Year,18-21,Female/Woman,I do not have an SpLD,5,4,3,3,5,1,5,3,5,4,3,4,5,3
809f124b,England,English,Psychology,1st Year,18-21,Female/Woman,I do not have an SpLD,3,3,2,2,3,3,3,2,3,1,1,3,2,1
8138f0b6,England,English,Psychology,1st Year,18-21,Female/Woman,I do not have an SpLD,5,4,4,3,5,1,4,4,5,2,3,4,2,2
8302ca7f,England,English,Psychology,1st Year,18-21,Female/Woman,I do not have an SpLD,4,4,3,3,5,3,4,4,5,3,3,4,3,4
832bc2a3,England,English,Psychology,1st Year,18-21,Male/Man,I do not have an SpLD,1,2,2,1,4,1,5,2,1,1,1,2,1,1
860f88b6,England,English,Psychology,2nd Year,18-21,Female/Woman,I do not have an SpLD,5,5,5,5,5,4,5,3,5,5,4,5,5,4
88519ff7,England,English,Psychology,2nd Year,18-21,Female/Woman,I do not have an SpLD,3,1,3,2,4,1,5,3,5,1,2,1,2,1
88830067,England,English,Psychology,2nd Year,18-21,Female/Woman,I do not have an SpLD,4,3,4,3,3,1,3,3,2,4,3,2,2,2
8a53bfd5,England,English,Psychology,1st Year,18-21,Female/Woman,I do not have an SpLD,1,1,1,2,2,2,2,1,2,3,2,2,1,2
8a5f19fa,England,English,Psychology,2nd Year,22-25,Female/Woman,ADHD/ADD,3,2,2,2,5,3,5,2,4,5,5,2,4,4
8ac26a55,England,English,Psychology,1st Year,18-21,Female/Woman,I do not have an SpLD,4,2,2,1,4,2,3,5,3,3,1,1,4,1
8cf1a286,England,English,Psychology,2nd Year,18-21,Female/Woman,I do not have an SpLD,5,2,3,2,5,2,4,4,3,2,2,4,4,1
8f07b001,England,English,Psychology,1st Year,18-21,Female/Woman,I do not have an SpLD,3,1,1,1,5,1,5,1,5,3,1,1,1,1
9032fc5b,England,English,Psychology,3rd Year,22-25,Male/Man,I do not have an SpLD,3,2,2,2,3,2,2,2,3,3,2,2,4,2
92933fd4,England,English,Psychology,NA,NA,NA,NA,4,2,3,2,5,3,5,4,4,3,3,4,4,4
94ff06fa,England,English,Psychology,1st Year,18-21,Female/Woman,NA,2,2,2,2,2,2,2,2,2,2,2,2,2,3
97b6975d,England,English,Psychology,1st Year,26+,Female/Woman,I do not have an SpLD,4,3,2,1,3,1,4,3,2,2,2,2,1,2
9864902b,England,English,Psychology,2nd Year,18-21,Female/Woman,I do not have an SpLD,3,3,4,3,3,2,3,3,2,4,4,2,4,4
994952f9,England,English,Psychology,1st Year,18-21,Female/Woman,I do not have an SpLD,4,2,3,2,5,2,5,3,5,4,4,3,5,4
9acf8bc8,England,English,Psychology,4th Year,18-21,Female/Woman,I do not have an SpLD,2,3,3,2,4,2,3,4,3,4,3,3,3,3
9afff073,England,English,Psychology,2nd Year,18-21,Female/Woman,I do not have an SpLD,3,3,3,3,4,3,3,3,3,3,3,4,2,2
9c628c0b,England,English,Psychology,1st Year,18-21,Female/Woman,I do not have an SpLD,5,1,1,1,5,1,5,1,5,5,5,3,5,4
9d28cba2,England,English,Psychology,2nd Year,18-21,Female/Woman,ADHD/ADD,3,2,3,1,5,3,5,2,5,3,4,2,5,1
9f74bb01,England,English,Psychology,2nd Year,18-21,Female/Woman,I do not have an SpLD,2,2,2,1,4,1,3,2,4,4,3,2,2,3
a02516c9,England,English,Psychology,1st Year,18-21,Female/Woman,I do not have an SpLD,4,2,4,2,4,2,4,4,4,3,3,3,4,3
a04d1bf1,England,English,Psychology,2nd Year,18-21,Female/Woman,I do not have an SpLD,5,4,5,3,5,3,5,5,5,5,5,5,3,4
a11a2cac,England,English,Psychology,1st Year,18-21,Female/Woman,I do not have an SpLD,4,4,5,2,4,3,5,3,5,5,4,3,3,4
a1f3f298,England,English,Psychology,2nd Year,22-25,Female/Woman,Dyslexia,3,1,3,3,3,1,4,4,4,3,3,3,2,3
a2311c27,England,English,Psychology,2nd Year,18-21,Female/Woman,I do not have an SpLD,2,4,4,3,5,1,5,4,5,4,4,3,5,4
a3aa4750,England,English,Psychology,1st Year,18-21,Male/Man,I do not have an SpLD,2,2,3,2,3,1,2,3,2,2,2,2,2,2
a3b89d2b,England,English,Psychology,2nd Year,22-25,Female/Woman,I do not have an SpLD,1,2,1,1,2,1,2,1,3,2,1,2,1,1
a47149cc,England,English,Psychology,1st Year,18-21,Female/Woman,I do not have an SpLD,5,2,5,3,5,4,5,5,5,3,3,3,5,3
a6a9c17d,England,English,Psychology,1st Year,18-21,Female/Woman,I do not have an SpLD,3,4,4,3,5,4,5,5,5,4,5,4,3,4
a8ffc7cf,England,English,Psychology,1st Year,22-25,Male/Man,NA,2,2,2,2,2,1,2,3,2,3,4,2,2,4
ab338fba,England,English,Psychology,1st Year,18-21,Female/Woman,I do not have an SpLD,5,1,2,1,4,1,4,3,4,4,4,2,2,4
abc10085,England,English,Psychology,1st Year,18-21,Male/Man,I do not have an SpLD,4,4,3,4,4,2,4,3,4,3,3,4,5,3
abd556f3,England,English,Psychology,1st Year,18-21,Female/Woman,I do not have an SpLD,3,1,3,2,5,1,5,1,5,5,5,2,3,5
acf1bd4b,England,English,Psychology,2nd Year,18-21,Female/Woman,I do not have an SpLD,5,2,3,2,5,1,4,2,5,2,3,4,3,3
ad73fa9d,England,English,Psychology,1st Year,26+,Female/Woman,I do not have an SpLD,2,2,2,2,2,1,2,2,2,1,1,2,2,1
ad9c7360,England,English,Psychology,1st Year,18-21,Female/Woman,I do not have an SpLD,2,2,2,2,3,2,4,2,4,3,3,2,2,2
af389c35,England,English,Psychology,2nd Year,18-21,Female/Woman,I do not have an SpLD,3,2,4,2,4,2,1,2,3,2,2,2,3,2
af53f85b,England,English,Psychology,2nd Year,18-21,Female/Woman,I do not have an SpLD,4,4,4,3,4,1,4,4,3,4,5,4,5,4
afc93d5b,England,English,Psychology,1st Year,18-21,Female/Woman,I do not have an SpLD,2,2,2,1,5,1,5,3,5,2,1,1,4,1
aff16fdc,England,English,Psychology,2nd Year,18-21,Female/Woman,Other - Autism Spectrum Disorder,4,4,3,2,5,2,5,2,5,4,4,2,3,2
b68f297a,England,English,Psychology,1st Year,18-21,Female/Woman,ADHD/ADD,2,3,4,2,4,2,5,3,5,3,3,3,3,2
b839da53,England,English,Psychology,2nd Year,18-21,Female/Woman,NA,4,1,2,1,5,1,5,1,5,4,2,1,5,2
ba2f6810,England,English,Psychology,2nd Year,18-21,Male/Man,I do not have an SpLD,4,2,2,2,2,2,3,2,4,3,3,3,2,2
ba5ca74a,England,English,Psychology,2nd Year,18-21,Female/Woman,I do not have an SpLD,4,2,3,3,4,2,4,1,3,1,1,5,2,1
bbdd1fcc,England,English,Psychology,1st Year,18-21,Female/Woman,I do not have an SpLD,5,4,4,1,5,2,5,2,5,5,4,4,5,4
bc0fb4f4,England,English,Psychology,1st Year,18-21,Female/Woman,I do not have an SpLD,3,1,2,1,4,1,4,1,4,1,2,2,2,2
bc3b444f,England,English,Psychology,1st Year,18-21,Female/Woman,I do not have an SpLD,5,4,5,3,5,4,5,4,5,5,5,5,5,5
bf4b31ab,England,English,Psychology,1st Year,18-21,Male/Man,Dyslexia,4,3,4,3,5,3,5,3,4,2,3,3,2,3
bf8a5a7f,England,English,Psychology,2nd Year,18-21,Female/Woman,I do not have an SpLD,5,4,5,4,5,1,4,2,5,5,5,3,3,5
bf8fd731,England,English,Psychology,1st Year,18-21,Female/Woman,I do not have an SpLD,5,4,4,4,5,3,5,4,5,5,5,4,5,5
c3ffdab1,England,English,Psychology,1st Year,18-21,Female/Woman,I do not have an SpLD,3,3,5,2,5,1,5,3,4,4,3,3,2,2
c45d7153,England,English,Psychology,2nd Year,18-21,Female/Woman,I do not have an SpLD,3,2,3,2,4,2,4,3,4,3,3,3,3,2
cb3df575,England,English,Psychology,2nd Year,18-21,Female/Woman,Other - Redacted,1,1,1,1,3,1,3,1,1,2,2,1,2,2
cc089cb0,England,English,Psychology,2nd Year,18-21,Female/Woman,I do not have an SpLD,5,2,2,4,5,4,1,4,3,2,4,4,5,2
cc7a6fd6,England,English,Psychology,1st Year,18-21,Female/Woman,I do not have an SpLD,5,4,5,5,5,3,5,3,5,3,4,4,3,4
cccd3ff9,England,English,Psychology,1st Year,18-21,Female/Woman,I do not have an SpLD,5,4,4,4,5,3,5,4,5,5,5,3,3,5
cf1d6628,England,English,Psychology,2nd Year,18-21,Female/Woman,I do not have an SpLD,3,2,3,2,4,1,3,2,3,2,3,2,1,2
cf392a77,England,English,Psychology,2nd Year,18-21,Female/Woman,I do not have an SpLD,3,5,5,5,5,3,5,4,5,4,4,4,5,3
d133ab17,England,English,Psychology,1st Year,18-21,Female/Woman,I do not have an SpLD,3,1,2,1,4,1,4,1,4,2,3,2,3,3
d134f72d,England,English,Psychology,1st Year,18-21,Female/Woman,I do not have an SpLD,4,4,5,4,5,3,5,5,5,4,4,4,5,4
d3c90534,England,English,Psychology,2nd Year,22-25,Female/Woman,I do not have an SpLD,4,3,3,3,5,2,4,2,5,4,2,2,3,2
d4c0f074,England,English,Psychology,1st Year,18-21,Female/Woman,I do not have an SpLD,3,1,4,1,5,1,5,4,4,5,5,3,2,3
d4f7ba66,England,English,Psychology,2nd Year,18-21,Female/Woman,I do not have an SpLD,3,3,3,3,4,4,3,3,3,4,3,3,5,1
d74d7888,England,English,Psychology,1st Year,18-21,Female/Woman,I do not have an SpLD,3,4,3,3,4,4,4,2,4,4,4,5,4,2
db88cc11,England,English,Psychology,1st Year,18-21,Male/Man,I do not have an SpLD,3,3,3,2,4,1,2,2,4,2,1,3,2,1
df0ac4c2,England,English,Psychology,2nd Year,18-21,Male/Man,I do not have an SpLD,5,5,5,5,5,5,5,5,5,5,5,5,5,5
df7f41d2,England,English,Psychology,1st Year,26+,Female/Woman,I do not have an SpLD,3,3,2,2,5,1,4,4,4,1,1,2,4,2
df97223f,England,English,Psychology,1st Year,18-21,Female/Woman,Other - Undiagnosed Non-Specific,3,2,4,3,4,2,5,2,5,4,4,5,4,3
f014b7d8,England,English,Psychology,1st Year,18-21,Female/Woman,I do not have an SpLD,4,1,2,1,5,1,5,2,5,3,3,2,4,3
f07bf0f4,England,English,Psychology,1st Year,18-21,Female/Woman,I do not have an SpLD,2,3,3,1,4,2,4,3,3,1,2,3,2,1
f0cfd389,England,English,Psychology,2nd Year,18-21,Female/Woman,I do not have an SpLD,3,3,3,2,4,1,3,3,3,3,2,2,3,2
f13d0441,England,English,Psychology,2nd Year,18-21,Male/Man,Dyslexia,5,5,5,5,5,2,5,4,5,3,4,3,5,2
f16cd604,England,English,Psychology,2nd Year,18-21,Female/Woman,Dyslexia,4,1,2,2,5,2,5,2,5,3,3,2,4,3
f1fffc73,England,English,Psychology,1st Year,18-21,Female/Woman,I do not have an SpLD,4,4,4,3,4,2,4,4,4,4,4,4,4,4
f2b54aba,England,English,Psychology,1st Year,26+,Female/Woman,I do not have an SpLD,2,1,2,1,2,1,2,2,2,1,1,1,2,1
f3fb5ff2,England,English,Psychology,2nd Year,18-21,Female/Woman,I do not have an SpLD,4,3,5,4,5,3,5,4,5,4,4,4,3,3
f58af443,England,English,Psychology,1st Year,26+,Female/Woman,I do not have an SpLD,3,3,4,4,3,1,2,3,1,1,1,4,3,1
f5faf10a,England,English,Psychology,1st Year,18-21,Female/Woman,I do not have an SpLD,2,2,2,2,5,1,4,2,3,1,1,3,1,2
f661b3f8,England,English,Psychology,2nd Year,22-25,Male/Man,I do not have an SpLD,2,2,2,3,5,1,5,1,2,3,2,2,4,2
f74a363f,England,English,Psychology,2nd Year,26+,Female/Woman,I do not have an SpLD,2,3,3,2,4,1,4,3,4,2,1,3,4,1
f75cdadf,England,English,Psychology,2nd Year,18-21,Female/Woman,I do not have an SpLD,5,5,3,5,5,5,4,4,5,5,5,3,5,2
f828276d,England,English,Psychology,1st Year,18-21,Female/Woman,I do not have an SpLD,3,4,3,3,4,2,4,4,4,3,3,4,3,3
f879ac45,England,English,Psychology,2nd Year,18-21,Female/Woman,I do not have an SpLD,4,3,3,2,5,1,5,4,4,2,1,3,5,1
f8f97df2,England,English,Psychology,1st Year,18-21,Female/Woman,NA,2,4,5,5,4,4,4,4,3,1,1,5,2,1
f9670f8c,England,English,Psychology,2nd Year,22-25,Female/Woman,I do not have an SpLD,2,2,2,2,2,1,3,1,2,3,3,2,1,2
f9979ff4,England,English,Psychology,1st Year,26+,Male/Man,I do not have an SpLD,2,1,2,1,3,1,3,2,2,1,1,1,2,1
fa308a07,England,English,Psychology,2nd Year,18-21,Female/Woman,Dyslexia,3,2,1,1,2,1,2,2,1,3,2,2,3,3
fa81a7ff,England,English,Psychology,2nd Year,18-21,Female/Woman,I do not have an SpLD,3,3,3,2,3,2,3,3,3,2,3,2,4,3
fa90f82b,England,English,Psychology,1st Year,18-21,Female/Woman,I do not have an SpLD,4,4,4,3,4,2,4,3,3,4,4,4,2,3
facc5304,England,English,Psychology,1st Year,18-21,Female/Woman,I do not have an SpLD,5,2,4,4,5,1,5,4,5,5,4,4,4,4
faccd359,England,English,Psychology,1st Year,18-21,Female/Woman,I do not have an SpLD,4,2,2,2,5,1,4,2,4,2,4,3,2,3
fb262cdb,England,English,Psychology,2nd Year,18-21,Female/Woman,I do not have an SpLD,5,3,1,3,5,1,3,1,4,1,2,3,5,2
fb2b1133,England,English,Psychology,1st Year,18-21,Female/Woman,I do not have an SpLD,5,1,3,2,5,4,5,1,5,2,2,2,1,2
fb6298d4,England,English,Psychology,1st Year,18-21,Female/Woman,I do not have an SpLD,4,3,3,3,5,2,5,4,5,5,4,4,2,4
fb986a3f,England,English,Psychology,1st Year,18-21,Female/Woman,I do not have an SpLD,2,2,1,1,3,1,3,1,4,3,1,2,2,3
fc0b05b1,England,English,Psychology,1st Year,18-21,Female/Woman,I do not have an SpLD,1,5,4,4,4,3,1,5,2,5,1,4,1,3
fc722f8a,England,English,Psychology,2nd Year,18-21,Female/Woman,I do not have an SpLD,5,5,4,5,5,4,5,4,5,5,5,5,5,5
fc99f525,England,English,Psychology,2nd Year,18-21,Male/Man,I do not have an SpLD,3,2,2,1,4,1,3,2,4,1,1,2,4,1
ff2750d1,England,English,Psychology,1st Year,18-21,Female/Woman,I do not have an SpLD,2,4,2,4,5,3,5,2,4,5,5,4,3,4
ff9f1df8,England,English,Psychology,2nd Year,18-21,Male/Man,I do not have an SpLD,3,2,2,2,4,1,4,2,4,2,2,2,3,2
0042c358,England,English,Psychology,3rd Year,26+,Female/Woman,"Dyslexia, Dyspraxia",3,4,3,2,5,1,5,3,5,4,3,4,4,3
04892536,England,English,Psychology,3rd Year,26+,Female/Woman,I do not have an SpLD,5,5,5,5,5,4,5,5,5,5,5,5,5,5
05d52510,England,English,Psychology,1st Year,18-21,Female/Woman,I do not have an SpLD,5,4,3,3,5,1,5,3,5,3,3,2,5,2
080b4cfa,England,English,Psychology,3rd Year,26+,Female/Woman,I do not have an SpLD,1,1,1,1,1,1,1,1,1,1,1,1,3,1
0b7bd04f,England,English,Psychology,1st Year,18-21,Female/Woman,I do not have an SpLD,1,2,2,1,3,1,5,3,3,1,1,3,1,1
0c73198f,England,English,Psychology,2nd Year,22-25,Female/Woman,I do not have an SpLD,5,2,3,1,5,1,5,1,5,4,5,2,5,1
0f2fa2c0,England,English,Psychology,2nd Year,18-21,Female/Woman,I do not have an SpLD,5,3,4,3,5,2,5,3,5,4,4,3,5,2
139b614d,England,English,Psychology,1st Year,NA,Female/Woman,I do not have an SpLD,2,3,4,4,2,3,2,3,2,4,4,4,1,4
2877c0cf,England,English,Psychology,1st Year,18-21,Female/Woman,I do not have an SpLD,3,2,3,1,3,3,3,2,3,2,2,2,1,2
2a500df9,England,English,Psychology,1st Year,18-21,Female/Woman,I do not have an SpLD,3,3,3,2,3,2,2,2,2,2,2,2,1,2
3248f6b7,England,English,Psychology,2nd Year,22-25,Female/Woman,I do not have an SpLD,2,3,4,3,5,1,4,4,4,4,4,2,2,3
38a4fad4,England,English,Psychology,1st Year,18-21,Female/Woman,I do not have an SpLD,5,2,2,1,4,3,4,3,3,3,3,3,3,3
38b48662,England,English,Psychology,1st Year,18-21,Female/Woman,I do not have an SpLD,4,5,3,1,4,1,5,4,5,3,1,5,4,1
3c6dd0b3,England,English,Psychology,2nd Year,22-25,Female/Woman,I do not have an SpLD,5,5,5,4,5,1,5,5,5,5,5,5,5,5
414452fd,England,English,Psychology,2nd Year,22-25,Female/Woman,I do not have an SpLD,5,5,5,5,3,2,5,5,5,5,5,5,5,4
438cbc56,England,English,Psychology,2nd Year,26+,Male/Man,"Dyslexia, Dyspraxia, ADHD/ADD",4,4,3,4,5,1,5,4,5,3,3,4,4,2
63b3af2b,England,English,Psychology,2nd Year,26+,Male/Man,I do not have an SpLD,2,2,3,2,2,2,2,2,2,2,2,2,2,2
63cd7adc,England,English,Psychology,2nd Year,22-25,Male/Man,I do not have an SpLD,4,3,3,2,3,1,3,3,4,3,3,3,3,4
7683cf22,England,English,Psychology,2nd Year,26+,Female/Woman,"Dyslexia, Dyscalculia",5,4,4,4,4,1,5,4,3,1,2,4,4,1
7aacc6fb,England,English,Psychology,1st Year,26+,Female/Woman,I do not have an SpLD,5,4,3,3,5,1,5,4,5,5,4,4,5,5
891ff6df,England,English,Psychology,1st Year,NA,NA,NA,3,2,3,1,5,1,4,2,4,3,3,2,4,3
a2f71f95,England,English,Psychology,1st Year,18-21,Female/Woman,I do not have an SpLD,5,5,4,4,4,5,4,2,2,3,3,5,3,3
a543d4bf,England,English,Psychology,3rd Year,26+,Female/Woman,I do not have an SpLD,3,2,1,1,3,1,4,2,4,2,1,1,3,2
a7246695,England,English,Psychology,1st Year,26+,Female/Woman,I do not have an SpLD,3,5,4,3,5,1,5,4,5,2,3,4,3,2
a9329f58,England,English,Psychology,1st Year,18-21,Female/Woman,I do not have an SpLD,4,3,3,3,5,2,5,2,4,4,4,3,5,3
a9f0b001,England,English,Psychology,NA,26+,Female/Woman,I do not have an SpLD,4,2,1,1,5,1,1,2,5,1,1,1,2,1
af53acba,England,English,Psychology,3rd Year,22-25,Female/Woman,I do not have an SpLD,2,3,3,3,4,2,3,2,4,2,2,2,4,2
b8a24955,England,English,Psychology,1st Year,26+,Female/Woman,Other - Not an SpLD,5,3,4,3,5,4,4,3,5,2,3,3,5,2
bbc0f5f4,England,English,Psychology,1st Year,18-21,Female/Woman,Dyslexia,4,3,3,3,5,4,5,4,4,1,3,4,5,3
bbf2a6f8,England,English,Psychology,1st Year,18-21,Female/Woman,I do not have an SpLD,2,3,3,2,3,3,3,2,2,3,3,2,1,3
c8b792b3,England,English,Psychology,1st Year,18-21,Female/Woman,Other - Not an SpLD,4,2,4,4,5,2,5,5,5,2,2,4,3,3
d2df786b,England,English,Psychology,2nd Year,26+,Female/Woman,I do not have an SpLD,4,4,3,3,5,3,5,5,5,3,5,3,5,3
d9692215,England,English,Psychology,2nd Year,18-21,Female/Woman,I do not have an SpLD,5,5,4,4,5,4,5,4,5,5,5,5,5,5
df7cfd65,England,English,Psychology,1st Year,18-21,Another Gender,Dyslexia,3,3,2,4,3,1,4,3,4,2,1,5,4,1
f0dd9f8f,England,English,Psychology,2nd Year,22-25,Female/Woman,Dyslexia,5,5,5,5,5,4,5,4,5,5,4,4,3,1
f2624530,England,English,Psychology,1st Year,18-21,Male/Man,I do not have an SpLD,4,2,3,2,3,3,3,3,4,1,1,2,5,1
f5b4dad7,England,English,Psychology,2nd Year,18-21,Female/Woman,I do not have an SpLD,4,4,4,4,3,3,5,4,5,4,3,3,2,3
f5f8f504,England,English,Psychology,2nd Year,18-21,Female/Woman,I do not have an SpLD,3,3,4,3,5,2,5,4,2,3,5,3,5,5
f7710b50,England,English,Psychology,1st Year,18-21,Female/Woman,I do not have an SpLD,4,3,3,3,4,3,4,4,4,4,3,3,3,3
f8739389,England,English,Psychology,2nd Year,18-21,Female/Woman,I do not have an SpLD,5,4,4,4,5,1,3,3,5,5,2,4,3,3
f8b88887,England,English,Psychology,2nd Year,18-21,Female/Woman,I do not have an SpLD,2,2,1,2,2,1,2,3,2,3,4,3,1,5
fd2f5ac7,England,English,Psychology,1st Year,18-21,Female/Woman,I do not have an SpLD,5,4,4,2,5,1,4,4,5,3,5,4,5,5
fd94a8d4,England,English,Psychology,2nd Year,26+,Female/Woman,Dyslexia,5,5,5,5,4,1,5,3,5,5,5,4,5,4
ff1c07b6,England,English,Psychology,3rd Year,18-21,Female/Woman,I do not have an SpLD,4,5,4,5,4,4,4,1,4,4,4,4,3,4
0585274f,Brazil,Non-English,Psychology,5th Year,22-25,Female/Woman,I do not have an SpLD,3,3,3,3,4,3,3,3,4,2,2,3,4,2
070004fc,Brazil,Non-English,Psychology,2nd Year,22-25,Female/Woman,I do not have an SpLD,5,3,3,3,5,5,5,3,5,3,2,3,4,3
0746d1bf,Brazil,Non-English,Psychology,1st Year,18-21,Female/Woman,I do not have an SpLD,2,3,4,4,3,4,4,2,4,2,2,4,4,2
098240cc,Brazil,Non-English,Psychology,1st Year,18-21,Male/Man,ADHD/ADD,3,1,3,2,3,3,4,3,3,1,1,4,4,2
0c44f8f2,Brazil,Non-English,Psychology,1st Year,18-21,Male/Man,I do not have an SpLD,3,1,3,2,4,1,4,2,2,3,4,3,3,2
1961f4cd,Brazil,Non-English,Psychology,2nd Year,18-21,Male/Man,I do not have an SpLD,1,1,1,1,2,1,1,1,3,1,1,1,3,1
1cab6f43,Brazil,Non-English,Psychology,3rd Year,18-21,Male/Man,ADHD/ADD,5,2,2,1,5,1,5,1,5,5,3,1,5,1
2a7f3181,Brazil,Non-English,Psychology,1st Year,NA,Female/Woman,I do not have an SpLD,1,1,1,2,2,1,2,2,1,1,4,2,2,4
301f0fbf,Brazil,Non-English,Psychology,1st Year,18-21,Female/Woman,I do not have an SpLD,4,4,3,4,4,3,4,4,4,3,4,4,3,3
388b8f27,Brazil,Non-English,Psychology,1st Year,18-21,Female/Woman,I do not have an SpLD,5,5,4,4,5,5,5,4,5,5,4,5,2,3
459d9827,Brazil,Non-English,Psychology,4th Year,18-21,Female/Woman,I do not have an SpLD,4,3,2,4,4,5,5,4,4,2,2,4,4,4
48f7381f,Brazil,Non-English,Psychology,1st Year,18-21,Male/Man,I do not have an SpLD,2,2,2,2,4,2,4,2,3,1,1,2,4,1
4af8d3f8,Brazil,Non-English,Psychology,1st Year,18-21,Male/Man,I do not have an SpLD,5,3,2,3,5,4,4,2,4,4,4,3,3,3
4dfd90f3,Brazil,Non-English,Psychology,1st Year,18-21,Male/Man,I do not have an SpLD,3,2,1,3,4,3,4,3,3,3,2,3,4,3
53b14264,Brazil,Non-English,Psychology,2nd Year,NA,Female/Woman,ADHD/ADD,3,3,3,3,4,3,4,3,3,5,4,3,4,2
5cb3bb8f,Brazil,Non-English,Psychology,2nd Year,18-21,Male/Man,I do not have an SpLD,5,3,4,3,3,3,3,3,3,4,2,4,4,2
5ffc409a,Brazil,Non-English,Psychology,1st Year,18-21,Male/Man,I do not have an SpLD,2,1,5,1,5,3,5,3,2,4,2,4,4,2
65499ca4,Brazil,Non-English,Psychology,2nd Year,18-21,Female/Woman,I do not have an SpLD,2,2,2,1,2,1,2,1,2,1,1,2,3,1
674808f9,Brazil,Non-English,Psychology,1st Year,22-25,Female/Woman,ADHD/ADD,1,1,3,1,2,3,2,1,2,1,1,1,2,1
6c48d538,Brazil,Non-English,Psychology,1st Year,18-21,Female/Woman,I do not have an SpLD,5,1,2,2,5,5,5,2,3,5,5,2,5,2
838f0f2a,Brazil,Non-English,Psychology,2nd Year,22-25,Male/Man,I do not have an SpLD,4,5,4,5,5,2,4,5,4,4,4,5,4,2
9c031f9a,Brazil,Non-English,Psychology,NA,22-25,Female/Woman,I do not have an SpLD,3,5,3,4,5,3,5,4,3,2,1,5,5,1
a082bb08,Brazil,Non-English,Psychology,1st Year,NA,Female/Woman,I do not have an SpLD,3,2,4,2,4,2,4,2,4,4,3,3,4,3
a2a666f6,Brazil,Non-English,Psychology,1st Year,18-21,Female/Woman,I do not have an SpLD,4,3,3,3,5,3,5,3,5,3,1,4,4,1
a85f4b47,Brazil,Non-English,Psychology,1st Year,18-21,Female/Woman,I do not have an SpLD,4,2,3,3,5,4,5,4,4,4,3,3,4,3
a9ff74b9,Brazil,Non-English,Psychology,5th Year,22-25,Female/Woman,I do not have an SpLD,4,1,5,4,5,5,5,5,5,1,1,4,5,3
afb1a192,Brazil,Non-English,Psychology,3rd Year,22-25,Female/Woman,ADHD/ADD,3,3,2,3,4,2,4,2,4,3,3,3,3,2
b17bbf22,Brazil,Non-English,Psychology,5th Year,NA,Female/Woman,I do not have an SpLD,5,5,3,3,5,5,5,4,3,4,5,4,5,3
b7f73f9f,Brazil,Non-English,Psychology,3rd Year,18-21,Female/Woman,I do not have an SpLD,5,5,5,5,5,5,5,5,5,4,4,5,5,4
bb7524f9,Brazil,Non-English,Psychology,2nd Year,18-21,Male/Man,I do not have an SpLD,3,5,4,3,4,3,4,3,1,1,1,5,5,1
c05ad8c4,Brazil,Non-English,Psychology,3rd Year,18-21,Female/Woman,NA,5,3,2,2,5,2,5,2,5,4,1,3,4,2
c45b417b,Brazil,Non-English,Psychology,1st Year,18-21,Male/Man,Other - Undiagnosed Non-Specific,2,2,1,2,2,2,2,2,2,2,1,2,1,1
ca5cb7c9,Brazil,Non-English,Psychology,1st Year,18-21,Male/Man,ADHD/ADD,3,1,1,3,2,1,2,1,1,3,3,2,5,1
d5cbda6b,Brazil,Non-English,Psychology,1st Year,18-21,Female/Woman,I do not have an SpLD,5,3,5,3,5,5,5,4,5,4,5,4,4,2
d99a5f7f,Brazil,Non-English,Psychology,1st Year,18-21,Female/Woman,I do not have an SpLD,5,4,3,3,5,5,5,4,5,3,4,4,5,5
dc6d0df2,Brazil,Non-English,Psychology,1st Year,18-21,Female/Woman,I do not have an SpLD,3,1,2,3,4,1,3,3,3,3,2,4,3,1
dcb73149,Brazil,Non-English,Psychology,NA,NA,NA,NA,4,4,4,3,5,2,5,2,5,4,3,4,5,2
f1fd74c5,Brazil,Non-English,Psychology,3rd Year,22-25,Female/Woman,I do not have an SpLD,3,3,4,3,5,1,5,3,5,5,2,4,4,2
f358d49f,Brazil,Non-English,Psychology,1st Year,18-21,Female/Woman,I do not have an SpLD,4,2,3,2,4,2,3,2,5,5,4,2,4,4
f94fb96d,Brazil,Non-English,Psychology,2nd Year,NA,Male/Man,I do not have an SpLD,2,1,2,2,2,1,2,1,2,2,2,2,3,2
fa8cdcf9,Brazil,Non-English,Psychology,2nd Year,18-21,Female/Woman,I do not have an SpLD,3,1,3,2,5,3,4,2,5,2,2,2,4,2
fd60cda8,Brazil,Non-English,Psychology,1st Year,18-21,Female/Woman,I do not have an SpLD,5,5,1,2,5,1,5,4,5,3,3,5,5,3
ff687899,Brazil,Non-English,Psychology,1st Year,18-21,Female/Woman,I do not have an SpLD,2,3,4,4,3,2,3,4,4,2,1,4,4,1
02d8c049,Indonesia,Non-English,Psychology,NA,NA,NA,NA,2,5,5,4,5,2,3,5,5,5,4,2,4,4
076158cf,Indonesia,Non-English,Psychology,2nd Year,18-21,Female/Woman,I do not have an SpLD,5,3,4,3,5,2,4,4,5,2,2,4,1,3
0a0ba13b,Indonesia,Non-English,Psychology,2nd Year,18-21,Male/Man,I do not have an SpLD,5,1,1,2,5,1,1,1,1,1,1,1,1,1
0b4b32c6,Indonesia,Non-English,Psychology,3rd Year,18-21,Female/Woman,I do not have an SpLD,5,5,4,5,5,5,5,4,4,4,3,4,5,5
0bfaf699,Indonesia,Non-English,Psychology,2nd Year,18-21,Female/Woman,I do not have an SpLD,4,5,3,2,5,1,5,5,5,3,2,5,3,1
0f74ad0f,Indonesia,Non-English,Psychology,3rd Year,18-21,Male/Man,NA,3,5,3,2,3,1,5,3,3,4,2,4,3,4
11662c12,Indonesia,Non-English,Psychology,1st Year,18-21,Female/Woman,I do not have an SpLD,2,1,1,1,4,3,4,2,1,2,2,1,1,1
13939d98,Indonesia,Non-English,Psychology,2nd Year,18-21,Male/Man,I do not have an SpLD,3,4,2,5,3,1,3,2,2,2,1,3,2,2
13ad2390,Indonesia,Non-English,Psychology,3rd Year,18-21,Male/Man,I do not have an SpLD,3,4,3,3,4,3,4,3,3,3,3,3,3,3
14309c14,Indonesia,Non-English,Psychology,2nd Year,18-21,Female/Woman,I do not have an SpLD,3,3,3,3,3,3,4,4,4,2,1,3,3,1
1622cb49,Indonesia,Non-English,Psychology,3rd Year,18-21,Female/Woman,I do not have an SpLD,3,1,1,3,4,1,3,3,5,4,1,3,5,1
1a3bfa95,Indonesia,Non-English,Psychology,1st Year,NA,Female/Woman,NA,3,2,2,3,5,1,3,1,5,2,1,3,1,3
1f0dad00,Indonesia,Non-English,Psychology,3rd Year,18-21,Another Gender,NA,5,5,5,5,5,5,5,5,5,5,5,5,5,5
1f4397b2,Indonesia,Non-English,Psychology,3rd Year,18-21,Female/Woman,I do not have an SpLD,4,4,3,4,4,1,5,4,5,4,4,4,5,2
1fa7073c,Indonesia,Non-English,Psychology,2nd Year,18-21,Female/Woman,I do not have an SpLD,1,1,1,1,4,1,3,1,4,2,2,2,1,1
20bd3fcc,Indonesia,Non-English,Psychology,2nd Year,18-21,Male/Man,I do not have an SpLD,3,4,4,3,4,2,4,3,4,3,2,4,3,3
20fc5f3d,Indonesia,Non-English,Psychology,2nd Year,18-21,Female/Woman,I do not have an SpLD,3,3,3,2,3,3,3,3,3,3,3,3,3,3
270bdc3a,Indonesia,Non-English,Psychology,1st Year,18-21,Female/Woman,I do not have an SpLD,3,2,3,2,3,2,2,3,3,1,2,2,4,1
27a1f611,Indonesia,Non-English,Psychology,2nd Year,18-21,Female/Woman,I do not have an SpLD,5,5,4,4,5,1,5,4,5,5,4,4,5,4
2965a22a,Indonesia,Non-English,Psychology,NA,NA,Female/Woman,NA,4,3,1,4,4,1,4,3,5,4,2,3,4,4
2b9fc5d1,Indonesia,Non-English,Psychology,3rd Year,18-21,Female/Woman,I do not have an SpLD,3,1,1,1,4,1,1,1,3,2,1,1,3,1
2ba9196c,Indonesia,Non-English,Psychology,NA,22-25,Male/Man,I do not have an SpLD,2,4,4,2,4,1,2,4,2,2,3,4,1,1
2f14c51c,Indonesia,Non-English,Psychology,NA,NA,NA,NA,4,3,4,2,4,1,4,3,2,2,2,3,2,1
2f7f437a,Indonesia,Non-English,Psychology,2nd Year,18-21,Female/Woman,I do not have an SpLD,5,2,1,3,5,1,4,2,4,4,3,1,2,2
2fbbf051,Indonesia,Non-English,Psychology,3rd Year,18-21,Female/Woman,I do not have an SpLD,4,3,2,2,4,2,3,2,5,4,3,3,4,1
306f6815,Indonesia,Non-English,Psychology,2nd Year,18-21,Female/Woman,I do not have an SpLD,2,4,3,3,5,3,4,2,4,2,2,5,4,2
32a021ff,Indonesia,Non-English,Psychology,3rd Year,18-21,Female/Woman,I do not have an SpLD,5,5,4,3,5,1,5,5,5,4,4,3,5,3
3345f16f,Indonesia,Non-English,Psychology,2nd Year,18-21,Male/Man,I do not have an SpLD,4,3,3,2,4,1,5,3,5,5,5,2,5,2
36888d80,Indonesia,Non-English,Psychology,2nd Year,18-21,Female/Woman,I do not have an SpLD,3,1,2,1,3,1,3,2,3,4,2,1,4,3
38cc2427,Indonesia,Non-English,Psychology,NA,18-21,Female/Woman,I do not have an SpLD,4,4,3,2,4,1,3,4,1,4,3,4,2,2
3ab7140d,Indonesia,Non-English,Psychology,1st Year,18-21,Female/Woman,I do not have an SpLD,3,3,3,2,4,1,4,3,4,2,2,2,3,2
3b4cdbdc,Indonesia,Non-English,Psychology,1st Year,18-21,Female/Woman,I do not have an SpLD,4,3,3,3,4,3,4,3,3,1,3,3,4,2
3b929c86,Indonesia,Non-English,Psychology,2nd Year,18-21,Female/Woman,NA,5,2,3,3,5,2,5,3,5,4,3,3,3,1
3c2fa237,Indonesia,Non-English,Psychology,3rd Year,18-21,Female/Woman,I do not have an SpLD,4,4,4,1,5,1,5,4,5,4,4,4,5,4
3f1ac7fa,Indonesia,Non-English,Psychology,2nd Year,18-21,Male/Man,I do not have an SpLD,5,4,2,4,4,2,5,3,1,1,1,4,2,1
3fff5499,Indonesia,Non-English,Psychology,2nd Year,18-21,Female/Woman,I do not have an SpLD,4,3,3,3,4,1,4,3,1,3,3,2,3,2
403d40f9,Indonesia,Non-English,Psychology,2nd Year,18-21,Female/Woman,I do not have an SpLD,4,4,3,4,5,1,4,4,4,2,2,4,4,4
40f26f93,Indonesia,Non-English,Psychology,3rd Year,18-21,Female/Woman,I do not have an SpLD,3,4,4,3,4,2,3,3,3,4,4,3,3,2
42ccf05c,Indonesia,Non-English,Psychology,2nd Year,18-21,Female/Woman,NA,3,3,3,4,4,2,2,3,3,4,3,4,4,2
4424bcf8,Indonesia,Non-English,Psychology,3rd Year,18-21,Female/Woman,NA,5,3,4,1,5,1,5,2,4,4,4,2,3,4
44f45141,Indonesia,Non-English,Psychology,3rd Year,NA,Female/Woman,I do not have an SpLD,3,3,4,3,5,1,4,4,4,4,3,2,5,3
45174a7d,Indonesia,Non-English,Psychology,3rd Year,18-21,Female/Woman,I do not have an SpLD,4,3,3,3,5,1,4,4,4,5,5,4,4,3
47c7d4b9,Indonesia,Non-English,Psychology,2nd Year,NA,Female/Woman,NA,2,2,3,3,5,3,3,2,4,3,3,3,2,2
49330712,Indonesia,Non-English,Psychology,4th Year,18-21,Male/Man,NA,2,3,3,2,4,1,2,1,4,3,3,2,4,3
4daa5f10,Indonesia,Non-English,Psychology,3rd Year,18-21,Female/Woman,I do not have an SpLD,5,5,5,5,5,4,4,5,5,3,4,5,5,3
51c96329,Indonesia,Non-English,Psychology,2nd Year,18-21,Female/Woman,NA,5,5,1,5,5,1,5,4,5,4,3,3,5,3
521193bb,Indonesia,Non-English,Psychology,3rd Year,18-21,Female/Woman,I do not have an SpLD,2,4,2,2,3,1,3,2,2,2,3,2,3,2
53a41885,Indonesia,Non-English,Psychology,2nd Year,18-21,Female/Woman,NA,2,5,4,3,5,1,5,4,5,4,4,4,3,2
56908d68,Indonesia,Non-English,Psychology,1st Year,18-21,Another Gender,NA,4,4,4,4,5,2,4,3,5,3,4,4,2,4
56bd312b,Indonesia,Non-English,Psychology,NA,NA,NA,NA,5,5,4,5,5,4,5,5,4,5,5,4,4,4
5782ffb4,Indonesia,Non-English,Psychology,2nd Year,18-21,Female/Woman,I do not have an SpLD,3,3,4,4,3,3,5,3,5,3,3,4,4,3
5d435642,Indonesia,Non-English,Psychology,2nd Year,NA,Female/Woman,I do not have an SpLD,2,1,3,1,4,1,3,1,2,1,1,1,2,1
5daf0c83,Indonesia,Non-English,Psychology,2nd Year,18-21,Male/Man,NA,1,2,1,2,1,1,2,3,2,2,1,1,1,1
6264241c,Indonesia,Non-English,Psychology,3rd Year,18-21,Female/Woman,I do not have an SpLD,2,5,3,4,5,1,5,5,3,4,2,3,3,2
62daf018,Indonesia,Non-English,Psychology,2nd Year,18-21,Female/Woman,I do not have an SpLD,4,3,4,3,5,1,4,4,4,4,3,4,3,3
633603b5,Indonesia,Non-English,Psychology,2nd Year,18-21,Female/Woman,NA,5,5,5,4,5,4,5,5,5,5,5,4,5,4
6afcb2b9,Indonesia,Non-English,Psychology,NA,18-21,Male/Man,NA,2,2,2,1,3,1,3,2,2,2,1,2,2,2
718d69df,Indonesia,Non-English,Psychology,3rd Year,18-21,Male/Man,I do not have an SpLD,3,1,1,1,3,1,3,1,2,2,1,2,3,1
7459f665,Indonesia,Non-English,Psychology,3rd Year,18-21,Female/Woman,I do not have an SpLD,4,5,4,3,5,1,5,4,5,1,1,4,2,4
753f9c27,Indonesia,Non-English,Psychology,3rd Year,18-21,Female/Woman,I do not have an SpLD,4,3,4,3,5,3,5,3,4,3,3,4,5,3
78950fa3,Indonesia,Non-English,Psychology,3rd Year,18-21,Male/Man,I do not have an SpLD,2,4,4,3,5,1,5,3,5,4,4,4,4,1
7fc8a420,Indonesia,Non-English,Psychology,2nd Year,18-21,Male/Man,I do not have an SpLD,3,3,3,1,4,1,2,3,2,1,1,1,2,2
82a73157,Indonesia,Non-English,Psychology,2nd Year,18-21,Female/Woman,I do not have an SpLD,3,3,2,3,4,2,3,2,3,3,2,3,3,2
851fa0a7,Indonesia,Non-English,Psychology,2nd Year,18-21,Female/Woman,I do not have an SpLD,4,3,3,3,4,1,4,3,4,4,3,4,2,2
85753f69,Indonesia,Non-English,Psychology,2nd Year,18-21,Female/Woman,NA,2,3,3,2,4,2,4,3,4,3,3,3,4,2
865ca517,Indonesia,Non-English,Psychology,1st Year,18-21,Male/Man,I do not have an SpLD,4,1,1,1,4,1,4,2,3,1,1,1,1,1
888f249f,Indonesia,Non-English,Psychology,2nd Year,18-21,Male/Man,I do not have an SpLD,3,2,1,1,5,1,4,2,3,4,2,2,4,3
8b4db69a,Indonesia,Non-English,Psychology,2nd Year,NA,Female/Woman,I do not have an SpLD,2,3,3,1,4,1,1,2,3,3,1,1,5,1
8bcaa61f,Indonesia,Non-English,Psychology,2nd Year,18-21,Female/Woman,I do not have an SpLD,2,2,2,2,4,1,4,3,3,4,1,3,1,1
8d26a403,Indonesia,Non-English,Psychology,3rd Year,18-21,Female/Woman,I do not have an SpLD,4,4,3,4,5,3,3,4,5,3,3,3,5,3
9019fcbf,Indonesia,Non-English,Psychology,2nd Year,18-21,Female/Woman,I do not have an SpLD,4,4,4,3,5,2,5,4,5,3,3,2,4,4
93c4354f,Indonesia,Non-English,Psychology,3rd Year,18-21,Female/Woman,I do not have an SpLD,4,4,4,3,4,1,4,4,4,3,4,4,2,4
97013784,Indonesia,Non-English,Psychology,2nd Year,18-21,Female/Woman,I do not have an SpLD,4,5,3,5,4,4,4,4,5,5,4,5,4,4
976cf540,Indonesia,Non-English,Psychology,2nd Year,18-21,Female/Woman,I do not have an SpLD,3,3,3,3,3,3,3,3,3,3,3,3,4,3
9980d0f9,Indonesia,Non-English,Psychology,2nd Year,18-21,Female/Woman,I do not have an SpLD,4,3,3,5,4,2,4,4,4,2,2,5,2,2
9ac4979a,Indonesia,Non-English,Psychology,2nd Year,18-21,NA,I do not have an SpLD,4,4,3,4,4,1,3,4,4,5,4,4,4,1
9b96c41c,Indonesia,Non-English,Psychology,3rd Year,18-21,Female/Woman,I do not have an SpLD,3,3,1,2,3,1,2,1,4,1,1,3,3,1
9cb73a91,Indonesia,Non-English,Psychology,1st Year,18-21,Female/Woman,I do not have an SpLD,3,3,3,2,5,2,4,3,2,2,3,2,4,3
a00cd6f6,Indonesia,Non-English,Psychology,3rd Year,18-21,Female/Woman,I do not have an SpLD,2,4,3,3,3,2,3,1,4,4,4,3,3,2
a0357843,Indonesia,Non-English,Psychology,2nd Year,18-21,Female/Woman,I do not have an SpLD,3,3,3,1,5,1,4,3,4,3,3,1,4,2
a3c74f75,Indonesia,Non-English,Psychology,2nd Year,18-21,Female/Woman,I do not have an SpLD,4,1,2,1,4,1,4,1,5,1,1,1,4,1
a4dcdc02,Indonesia,Non-English,Psychology,2nd Year,18-21,Female/Woman,I do not have an SpLD,5,5,2,4,5,1,5,5,5,5,5,5,5,4
a710b588,Indonesia,Non-English,Psychology,2nd Year,18-21,Female/Woman,I do not have an SpLD,3,1,3,1,4,3,4,2,5,4,3,2,4,3
a956df04,Indonesia,Non-English,Psychology,3rd Year,18-21,Female/Woman,I do not have an SpLD,4,2,2,1,5,1,5,1,4,1,1,2,2,1
ab088ff7,Indonesia,Non-English,Psychology,2nd Year,18-21,Female/Woman,I do not have an SpLD,3,4,4,3,4,1,3,4,4,2,2,1,3,2
ab9b28b7,Indonesia,Non-English,Psychology,3rd Year,18-21,Female/Woman,I do not have an SpLD,2,1,1,1,3,1,2,1,2,2,1,1,2,1
af9f40a2,Indonesia,Non-English,Psychology,NA,18-21,Female/Woman,I do not have an SpLD,5,5,5,3,5,5,5,5,5,5,4,5,5,4
afbca3d2,Indonesia,Non-English,Psychology,2nd Year,18-21,Female/Woman,I do not have an SpLD,2,4,4,3,4,3,3,3,2,3,2,3,4,2
b5559a50,Indonesia,Non-English,Psychology,3rd Year,18-21,Female/Woman,I do not have an SpLD,5,4,5,4,4,5,4,3,5,5,3,4,4,3
bb4f23c9,Indonesia,Non-English,Psychology,2nd Year,18-21,Female/Woman,I do not have an SpLD,3,3,3,3,3,2,4,2,3,4,2,3,4,2
c172fdd3,Indonesia,Non-English,Psychology,NA,18-21,Female/Woman,I do not have an SpLD,4,3,3,2,5,3,4,4,3,3,3,4,4,4
c201dfcf,Indonesia,Non-English,Psychology,2nd Year,18-21,Male/Man,I do not have an SpLD,1,3,3,2,4,1,2,3,2,1,1,4,1,1
c4cf5f24,Indonesia,Non-English,Psychology,3rd Year,18-21,Female/Woman,I do not have an SpLD,4,4,4,4,5,2,4,4,5,5,5,4,5,4
c690427f,Indonesia,Non-English,Psychology,1st Year,18-21,Female/Woman,I do not have an SpLD,1,4,2,3,4,1,4,4,2,4,4,3,4,1
c6f6a09d,Indonesia,Non-English,Psychology,3rd Year,18-21,Female/Woman,I do not have an SpLD,3,2,2,2,4,1,3,2,4,3,2,2,5,3
c7475f7a,Indonesia,Non-English,Psychology,2nd Year,18-21,Female/Woman,I do not have an SpLD,5,4,5,4,5,3,4,5,5,5,5,4,5,5
c7c4d74f,Indonesia,Non-English,Psychology,2nd Year,18-21,Female/Woman,I do not have an SpLD,2,4,4,4,4,4,5,4,4,4,4,4,4,2
cd057f27,Indonesia,Non-English,Psychology,1st Year,18-21,Male/Man,I do not have an SpLD,4,4,2,4,5,1,5,3,5,2,2,3,4,1
cd99fb24,Indonesia,Non-English,Psychology,3rd Year,18-21,Female/Woman,I do not have an SpLD,3,4,2,3,4,3,5,4,4,4,4,3,4,2
cf08c031,Indonesia,Non-English,Psychology,2nd Year,22-25,Male/Man,I do not have an SpLD,4,3,3,3,4,1,5,3,3,2,2,3,3,3
cf3fdf47,Indonesia,Non-English,Psychology,2nd Year,22-25,Male/Man,I do not have an SpLD,3,4,1,1,1,1,3,2,4,2,1,2,1,1
cf60dc45,Indonesia,Non-English,Psychology,1st Year,18-21,Female/Woman,I do not have an SpLD,4,4,4,2,5,2,5,3,4,3,3,4,5,2
d081f89a,Indonesia,Non-English,Psychology,2nd Year,18-21,Female/Woman,I do not have an SpLD,4,5,3,2,5,1,5,5,5,5,3,2,2,4
d9f44f46,Indonesia,Non-English,Psychology,2nd Year,18-21,Female/Woman,I do not have an SpLD,4,4,5,2,5,3,5,3,4,5,4,4,4,4
da17f1c9,Indonesia,Non-English,Psychology,NA,18-21,Female/Woman,I do not have an SpLD,3,3,4,2,4,1,1,4,3,4,4,1,5,5
dca5147a,Indonesia,Non-English,Psychology,3rd Year,18-21,Female/Woman,I do not have an SpLD,5,5,4,4,5,4,5,4,4,5,4,4,4,5
dcf9f6bb,Indonesia,Non-English,Psychology,2nd Year,18-21,Female/Woman,I do not have an SpLD,3,3,2,1,4,1,3,1,3,2,2,1,4,1
df1ffd34,Indonesia,Non-English,Psychology,3rd Year,18-21,Female/Woman,I do not have an SpLD,2,2,1,1,3,1,2,1,2,1,1,2,3,1
f0b62d05,Indonesia,Non-English,Psychology,2nd Year,18-21,Female/Woman,I do not have an SpLD,3,4,3,4,4,2,4,3,2,3,1,5,3,1
f100146d,Indonesia,Non-English,Psychology,2nd Year,18-21,Female/Woman,I do not have an SpLD,4,2,3,2,5,1,5,4,1,1,1,3,3,2
f2f9d1f3,Indonesia,Non-English,Psychology,2nd Year,18-21,Female/Woman,I do not have an SpLD,4,4,2,2,5,2,4,3,4,4,2,3,4,3
f46f3571,Indonesia,Non-English,Psychology,2nd Year,18-21,Female/Woman,NA,4,4,2,3,4,2,3,3,1,2,1,3,3,1
f485211f,Indonesia,Non-English,Psychology,NA,18-21,Female/Woman,I do not have an SpLD,3,3,3,2,5,2,5,4,4,5,3,4,4,1
f49298cd,Indonesia,Non-English,Psychology,2nd Year,18-21,Female/Woman,I do not have an SpLD,3,4,3,5,5,2,5,4,4,2,2,4,5,1
f5682f52,Indonesia,Non-English,Psychology,2nd Year,18-21,Male/Man,I do not have an SpLD,4,2,3,4,5,2,5,3,5,1,1,3,3,2
f65173a4,Indonesia,Non-English,Psychology,2nd Year,18-21,Female/Woman,I do not have an SpLD,5,4,5,4,5,3,5,5,5,5,4,5,5,4
f793652d,Indonesia,Non-English,Psychology,2nd Year,18-21,Female/Woman,I do not have an SpLD,3,3,3,1,4,1,4,3,1,3,1,1,4,1
f8f4b3b6,Indonesia,Non-English,Psychology,2nd Year,18-21,Female/Woman,I do not have an SpLD,5,4,4,5,5,3,5,4,4,4,4,5,3,4
fa7dacf9,Indonesia,Non-English,Psychology,2nd Year,18-21,Female/Woman,ADHD/ADD,4,2,3,2,4,1,4,3,5,4,2,2,4,2
fad1d0ca,Indonesia,Non-English,Psychology,1st Year,18-21,Female/Woman,I do not have an SpLD,3,2,3,3,4,2,4,3,3,2,2,2,3,2
fc2810a7,Indonesia,Non-English,Psychology,2nd Year,18-21,Female/Woman,I do not have an SpLD,5,4,4,4,5,2,5,4,5,5,4,4,4,3
fd7d6b65,Indonesia,Non-English,Psychology,NA,18-21,Female/Woman,I do not have an SpLD,2,2,2,2,2,1,2,2,1,2,3,2,1,2
fddf6744,Indonesia,Non-English,Psychology,3rd Year,18-21,Female/Woman,I do not have an SpLD,4,3,3,2,4,1,3,2,3,2,2,2,3,1
fffc6191,Indonesia,Non-English,Psychology,2nd Year,18-21,Male/Man,ADHD/ADD,2,3,3,4,4,2,3,2,5,3,4,2,2,2
08a0a6d0,England,English,Social Sciences,2nd Year,18-21,Female/Woman,NA,4,3,4,2,5,2,5,3,5,2,4,2,2,4
14d062f3,England,English,Social Sciences,2nd Year,18-21,Female/Woman,I do not have an SpLD,5,5,5,5,5,3,5,5,5,4,4,5,5,3
1a2a190f,England,English,Social Sciences,2nd Year,18-21,Male/Man,I do not have an SpLD,3,4,3,2,3,1,3,2,3,3,3,4,3,3
2049b21f,England,English,Social Sciences,2nd Year,18-21,Female/Woman,I do not have an SpLD,3,2,3,1,5,3,5,2,5,2,2,3,4,2
27157f9c,England,English,Social Sciences,2nd Year,18-21,Another Gender,I do not have an SpLD,5,5,4,4,5,4,5,5,5,4,4,5,5,4
32bafcd9,England,English,Social Sciences,NA,NA,NA,NA,3,1,2,1,4,1,5,2,4,1,3,2,1,3
4289f695,England,English,Social Sciences,2nd Year,18-21,Female/Woman,"Dyslexia, ADHD/ADD",3,4,1,2,4,2,5,2,4,3,2,4,5,3
4533a00a,England,English,Social Sciences,3rd Year,26+,Female/Woman,I do not have an SpLD,1,3,2,1,1,2,2,2,3,2,2,2,1,2
59402379,England,English,Social Sciences,2nd Year,18-21,Female/Woman,I do not have an SpLD,3,2,2,2,4,1,4,3,4,2,2,2,3,2
654f7caf,England,English,Social Sciences,2nd Year,18-21,Female/Woman,I do not have an SpLD,4,4,3,3,5,2,5,2,5,5,5,4,4,5
72df0a7f,England,English,Social Sciences,2nd Year,22-25,Female/Woman,I do not have an SpLD,4,4,4,4,4,4,5,4,5,3,5,4,5,5
81233f3d,England,English,Social Sciences,2nd Year,18-21,Female/Woman,I do not have an SpLD,3,3,4,3,5,1,5,3,5,2,3,3,3,2
87cf8d97,England,English,Social Sciences,3rd Year,18-21,Male/Man,I do not have an SpLD,2,1,1,2,4,1,1,1,1,1,1,4,2,1
8c51fb1d,England,English,Social Sciences,2nd Year,18-21,Female/Woman,Dyslexia,4,3,3,3,4,4,5,3,4,2,1,3,4,1
933f65af,England,English,Social Sciences,3rd Year,18-21,Female/Woman,I do not have an SpLD,3,4,3,4,3,2,3,3,5,3,4,5,4,3
963207d8,England,English,Social Sciences,2nd Year,22-25,Female/Woman,Dyslexia,3,5,4,3,5,5,4,5,3,1,2,5,3,1
9d15f89a,England,English,Social Sciences,2nd Year,18-21,Female/Woman,I do not have an SpLD,4,2,3,2,4,1,3,2,3,2,2,3,3,2
9d640191,England,English,Social Sciences,3rd Year,22-25,Female/Woman,I do not have an SpLD,1,3,4,3,3,1,3,2,3,1,4,2,3,1
9fb7bf31,England,English,Social Sciences,3rd Year,22-25,Female/Woman,I do not have an SpLD,5,5,5,2,5,5,5,5,5,5,5,5,5,4
a8c993cd,England,English,Social Sciences,1st Year,18-21,Female/Woman,I do not have an SpLD,3,5,3,5,3,5,3,2,3,2,5,5,5,2
aa28d764,England,English,Social Sciences,2nd Year,22-25,Female/Woman,I do not have an SpLD,3,3,4,2,5,4,5,3,5,4,4,3,4,3
b3392ffb,England,English,Social Sciences,2nd Year,18-21,Female/Woman,I do not have an SpLD,2,2,3,2,2,1,2,1,2,1,1,2,2,2
c5f45cb7,England,English,Social Sciences,2nd Year,18-21,Female/Woman,I do not have an SpLD,5,3,3,2,4,3,3,4,4,3,4,3,4,3
d10f9866,England,English,Social Sciences,2nd Year,18-21,Female/Woman,ADHD/ADD,3,3,5,4,4,2,4,3,4,3,4,4,3,3
d31acfdb,England,English,Social Sciences,2nd Year,18-21,Female/Woman,I do not have an SpLD,5,4,2,1,5,1,5,1,5,4,3,3,4,1
db8c24bf,England,English,Social Sciences,3rd Year,18-21,Female/Woman,I do not have an SpLD,4,2,2,1,4,4,3,1,2,1,1,2,2,1
df30fc70,England,English,Social Sciences,2nd Year,18-21,Female/Woman,I do not have an SpLD,3,5,4,4,5,5,2,1,3,5,2,4,5,2
f28ca8a8,England,English,Social Sciences,2nd Year,18-21,Male/Man,I do not have an SpLD,2,2,2,1,3,1,3,1,3,1,1,2,4,1
f6320f56,England,English,Social Sciences,3rd Year,22-25,Female/Woman,I do not have an SpLD,5,3,2,1,4,2,5,2,5,1,1,2,5,1
f82d1470,England,English,Social Sciences,2nd Year,22-25,Female/Woman,"Dyslexia, Dyspraxia, ADHD/ADD",3,1,5,1,5,1,2,1,2,3,2,1,4,1
fa645ff4,England,English,Social Sciences,2nd Year,26+,Female/Woman,I do not have an SpLD,5,4,4,4,5,4,5,4,5,3,3,4,5,3
0fd9faad,Scotland,English,Psychology,2nd Year,22-25,Female/Woman,I do not have an SpLD,5,2,4,2,5,1,5,4,4,2,3,3,5,2
10d37dba,Scotland,English,Psychology,4th Year,22-25,Female/Woman,Dyslexia,4,3,4,4,5,3,5,4,5,5,4,3,5,3
1f205a24,Scotland,English,Psychology,3rd Year,18-21,Male/Man,I do not have an SpLD,4,3,4,4,5,3,3,3,4,2,1,5,5,2
24910150,Scotland,English,Psychology,3rd Year,18-21,Female/Woman,NA,4,4,4,2,5,2,5,4,3,4,4,5,4,2
3232f218,Scotland,English,Psychology,2nd Year,22-25,Female/Woman,I do not have an SpLD,4,4,2,3,4,4,4,5,4,2,1,3,1,1
3463419d,Scotland,English,Psychology,3rd Year,26+,Female/Woman,I do not have an SpLD,5,5,5,5,5,1,5,5,5,4,5,5,4,5
35f7c2c7,Scotland,English,Psychology,4th Year,18-21,Another Gender,I do not have an SpLD,4,2,2,1,4,2,3,3,4,1,1,1,2,1
377f2183,Scotland,English,Psychology,3rd Year,22-25,Male/Man,ADHD/ADD,5,4,2,1,5,2,5,5,5,5,5,3,2,3
4787dc1c,Scotland,English,Psychology,4th Year,26+,Female/Woman,I do not have an SpLD,5,4,4,4,5,3,5,4,5,5,4,4,5,5
4f110bb7,Scotland,English,Psychology,NA,NA,NA,NA,4,4,2,3,5,2,5,4,5,4,3,3,3,3
5f3b36b5,Scotland,English,Psychology,2nd Year,26+,Female/Woman,I do not have an SpLD,4,3,5,1,5,4,5,2,4,3,3,2,3,2
674f047a,Scotland,English,Psychology,3rd Year,22-25,Female/Woman,I do not have an SpLD,1,1,1,1,2,1,2,1,2,1,1,1,1,2
67f3ff85,Scotland,English,Psychology,3rd Year,26+,Female/Woman,NA,5,3,3,3,5,3,5,2,5,2,2,3,4,2
73fbc67c,Scotland,English,Psychology,1st Year,18-21,Female/Woman,I do not have an SpLD,4,2,4,2,5,3,5,2,5,4,4,3,4,4
79f73a7c,Scotland,English,Psychology,2nd Year,18-21,Male/Man,I do not have an SpLD,1,1,1,1,1,1,1,1,1,1,1,1,1,1
8543ff84,Scotland,English,Psychology,2nd Year,18-21,Female/Woman,I do not have an SpLD,4,4,2,3,4,4,4,5,4,4,4,3,3,3
878acf25,Scotland,English,Psychology,4th Year,22-25,Female/Woman,I do not have an SpLD,4,3,4,2,4,3,4,3,4,4,3,3,4,3
8f0f6a12,Scotland,English,Psychology,4th Year,22-25,Female/Woman,I do not have an SpLD,3,2,2,2,4,3,3,2,4,2,2,2,3,2
8fb1a4b0,Scotland,English,Psychology,4th Year,22-25,Female/Woman,I do not have an SpLD,5,5,5,5,5,4,5,5,4,4,3,5,5,3
94313d08,Scotland,English,Psychology,1st Year,26+,Female/Woman,NA,4,2,3,2,4,2,4,2,2,1,1,2,2,1
964ff457,Scotland,English,Psychology,3rd Year,18-21,Female/Woman,I do not have an SpLD,4,4,3,3,5,4,5,3,5,4,2,3,5,2
9a9f4122,Scotland,English,Psychology,4th Year,18-21,Female/Woman,Other - Undiagnosed Dyscalculia,4,4,4,3,4,3,5,3,4,3,3,3,4,3
9b61379f,Scotland,English,Psychology,2nd Year,18-21,Female/Woman,I do not have an SpLD,5,1,1,1,5,1,5,4,5,2,2,1,5,1
9dcd9544,Scotland,English,Psychology,2nd Year,18-21,Male/Man,I do not have an SpLD,1,1,1,1,5,5,3,3,3,2,4,1,2,3
a0ccc4f0,Scotland,English,Psychology,3rd Year,22-25,Female/Woman,I do not have an SpLD,3,2,3,2,2,3,3,1,4,2,3,2,3,2
a92413f6,Scotland,English,Psychology,4th Year,22-25,Female/Woman,I do not have an SpLD,5,5,5,5,5,5,5,5,5,5,5,5,5,5
acc6bf88,Scotland,English,Psychology,4th Year,26+,Female/Woman,I do not have an SpLD,5,2,2,3,5,2,5,3,5,2,3,2,4,2
b04fb125,Scotland,English,Psychology,NA,NA,NA,NA,4,3,3,1,4,2,4,2,4,3,3,2,2,2
d093bcc2,Scotland,English,Psychology,3rd Year,22-25,Female/Woman,NA,5,2,2,2,5,5,5,3,5,1,1,2,5,1
d11c4c30,Scotland,English,Psychology,1st Year,18-21,Male/Man,Dyslexia,2,1,1,1,2,1,3,1,4,1,3,1,1,2
d7cfa7b2,Scotland,English,Psychology,2nd Year,18-21,Female/Woman,I do not have an SpLD,2,1,2,1,4,1,4,1,2,2,2,1,2,2
dc3d8c9a,Scotland,English,Psychology,1st Year,18-21,Male/Man,I do not have an SpLD,5,5,4,3,5,1,5,3,5,5,4,3,5,4
f9da5105,Scotland,English,Psychology,2nd Year,18-21,Female/Woman,I do not have an SpLD,5,5,4,5,5,5,5,5,5,5,5,5,NA,4
ff92bb63,Scotland,English,Psychology,1st Year,18-21,Female/Woman,I do not have an SpLD,5,3,5,4,5,5,5,4,5,5,4,5,4,3
fff9ff76,Scotland,English,Psychology,3rd Year,26+,Female/Woman,I do not have an SpLD,5,3,3,5,5,5,5,3,5,3,5,5,5,3
6151245b,India,English,Social Sciences,3rd Year,18-21,Female/Woman,I do not have an SpLD,5,4,4,4,5,3,5,5,5,4,3,4,5,2
656357f3,India,English,Psychology,3rd Year,18-21,Female/Woman,I do not have an SpLD,5,5,4,5,4,5,5,4,5,5,5,5,4,3
6f8f3cb3,India,English,Psychology,3rd Year,18-21,Female/Woman,I do not have an SpLD,5,5,5,5,5,2,5,5,5,4,2,5,5,2
7bfff387,India,English,Social Sciences,3rd Year,18-21,Female/Woman,I do not have an SpLD,5,4,4,5,5,4,3,5,5,5,5,5,5,5
9d6cf374,India,English,Social Sciences,3rd Year,18-21,Female/Woman,I do not have an SpLD,3,2,2,2,4,2,5,3,5,3,2,2,3,2
af6f87d7,India,English,Psychology,3rd Year,18-21,Female/Woman,I do not have an SpLD,2,5,5,4,2,4,3,5,3,1,2,4,3,2
d0bf8100,India,English,Social Sciences,2nd Year,18-21,Male/Man,I do not have an SpLD,4,1,2,2,5,1,3,2,4,3,3,2,4,3
0350a999,USA,English,Psychology,3rd Year,18-21,Female/Woman,ADHD/ADD,4,2,4,2,5,1,4,4,5,2,3,2,4,2
0476f74c,USA,English,Psychology,3rd Year,18-21,Female/Woman,I do not have an SpLD,5,5,5,5,5,5,5,5,5,5,5,5,5,5
1d2ca252,USA,English,Psychology,3rd Year,26+,Female/Woman,ADHD/ADD,4,2,2,1,5,1,5,1,5,5,3,2,4,2
26785f5b,USA,English,Psychology,1st Year,18-21,Female/Woman,I do not have an SpLD,5,3,4,4,4,2,4,3,5,2,4,3,4,3
2ad7adb0,USA,English,Psychology,4th Year,18-21,Female/Woman,ADHD/ADD,4,1,2,1,5,3,4,2,4,1,1,1,1,1
2d517fc5,USA,English,Psychology,3rd Year,22-25,Another Gender,ADHD/ADD,5,3,3,3,4,2,5,5,4,5,2,4,4,4
31015cf4,USA,English,Psychology,4th Year,18-21,Female/Woman,I do not have an SpLD,5,3,5,3,5,3,5,5,5,2,4,5,5,3
35402ff2,USA,English,Psychology,4th Year,26+,Female/Woman,I do not have an SpLD,3,3,4,2,4,1,4,3,4,2,2,3,3,2
39f5c468,USA,English,Psychology,1st Year,18-21,Female/Woman,I do not have an SpLD,1,2,3,3,2,2,2,3,1,4,4,2,3,4
40c4f989,USA,English,Psychology,3rd Year,26+,Female/Woman,NA,3,4,3,3,5,1,5,4,5,2,2,3,5,1
710cff86,USA,English,Psychology,3rd Year,26+,Female/Woman,"ADHD/ADD, Other - Redacted",1,3,2,1,4,2,3,4,3,1,3,5,3,4
9b709811,USA,English,Psychology,2nd Year,18-21,Female/Woman,I do not have an SpLD,4,5,5,4,5,4,5,4,5,5,5,5,5,5
a15f7115,USA,English,Psychology,3rd Year,18-21,Another Gender,I do not have an SpLD,2,1,1,1,2,1,2,1,1,1,2,1,1,2
aaab6d0c,USA,English,Psychology,3rd Year,26+,Female/Woman,Other - Not an SpLD,5,2,4,2,5,1,5,4,4,1,1,2,4,1
c81514b4,USA,English,Psychology,2nd Year,18-21,Female/Woman,Dyslexia,2,2,2,1,4,1,3,1,2,4,1,2,1,1
d98a2bfd,USA,English,Psychology,3rd Year,18-21,Female/Woman,I do not have an SpLD,1,1,1,1,1,1,1,2,1,1,1,2,1,2
f2c7f0d9,USA,English,Psychology,1st Year,18-21,Female/Woman,I do not have an SpLD,3,2,3,2,4,1,4,2,3,5,3,3,4,3
f4a37f9c,USA,English,Psychology,3rd Year,26+,Female/Woman,ADHD/ADD,2,2,2,1,4,1,1,2,2,1,1,1,4,1
f9cdb9bb,USA,English,Psychology,4th Year,22-25,Female/Woman,I do not have an SpLD,4,3,2,4,4,4,5,3,4,5,5,4,5,5
fb6a4a74,USA,English,Psychology,4th Year,26+,Female/Woman,I do not have an SpLD,4,1,1,1,4,1,4,1,4,1,1,1,1,1
fc1f4aa2,USA,English,Psychology,1st Year,26+,Male/Man,ADHD/ADD,2,2,2,2,2,1,2,1,2,3,3,2,2,2
07a5d225,Chile,Non-English,Psychology,4th Year,22-25,Female/Woman,I do not have an SpLD,2,3,3,3,3,2,3,3,3,3,2,4,3,2
0a072f6b,Chile,Non-English,Social Sciences,4th Year,22-25,Male/Man,ADHD/ADD,4,5,2,1,4,1,4,3,3,5,4,5,5,5
0fcdcdf5,Chile,Non-English,Psychology,5th Year,22-25,Another Gender,I do not have an SpLD,1,1,1,1,2,1,2,1,2,2,2,1,1,2
1bc1bff9,Chile,Non-English,Psychology,5th Year,22-25,Female/Woman,ADHD/ADD,3,3,1,3,3,2,3,2,2,1,3,4,1,3
2ba916d3,Chile,Non-English,Psychology,4th Year,18-21,Female/Woman,I do not have an SpLD,2,2,2,2,4,1,3,2,3,2,2,2,3,2
2dc7291d,Chile,Non-English,Psychology,4th Year,22-25,Female/Woman,I do not have an SpLD,3,4,4,3,5,1,5,3,5,2,2,4,3,2
2f33bc67,Chile,Non-English,Psychology,5th Year,22-25,Female/Woman,I do not have an SpLD,1,2,2,2,1,1,1,2,1,1,1,1,1,1
2ffd21b8,Chile,Non-English,Psychology,3rd Year,26+,Female/Woman,I do not have an SpLD,2,3,4,3,3,1,3,3,3,5,5,2,1,5
38089834,Chile,Non-English,Psychology,4th Year,18-21,Male/Man,I do not have an SpLD,5,5,5,4,3,1,4,4,3,3,2,4,2,3
38ffba0a,Chile,Non-English,Psychology,4th Year,18-21,Female/Woman,I do not have an SpLD,2,2,3,2,3,1,2,2,1,3,2,1,4,2
3b764ad7,Chile,Non-English,Psychology,3rd Year,18-21,Male/Man,I do not have an SpLD,1,1,1,1,1,1,3,1,1,1,1,1,1,1
446dd734,Chile,Non-English,Psychology,5th Year,22-25,Female/Woman,I do not have an SpLD,3,4,2,4,3,4,3,3,3,1,1,4,3,1
49c0ffff,Chile,Non-English,Psychology,4th Year,18-21,Female/Woman,I do not have an SpLD,2,5,1,4,5,3,5,5,5,1,2,5,5,2
53cf3c87,Chile,Non-English,Psychology,NA,NA,NA,NA,4,4,3,4,5,1,4,2,4,5,5,5,4,4
54dd02cf,Chile,Non-English,Social Sciences,3rd Year,18-21,NA,I do not have an SpLD,1,4,3,3,3,1,3,4,2,4,5,4,5,5
59b668fd,Chile,Non-English,Social Sciences,2nd Year,18-21,Male/Man,I do not have an SpLD,1,1,1,1,3,1,3,1,2,2,3,1,1,3
5d4097dc,Chile,Non-English,Social Sciences,5th Year,26+,Male/Man,ADHD/ADD,4,3,3,4,5,2,5,3,4,3,3,4,5,3
600f6970,Chile,Non-English,Social Sciences,5th Year,22-25,Female/Woman,I do not have an SpLD,5,3,4,3,5,2,5,4,4,5,4,3,5,3
63a69fd3,Chile,Non-English,Psychology,3rd Year,22-25,Female/Woman,I do not have an SpLD,1,2,1,1,5,1,5,3,3,2,4,1,4,2
679bbc18,Chile,Non-English,Social Sciences,5th Year,22-25,Female/Woman,I do not have an SpLD,3,2,3,2,3,2,4,2,4,3,4,2,2,3
67c4a2f2,Chile,Non-English,Social Sciences,3rd Year,26+,Male/Man,ADHD/ADD,1,1,1,1,1,1,1,1,1,1,1,1,1,1
6af66647,Chile,Non-English,Psychology,3rd Year,18-21,NA,I do not have an SpLD,3,3,2,3,3,2,4,2,3,2,2,3,2,2
6cd5fff1,Chile,Non-English,Psychology,3rd Year,18-21,Female/Woman,I do not have an SpLD,5,5,5,5,5,5,5,5,5,5,5,5,5,5
6d032b3c,Chile,Non-English,Psychology,5th Year,22-25,Male/Man,I do not have an SpLD,1,1,1,2,2,1,1,1,1,1,1,2,1,1
6f05c616,Chile,Non-English,Psychology,3rd Year,22-25,Female/Woman,I do not have an SpLD,5,5,3,3,5,5,5,3,5,5,5,3,5,5
7605d649,Chile,Non-English,Psychology,5th Year,22-25,Female/Woman,I do not have an SpLD,3,2,1,1,4,2,4,2,5,3,2,3,4,1
7d741d09,Chile,Non-English,Psychology,4th Year,22-25,Female/Woman,I do not have an SpLD,3,5,5,4,5,3,4,3,4,2,2,4,5,2
803dfac8,Chile,Non-English,Psychology,4th Year,18-21,Female/Woman,I do not have an SpLD,3,2,3,4,4,3,5,4,4,3,5,3,5,3
8176a061,Chile,Non-English,Psychology,3rd Year,26+,Female/Woman,I do not have an SpLD,2,2,1,1,3,1,3,2,3,2,2,1,2,1
88770afd,Chile,Non-English,Psychology,5th Year,22-25,Female/Woman,ADHD/ADD,1,1,3,1,1,1,1,3,1,1,1,1,1,1
8ab60d6a,Chile,Non-English,Psychology,5th Year,22-25,Female/Woman,I do not have an SpLD,5,4,2,1,5,3,5,4,5,2,2,4,5,2
8b67a001,Chile,Non-English,Psychology,4th Year,18-21,NA,I do not have an SpLD,4,3,4,3,5,2,4,4,4,5,5,1,5,1
8d0b203d,Chile,Non-English,Social Sciences,4th Year,22-25,Male/Man,I do not have an SpLD,3,1,2,1,4,1,2,4,4,2,2,2,2,1
8f32d53c,Chile,Non-English,Psychology,3rd Year,18-21,Male/Man,I do not have an SpLD,4,4,2,4,5,1,5,2,5,5,5,4,5,5
90c3f58f,Chile,Non-English,Social Sciences,4th Year,18-21,Female/Woman,I do not have an SpLD,2,2,1,2,3,2,4,2,3,1,1,2,2,1
935cc8f8,Chile,Non-English,Psychology,3rd Year,18-21,Female/Woman,I do not have an SpLD,4,5,4,5,5,2,5,4,5,4,4,5,5,4
977dd2a3,Chile,Non-English,Psychology,5th Year,22-25,Female/Woman,I do not have an SpLD,4,4,4,5,5,4,5,3,5,2,4,4,5,2
9b398ac4,Chile,Non-English,Social Sciences,3rd Year,22-25,Male/Man,I do not have an SpLD,5,3,1,4,4,1,3,2,1,3,1,5,2,1
a423aa93,Chile,Non-English,Psychology,5th Year,22-25,Female/Woman,I do not have an SpLD,3,5,5,3,5,2,4,5,4,2,2,4,5,2
a5c19052,Chile,Non-English,Social Sciences,5th Year,22-25,Male/Man,I do not have an SpLD,3,4,3,4,3,1,2,2,3,2,2,3,3,2
acf45a2f,Chile,Non-English,Psychology,4th Year,18-21,Female/Woman,I do not have an SpLD,5,3,3,3,5,1,4,4,5,2,2,3,5,2
adc532df,Chile,Non-English,Psychology,5th Year,22-25,Male/Man,I do not have an SpLD,2,3,3,3,3,1,2,3,3,2,2,3,2,3
bc039c29,Chile,Non-English,Psychology,4th Year,22-25,Female/Woman,I do not have an SpLD,5,4,4,4,5,3,4,4,4,3,3,4,4,3
c1f11cad,Chile,Non-English,Psychology,3rd Year,18-21,Another Gender,I do not have an SpLD,3,1,1,2,4,1,3,1,3,2,2,1,4,2
c205a00f,Chile,Non-English,Psychology,5th Year,22-25,Female/Woman,I do not have an SpLD,4,2,3,2,5,1,5,4,5,1,1,2,4,1
c2674c82,Chile,Non-English,Social Sciences,3rd Year,22-25,Male/Man,I do not have an SpLD,2,4,4,4,2,3,3,3,3,5,1,2,3,3
cd7d3392,Chile,Non-English,Psychology,3rd Year,18-21,Male/Man,I do not have an SpLD,2,2,1,1,3,1,3,1,2,2,2,2,3,2
d1d1f74f,Chile,Non-English,Social Sciences,5th Year,22-25,Female/Woman,I do not have an SpLD,2,2,2,1,2,2,2,3,2,3,4,1,2,1
dbd70250,Chile,Non-English,Psychology,3rd Year,18-21,Female/Woman,I do not have an SpLD,5,4,4,4,5,5,5,4,5,5,5,5,5,4
dbffc47c,Chile,Non-English,Social Sciences,5th Year,22-25,Male/Man,I do not have an SpLD,1,1,1,1,3,1,3,1,3,1,1,1,2,1
dc2f0381,Chile,Non-English,Psychology,4th Year,18-21,Male/Man,I do not have an SpLD,4,4,3,4,4,4,4,4,4,1,1,5,4,1
f5af47d3,Chile,Non-English,Social Sciences,3rd Year,22-25,Female/Woman,ADHD/ADD,5,3,2,3,5,1,5,3,5,5,4,2,4,1
f7bfbd68,Chile,Non-English,Social Sciences,5th Year,22-25,Male/Man,I do not have an SpLD,1,5,4,1,5,1,4,3,1,2,1,2,1,1
f8300a25,Chile,Non-English,Psychology,5th Year,22-25,Female/Woman,I do not have an SpLD,3,3,3,3,2,2,3,3,3,2,3,3,3,2
f8651f64,Chile,Non-English,Psychology,3rd Year,18-21,Male/Man,I do not have an SpLD,3,3,3,3,3,3,3,3,3,3,3,4,3,3
f910ca55,Chile,Non-English,Social Sciences,4th Year,22-25,Female/Woman,I do not have an SpLD,3,4,3,3,4,3,4,3,4,4,4,4,2,3
f9a856f4,Chile,Non-English,Psychology,3rd Year,18-21,Male/Man,I do not have an SpLD,4,4,5,3,5,2,4,4,5,5,3,4,2,5
02b59929,England,English,Psychology,1st Year,18-21,Female/Woman,I do not have an SpLD,5,4,4,4,4,3,5,4,5,2,3,4,4,2
05262f6f,England,English,Psychology,2nd Year,18-21,Female/Woman,I do not have an SpLD,4,3,2,2,5,1,4,2,5,2,3,4,3,2
0787754b,England,English,Psychology,1st Year,18-21,Female/Woman,I do not have an SpLD,5,5,4,4,4,4,5,4,5,4,2,5,3,3
08cddcaa,England,English,Psychology,2nd Year,18-21,Female/Woman,I do not have an SpLD,3,3,4,3,5,4,4,5,5,5,3,4,4,3
0f120fb1,England,English,Psychology,1st Year,26+,Male/Man,"Dyslexia, Other - Not an SpLD",2,5,5,4,5,3,4,5,5,5,4,5,2,3
0f346c95,England,English,Psychology,2nd Year,26+,Female/Woman,Other - Undiagnosed Dyslexia,3,4,4,3,4,1,4,4,5,2,4,4,4,3
0f4bd9f0,England,English,Psychology,2nd Year,18-21,Female/Woman,I do not have an SpLD,3,4,3,2,4,1,4,1,3,4,4,3,4,2
0fcd4ff4,England,English,Psychology,3rd Year,26+,Female/Woman,I do not have an SpLD,4,5,3,2,4,1,4,2,4,3,3,4,5,3
131b4477,England,English,Psychology,3rd Year,26+,Female/Woman,I do not have an SpLD,5,4,5,4,5,1,5,5,4,4,4,4,5,4
144ba7d1,England,English,Psychology,2nd Year,22-25,Male/Man,I do not have an SpLD,3,2,2,2,3,1,4,1,4,2,2,2,4,2
1453c3b8,England,English,Psychology,2nd Year,26+,Female/Woman,I do not have an SpLD,5,5,5,3,4,3,5,5,5,2,5,4,5,5
1a83f3cb,England,English,Psychology,2nd Year,26+,Female/Woman,I do not have an SpLD,5,5,3,3,5,3,5,3,5,4,3,3,3,3
28725585,England,English,Psychology,1st Year,22-25,Male/Man,Dyslexia,4,5,4,4,5,3,5,4,3,2,2,5,4,2
2a2bf3b9,England,English,Psychology,2nd Year,18-21,Female/Woman,I do not have an SpLD,5,4,5,4,5,5,5,5,5,5,5,5,5,5
2dbb8d22,England,English,Psychology,1st Year,18-21,Female/Woman,I do not have an SpLD,1,1,2,1,4,1,5,1,5,1,1,1,5,1
335a4b1c,England,English,Psychology,2nd Year,26+,Female/Woman,"Dyslexia, Dyscalculia",4,5,5,4,5,5,5,5,5,4,4,5,4,4
339fc0ca,England,English,Psychology,2nd Year,18-21,Male/Man,I do not have an SpLD,2,3,1,2,3,2,2,2,3,2,4,2,2,3
3b0d3cfb,England,English,Psychology,2nd Year,18-21,Female/Woman,I do not have an SpLD,5,5,3,3,5,3,5,3,5,5,5,5,5,5
3b7b0a8b,England,English,Psychology,1st Year,26+,Male/Man,Dyslexia,2,2,1,1,4,2,5,2,3,3,2,3,3,2
42101701,England,English,Psychology,2nd Year,18-21,Female/Woman,NA,3,2,2,2,3,3,5,3,4,1,2,2,3,2
4504963f,England,English,Psychology,1st Year,18-21,Female/Woman,Other - Redacted,4,4,4,1,4,1,5,1,5,1,1,4,5,1
4fff40ca,England,English,Psychology,3rd Year,18-21,Female/Woman,I do not have an SpLD,4,4,4,4,5,4,3,4,4,4,5,2,4,4
509f607b,England,English,Psychology,3rd Year,26+,Female/Woman,I do not have an SpLD,5,4,2,2,5,4,4,3,5,3,2,3,4,2
52ca5acc,England,English,Psychology,1st Year,18-21,Female/Woman,I do not have an SpLD,3,3,3,4,4,1,4,3,5,2,3,2,3,2
596ff829,England,English,Psychology,2nd Year,26+,Female/Woman,I do not have an SpLD,4,2,3,1,5,1,5,3,5,5,5,2,3,5
5a082cba,England,English,Psychology,1st Year,18-21,Female/Woman,I do not have an SpLD,2,3,2,1,4,1,5,2,3,3,5,3,1,4
5bb9d441,England,English,Psychology,1st Year,18-21,Another Gender,I do not have an SpLD,5,3,2,2,5,2,5,3,5,4,4,3,2,3
5f00b822,England,English,Psychology,2nd Year,26+,Female/Woman,I do not have an SpLD,3,4,3,2,5,2,5,5,3,4,3,2,3,3
6083822b,England,English,Psychology,NA,NA,NA,NA,3,4,4,4,4,3,4,2,4,1,1,4,2,1
6097c7d1,England,English,Psychology,2nd Year,18-21,Female/Woman,I do not have an SpLD,3,2,1,2,2,3,3,1,1,2,4,1,1,4
620cbb10,England,English,Psychology,NA,26+,Female/Woman,"Dyslexia, Dyspraxia, Dyscalculia",3,3,4,3,5,2,5,2,5,2,3,3,3,3
64f86060,England,English,Psychology,1st Year,22-25,Male/Man,I do not have an SpLD,3,4,1,3,2,2,1,3,1,3,2,2,2,2
66cf939f,England,English,Psychology,NA,NA,NA,NA,4,4,5,4,3,3,4,3,3,1,2,4,3,1
6f3f8bc1,England,English,Psychology,2nd Year,18-21,Female/Woman,I do not have an SpLD,3,4,2,4,4,2,4,2,4,5,4,4,2,4
726502b0,England,English,Psychology,1st Year,26+,Female/Woman,I do not have an SpLD,2,2,1,3,3,3,3,1,3,1,1,2,3,1
75f284f7,England,English,Psychology,1st Year,22-25,Female/Woman,I do not have an SpLD,2,1,1,1,4,1,4,1,4,1,1,1,1,1
78824c2f,England,English,Psychology,1st Year,18-21,Female/Woman,I do not have an SpLD,4,2,3,3,5,1,5,3,4,1,1,2,2,1
78d1f1f5,England,English,Psychology,1st Year,18-21,Female/Woman,I do not have an SpLD,1,3,3,3,1,5,2,3,1,1,1,3,2,1
791f0b72,England,English,Psychology,2nd Year,26+,Female/Woman,I do not have an SpLD,1,1,1,1,4,1,4,1,4,1,1,1,1,1
7cc5a530,England,English,Psychology,2nd Year,26+,Female/Woman,Dyspraxia,5,3,4,3,5,3,5,3,5,4,5,4,3,3
7f5b5900,England,English,Psychology,2nd Year,18-21,Female/Woman,I do not have an SpLD,4,2,2,2,4,3,3,2,4,2,3,1,2,2
7f9d5cad,England,English,Psychology,1st Year,26+,Female/Woman,I do not have an SpLD,2,2,3,1,3,1,4,2,2,2,2,2,2,2
82ff3f0b,England,English,Psychology,1st Year,18-21,Female/Woman,I do not have an SpLD,5,5,5,4,5,5,5,5,5,4,5,5,4,4
84fd2f83,England,English,Psychology,2nd Year,26+,Female/Woman,I do not have an SpLD,4,4,4,5,5,4,5,4,5,4,4,5,5,4
86aff0c8,England,English,Psychology,1st Year,18-21,Female/Woman,I do not have an SpLD,5,3,4,3,5,4,5,3,5,5,5,3,2,5
95a06216,England,English,Psychology,2nd Year,26+,Female/Woman,I do not have an SpLD,5,4,4,4,5,4,5,5,5,5,5,4,5,5
98f96309,England,English,Psychology,3rd Year,26+,Female/Woman,I do not have an SpLD,5,3,5,3,5,2,5,5,5,5,4,2,5,5
99d9ad12,England,English,Psychology,1st Year,18-21,Male/Man,I do not have an SpLD,2,1,1,1,4,1,4,1,4,5,4,1,1,3
9af3f67b,England,English,Psychology,2nd Year,18-21,Male/Man,I do not have an SpLD,4,3,3,2,3,2,4,3,3,3,2,2,3,2
a232018b,England,English,Psychology,2nd Year,26+,Female/Woman,I do not have an SpLD,2,4,3,2,4,2,5,3,2,2,5,3,2,3
a239c3b0,England,English,Psychology,1st Year,18-21,Female/Woman,I do not have an SpLD,2,2,2,2,2,2,3,2,2,1,1,2,2,1
aaf5823a,England,English,Psychology,1st Year,18-21,Female/Woman,I do not have an SpLD,2,2,2,2,2,2,4,2,3,1,1,2,2,1
c4abdc1b,England,English,Psychology,2nd Year,18-21,Female/Woman,Dyslexia,1,2,2,2,3,4,2,2,2,1,1,2,2,1
dc6cf334,England,English,Psychology,1st Year,NA,Male/Man,I do not have an SpLD,5,5,2,5,5,2,5,4,5,5,3,5,5,3
dd2bbdfb,England,English,Psychology,2nd Year,18-21,Female/Woman,I do not have an SpLD,4,5,5,5,5,2,5,4,5,5,4,5,5,4
dd8578c5,England,English,Psychology,2nd Year,22-25,Female/Woman,I do not have an SpLD,3,3,3,3,4,1,4,3,3,3,3,2,3,1
dd8a2776,England,English,Psychology,1st Year,18-21,Female/Woman,I do not have an SpLD,2,3,4,3,4,2,5,3,5,1,1,3,2,1
f012d6db,England,English,Psychology,1st Year,26+,Female/Woman,I do not have an SpLD,4,4,2,2,4,2,5,1,5,2,2,1,3,2
f227c935,England,English,Psychology,1st Year,26+,Female/Woman,I do not have an SpLD,4,5,5,4,5,2,4,5,5,2,3,5,3,2
f80cfdb4,England,English,Psychology,2nd Year,18-21,Female/Woman,I do not have an SpLD,5,5,4,3,4,2,5,5,5,4,5,5,1,3
faf79281,England,English,Psychology,1st Year,18-21,Female/Woman,I do not have an SpLD,4,3,3,4,4,3,5,3,4,2,2,3,2,2
05bb288a,Colombia,Non-English,Psychology,4th Year,18-21,Female/Woman,NA,4,4,3,2,3,3,5,3,4,4,4,3,4,4
1044b4f8,Colombia,Non-English,Psychology,2nd Year,18-21,Female/Woman,I do not have an SpLD,3,1,3,1,3,1,3,3,4,3,2,2,3,3
130f2548,Colombia,Non-English,Psychology,2nd Year,18-21,Female/Woman,I do not have an SpLD,5,3,3,2,5,1,5,3,5,1,2,3,5,1
167cc39f,Colombia,Non-English,Psychology,NA,NA,NA,NA,4,3,3,2,3,2,3,3,2,2,2,4,3,3
18916c08,Colombia,Non-English,Psychology,2nd Year,18-21,Female/Woman,I do not have an SpLD,5,5,5,5,5,5,5,5,5,1,1,5,5,1
191bd2a4,Colombia,Non-English,Psychology,1st Year,18-21,Female/Woman,I do not have an SpLD,3,1,3,2,4,1,3,1,3,2,5,3,4,2
1a9f5f24,Colombia,Non-English,Psychology,1st Year,18-21,Female/Woman,I do not have an SpLD,4,2,3,2,5,1,5,3,5,1,1,4,5,1
1f0452cb,Colombia,Non-English,Psychology,1st Year,NA,Female/Woman,NA,5,2,4,1,5,2,5,2,5,3,4,2,5,2
265373a5,Colombia,Non-English,Psychology,1st Year,22-25,Male/Man,I do not have an SpLD,4,4,4,2,4,2,4,3,4,1,4,3,3,1
27962275,Colombia,Non-English,Psychology,1st Year,18-21,Female/Woman,I do not have an SpLD,4,4,2,2,5,2,5,3,4,4,5,3,5,1
2c7f50f2,Colombia,Non-English,Psychology,1st Year,NA,Female/Woman,I do not have an SpLD,5,5,2,3,5,1,5,2,5,5,5,3,5,1
2f15f920,Colombia,Non-English,Psychology,NA,22-25,Male/Man,I do not have an SpLD,2,3,3,3,4,3,3,3,3,4,1,3,4,2
2f36111f,Colombia,Non-English,Psychology,3rd Year,18-21,Another Gender,I do not have an SpLD,5,3,3,3,5,2,5,3,5,2,2,3,5,2
397af457,Colombia,Non-English,Psychology,4th Year,18-21,Female/Woman,I do not have an SpLD,2,4,3,4,4,1,4,4,3,4,3,4,1,2
3bfc52a0,Colombia,Non-English,Psychology,1st Year,NA,Female/Woman,I do not have an SpLD,3,3,2,3,4,4,5,2,4,4,3,4,5,3
408f1596,Colombia,Non-English,Psychology,NA,22-25,Male/Man,I do not have an SpLD,1,1,1,1,1,1,1,1,1,1,1,1,5,1
422d01cf,Colombia,Non-English,Psychology,2nd Year,18-21,Female/Woman,I do not have an SpLD,3,3,4,3,3,3,3,3,3,2,2,4,4,2
43f03300,Colombia,Non-English,Psychology,1st Year,18-21,Female/Woman,I do not have an SpLD,3,1,4,1,4,2,4,2,3,4,1,2,4,2
44a240a6,Colombia,Non-English,Psychology,NA,26+,Female/Woman,I do not have an SpLD,3,2,3,1,5,2,5,2,3,1,1,2,3,1
45cd6afc,Colombia,Non-English,Psychology,1st Year,18-21,Female/Woman,I do not have an SpLD,2,2,4,3,5,1,4,3,4,4,3,3,5,2
47ca2f0b,Colombia,Non-English,Psychology,1st Year,18-21,Female/Woman,I do not have an SpLD,2,1,1,1,5,1,4,1,2,3,1,1,5,1
52ff4095,Colombia,Non-English,Psychology,2nd Year,26+,Female/Woman,I do not have an SpLD,1,2,1,1,2,1,2,2,2,1,1,2,1,2
5a427c97,Colombia,Non-English,Psychology,1st Year,NA,Female/Woman,NA,4,3,2,3,5,1,4,2,3,3,2,3,3,2
5ab92a37,Colombia,Non-English,Psychology,1st Year,18-21,Female/Woman,I do not have an SpLD,4,5,5,5,4,4,4,5,4,4,5,5,4,2
63441d0a,Colombia,Non-English,Psychology,3rd Year,18-21,Female/Woman,I do not have an SpLD,4,3,4,3,5,2,5,5,5,4,2,3,5,4
6dc86730,Colombia,Non-English,Psychology,1st Year,18-21,Female/Woman,I do not have an SpLD,2,3,2,2,5,2,5,2,2,2,1,3,2,1
6fc29f98,Colombia,Non-English,Psychology,1st Year,NA,Female/Woman,I do not have an SpLD,4,3,4,2,5,3,5,3,5,3,3,3,4,2
6fdc7f53,Colombia,Non-English,Psychology,1st Year,18-21,Female/Woman,I do not have an SpLD,4,4,4,4,4,4,4,4,5,4,4,4,5,4
7374a83b,Colombia,Non-English,Psychology,4th Year,22-25,Female/Woman,I do not have an SpLD,2,1,1,1,3,1,3,1,3,2,2,1,2,3
741ff6fa,Colombia,Non-English,Psychology,1st Year,18-21,Male/Man,I do not have an SpLD,2,1,2,2,2,1,3,2,1,2,2,2,1,1
74985521,Colombia,Non-English,Psychology,4th Year,26+,Female/Woman,I do not have an SpLD,5,5,5,5,5,4,5,5,5,5,5,5,5,5
790129b9,Colombia,Non-English,Psychology,1st Year,NA,Female/Woman,I do not have an SpLD,5,4,3,4,5,4,5,4,5,1,5,5,5,3
7ac99756,Colombia,Non-English,Psychology,1st Year,18-21,Female/Woman,I do not have an SpLD,2,2,3,1,4,4,3,2,1,4,4,2,3,4
804ffba0,Colombia,Non-English,Psychology,1st Year,NA,Female/Woman,I do not have an SpLD,4,5,2,5,5,3,5,4,5,2,5,5,5,4
8279f5f0,Colombia,Non-English,Psychology,1st Year,18-21,Female/Woman,I do not have an SpLD,4,4,4,4,4,2,4,3,3,3,3,4,3,4
839a5950,Colombia,Non-English,Psychology,1st Year,18-21,Female/Woman,ADHD/ADD,5,4,4,4,5,3,5,4,5,4,4,4,5,3
86137cc6,Colombia,Non-English,Psychology,1st Year,18-21,Female/Woman,I do not have an SpLD,2,2,2,2,4,1,4,1,3,5,5,3,4,2
87df91d7,Colombia,Non-English,Psychology,1st Year,18-21,Female/Woman,I do not have an SpLD,3,3,3,2,3,2,3,2,3,2,2,2,4,2
8994501f,Colombia,Non-English,Psychology,NA,NA,NA,NA,4,3,5,4,5,1,5,4,5,2,5,4,3,2
89dc7c1f,Colombia,Non-English,Psychology,1st Year,26+,Female/Woman,I do not have an SpLD,2,2,1,2,2,2,2,1,2,1,1,1,3,1
89f1cb31,Colombia,Non-English,Psychology,1st Year,18-21,Female/Woman,ADHD/ADD,5,3,1,5,5,3,5,2,5,4,5,3,5,4
8a17b623,Colombia,Non-English,Psychology,1st Year,18-21,Female/Woman,I do not have an SpLD,4,3,3,3,5,5,5,2,3,1,1,3,4,1
8b42a9d8,Colombia,Non-English,Psychology,1st Year,18-21,Female/Woman,I do not have an SpLD,3,5,3,4,5,5,5,5,3,5,5,5,5,5
979126c0,Colombia,Non-English,Psychology,NA,NA,NA,NA,3,4,3,5,4,5,3,4,2,3,3,3,2,2
9b6d5ff1,Colombia,Non-English,Psychology,1st Year,NA,Female/Woman,I do not have an SpLD,5,5,5,5,5,5,5,5,5,5,5,5,5,5
9d0f998f,Colombia,Non-English,Psychology,1st Year,NA,Female/Woman,I do not have an SpLD,5,2,4,4,4,4,5,NA,4,5,5,4,4,1
9d7127fc,Colombia,Non-English,Psychology,1st Year,18-21,Male/Man,I do not have an SpLD,2,2,2,2,2,2,3,2,3,2,2,2,3,2
a04c5cda,Colombia,Non-English,Psychology,1st Year,NA,Female/Woman,I do not have an SpLD,5,4,5,5,5,3,5,5,5,4,5,5,5,3
a32a1cb8,Colombia,Non-English,Psychology,1st Year,18-21,Male/Man,I do not have an SpLD,3,1,3,1,5,4,5,5,3,5,3,2,5,1
a436f734,Colombia,Non-English,Psychology,1st Year,18-21,Female/Woman,I do not have an SpLD,5,3,4,3,5,2,5,4,5,4,4,5,1,4
a49f5d8a,Colombia,Non-English,Psychology,1st Year,18-21,Male/Man,I do not have an SpLD,2,1,1,3,3,1,5,1,4,2,2,4,5,2
ad72af71,Colombia,Non-English,Psychology,3rd Year,18-21,Another Gender,NA,5,3,2,3,5,3,5,5,5,5,5,5,5,5
b459a7f2,Colombia,Non-English,Psychology,4th Year,18-21,Female/Woman,I do not have an SpLD,2,3,3,3,3,2,3,4,3,4,3,2,4,3
b56ddff0,Colombia,Non-English,Psychology,1st Year,NA,Female/Woman,I do not have an SpLD,1,2,2,2,2,2,2,2,2,2,2,2,3,2
b762021f,Colombia,Non-English,Psychology,1st Year,22-25,Female/Woman,I do not have an SpLD,5,4,3,4,4,3,5,4,4,4,4,4,5,3
b8c6a485,Colombia,Non-English,Psychology,1st Year,18-21,Female/Woman,NA,4,2,1,1,5,5,5,1,5,3,3,1,4,3
b98b0ff5,Colombia,Non-English,Psychology,1st Year,18-21,Female/Woman,I do not have an SpLD,3,4,3,2,5,2,5,3,5,3,3,2,5,1
b9f5187c,Colombia,Non-English,Psychology,4th Year,22-25,Female/Woman,I do not have an SpLD,3,5,4,3,4,1,4,5,3,4,4,4,5,4
c32112f8,Colombia,Non-English,Psychology,1st Year,18-21,Female/Woman,I do not have an SpLD,4,4,3,4,5,2,5,5,5,5,5,4,4,5
c4504988,Colombia,Non-English,Psychology,1st Year,18-21,Female/Woman,I do not have an SpLD,3,3,4,3,4,2,5,4,3,3,3,3,3,2
c8db1456,Colombia,Non-English,Psychology,1st Year,18-21,Female/Woman,I do not have an SpLD,2,2,2,4,4,3,4,3,3,1,1,2,2,2
cb6617bd,Colombia,Non-English,Psychology,NA,NA,NA,NA,4,3,1,1,5,1,4,1,5,1,1,3,3,1
cd85448f,Colombia,Non-English,Psychology,1st Year,NA,Female/Woman,I do not have an SpLD,5,4,3,4,5,2,4,4,4,3,3,5,2,3
d170bd05,Colombia,Non-English,Psychology,1st Year,18-21,Female/Woman,I do not have an SpLD,4,4,3,4,4,1,5,3,5,4,1,5,5,4
d189110c,Colombia,Non-English,Psychology,1st Year,NA,Female/Woman,NA,4,5,5,5,5,3,5,5,5,5,5,5,5,4
d33660bb,Colombia,Non-English,Psychology,2nd Year,18-21,Female/Woman,I do not have an SpLD,4,4,4,4,5,3,5,3,5,3,4,4,5,2
d38b3531,Colombia,Non-English,Psychology,2nd Year,18-21,Female/Woman,I do not have an SpLD,4,3,2,3,5,4,5,4,5,4,4,5,5,2
df2f08d5,Colombia,Non-English,Psychology,1st Year,18-21,Female/Woman,I do not have an SpLD,5,3,3,4,5,4,5,4,5,4,4,3,5,1
f1a7ff59,Colombia,Non-English,Psychology,1st Year,NA,Female/Woman,Dyscalculia,2,3,3,2,5,2,5,5,5,4,4,4,5,2
f29b1aa3,Colombia,Non-English,Psychology,2nd Year,18-21,Female/Woman,I do not have an SpLD,5,4,5,5,5,1,5,4,5,2,1,5,4,1
f3f58817,Colombia,Non-English,Psychology,1st Year,NA,Female/Woman,I do not have an SpLD,4,5,5,4,5,1,5,2,5,1,2,4,5,3
f584b36f,Colombia,Non-English,Psychology,1st Year,18-21,Female/Woman,I do not have an SpLD,4,3,4,3,4,4,4,3,4,4,2,3,5,2
f61fdaf2,Colombia,Non-English,Psychology,1st Year,18-21,Female/Woman,I do not have an SpLD,4,4,4,4,4,3,5,5,4,3,3,4,5,2
f73748b7,Colombia,Non-English,Psychology,1st Year,NA,Female/Woman,I do not have an SpLD,5,3,3,3,5,1,5,2,5,4,4,3,5,2
f75279aa,Colombia,Non-English,Psychology,1st Year,NA,Female/Woman,I do not have an SpLD,4,2,3,2,5,1,5,3,5,2,2,2,5,2
f76ffb6a,Colombia,Non-English,Psychology,1st Year,18-21,Female/Woman,ADHD/ADD,5,5,5,5,5,3,5,5,5,5,5,5,5,5
f9026449,Colombia,Non-English,Psychology,1st Year,NA,Another Gender,I do not have an SpLD,5,5,4,4,5,4,5,4,5,4,5,4,5,4
f9ab55d9,Colombia,Non-English,Psychology,1st Year,NA,Male/Man,I do not have an SpLD,3,3,4,3,4,1,5,2,3,3,3,4,5,3
fac6333d,Colombia,Non-English,Psychology,4th Year,22-25,Female/Woman,I do not have an SpLD,3,3,3,3,4,1,4,3,3,2,4,4,3,3
fbfb0896,Colombia,Non-English,Psychology,4th Year,18-21,Female/Woman,I do not have an SpLD,2,2,3,2,5,1,5,3,5,3,2,3,5,1
fbff1f8d,Colombia,Non-English,Psychology,1st Year,18-21,Male/Man,I do not have an SpLD,3,5,3,2,4,4,2,3,2,2,2,3,4,3
fdf2f65c,Colombia,Non-English,Psychology,3rd Year,18-21,Female/Woman,I do not have an SpLD,1,3,1,3,2,4,3,1,2,1,1,3,2,1
00cfb24f,Germany,Non-English,Psychology,3rd Year,18-21,Female/Woman,I do not have an SpLD,5,2,3,1,5,1,5,3,5,4,1,1,1,1
01840156,Germany,Non-English,Psychology,3rd Year,22-25,Female/Woman,I do not have an SpLD,3,3,3,1,4,2,4,1,3,1,1,2,2,1
02194824,Germany,Non-English,Psychology,4th Year,22-25,Female/Woman,I do not have an SpLD,2,1,2,1,2,1,3,2,1,1,1,1,1,1
05175c8f,Germany,Non-English,Psychology,2nd Year,26+,Female/Woman,I do not have an SpLD,4,1,1,1,5,1,5,2,5,4,1,1,2,1
05af3b6f,Germany,Non-English,Psychology,1st Year,18-21,Female/Woman,I do not have an SpLD,1,1,1,1,2,1,2,1,2,2,2,1,1,1
097ba276,Germany,Non-English,Education,1st Year,22-25,Female/Woman,I do not have an SpLD,3,2,2,1,5,1,1,3,4,2,1,1,1,1
0b7a5f11,Germany,Non-English,Education,1st Year,18-21,Female/Woman,I do not have an SpLD,4,3,3,4,5,1,5,3,5,4,3,4,1,2
0daca2bf,Germany,Non-English,Psychology,1st Year,18-21,Female/Woman,I do not have an SpLD,2,1,2,1,3,1,2,1,3,2,1,1,2,1
0db3af45,Germany,Non-English,Social Sciences,1st Year,18-21,Female/Woman,I do not have an SpLD,4,2,3,1,5,1,5,2,4,1,1,1,5,1
0f325753,Germany,Non-English,Education,1st Year,26+,Male/Man,I do not have an SpLD,1,1,1,1,2,1,2,1,1,1,1,1,1,1
0ff265f8,Germany,Non-English,Education,1st Year,18-21,Female/Woman,I do not have an SpLD,3,3,2,1,4,2,4,3,4,2,1,2,2,1
10af8712,Germany,Non-English,Psychology,1st Year,18-21,Male/Man,I do not have an SpLD,3,3,2,1,2,1,3,1,2,3,3,1,2,2
1686d4af,Germany,Non-English,Business & Finance,2nd Year,22-25,Female/Woman,NA,5,3,2,2,5,1,4,5,4,4,1,4,2,1
1f0f29da,Germany,Non-English,Social Sciences,1st Year,18-21,Female/Woman,I do not have an SpLD,3,1,2,1,4,1,4,1,4,3,2,1,3,1
1f827da9,Germany,Non-English,Education,1st Year,22-25,Female/Woman,I do not have an SpLD,5,3,4,4,5,1,1,3,4,1,1,2,1,1
20378193,Germany,Non-English,Education,3rd Year,22-25,Male/Man,I do not have an SpLD,2,2,1,1,1,1,1,2,1,1,1,2,1,1
2094a3ab,Germany,Non-English,Education,3rd Year,22-25,Female/Woman,I do not have an SpLD,4,3,2,2,5,1,5,4,5,1,1,2,1,1
228347df,Germany,Non-English,Education,2nd Year,22-25,Female/Woman,I do not have an SpLD,5,4,4,2,5,1,5,4,5,3,3,2,2,2
237f85b8,Germany,Non-English,Psychology,1st Year,18-21,Female/Woman,I do not have an SpLD,3,3,3,2,5,2,5,3,5,3,2,2,2,1
23fa158d,Germany,Non-English,Psychology,2nd Year,22-25,Female/Woman,I do not have an SpLD,4,3,1,1,5,1,5,1,5,1,1,1,4,1
247cff14,Germany,Non-English,Psychology,3rd Year,22-25,Female/Woman,ADHD/ADD,1,1,2,1,1,1,1,3,2,4,3,1,1,2
25c6ffb9,Germany,Non-English,Psychology,4th Year,22-25,Male/Man,I do not have an SpLD,1,1,2,1,2,1,2,1,2,3,1,1,2,1
274c8b8f,Germany,Non-English,Education,1st Year,22-25,Female/Woman,NA,5,3,2,1,5,1,4,3,5,3,4,4,3,4
29bf79f7,Germany,Non-English,Education,1st Year,18-21,Female/Woman,I do not have an SpLD,4,2,2,2,5,1,5,2,5,3,2,1,1,2
2bfd32a4,Germany,Non-English,Social Sciences,1st Year,26+,Male/Man,NA,3,3,2,2,4,1,4,1,3,1,1,2,1,1
2f8d2168,Germany,Non-English,Education,2nd Year,18-21,Female/Woman,I do not have an SpLD,5,3,2,2,5,2,4,2,5,3,2,2,1,3
2fdc1b4b,Germany,Non-English,Education,1st Year,18-21,Female/Woman,I do not have an SpLD,3,1,2,2,5,1,5,2,5,1,1,2,2,1
3088d459,Germany,Non-English,Psychology,1st Year,18-21,Female/Woman,I do not have an SpLD,5,2,2,1,5,1,5,1,5,2,1,1,1,1
32886d07,Germany,Non-English,Psychology,1st Year,18-21,Female/Woman,I do not have an SpLD,2,3,2,1,4,2,4,2,4,5,5,1,2,4
35292ff0,Germany,Non-English,Education,1st Year,18-21,Female/Woman,I do not have an SpLD,4,2,3,1,5,1,5,2,5,2,1,2,1,1
36d46388,Germany,Non-English,Psychology,4th Year,22-25,Female/Woman,I do not have an SpLD,5,4,3,3,5,2,5,3,5,4,5,3,4,2
376b4a07,Germany,Non-English,Psychology,1st Year,18-21,Female/Woman,I do not have an SpLD,5,4,4,2,5,2,5,3,5,4,4,3,4,3
396bc9c4,Germany,Non-English,Psychology,2nd Year,18-21,Female/Woman,I do not have an SpLD,1,1,1,1,2,1,2,1,1,1,1,1,1,1
3a2256c1,Germany,Non-English,Psychology,3rd Year,22-25,Male/Man,I do not have an SpLD,3,2,2,2,4,1,3,2,4,3,2,1,2,2
3a5f2517,Germany,Non-English,Psychology,1st Year,22-25,Male/Man,I do not have an SpLD,4,3,3,2,5,1,5,2,4,1,1,2,2,1
3f8501ac,Germany,Non-English,Psychology,1st Year,18-21,Female/Woman,I do not have an SpLD,2,1,2,1,3,1,3,1,2,1,1,1,1,1
42a6b8d4,Germany,Non-English,Education,1st Year,18-21,Female/Woman,I do not have an SpLD,4,3,3,1,5,1,5,3,5,1,1,2,1,1
43573c6c,Germany,Non-English,Psychology,2nd Year,18-21,Female/Woman,I do not have an SpLD,4,3,3,1,5,1,5,2,5,3,1,2,1,1
47410b32,Germany,Non-English,Psychology,1st Year,18-21,Female/Woman,"Dyslexia, Dysgraphia/Dysorthography",4,3,3,2,4,2,2,2,4,3,2,2,4,2
4785f030,Germany,Non-English,Education,1st Year,18-21,Female/Woman,I do not have an SpLD,4,3,2,1,5,1,4,2,4,2,1,2,1,1
4ac00c19,Germany,Non-English,Psychology,2nd Year,22-25,Female/Woman,I do not have an SpLD,4,2,3,1,5,3,5,3,5,3,3,3,1,3
4f3bd80b,Germany,Non-English,Education,1st Year,18-21,Female/Woman,I do not have an SpLD,5,4,4,1,5,1,5,5,5,2,2,4,3,2
4ffafc78,Germany,Non-English,Education,1st Year,18-21,Female/Woman,I do not have an SpLD,3,2,2,1,4,1,3,1,3,1,1,2,1,1
512cf937,Germany,Non-English,Psychology,2nd Year,18-21,Female/Woman,I do not have an SpLD,3,4,3,2,4,1,4,2,5,2,4,3,1,2
542af44a,Germany,Non-English,Education,2nd Year,22-25,Female/Woman,I do not have an SpLD,2,1,2,1,2,1,3,1,3,2,2,1,1,1
548393f4,Germany,Non-English,Education,1st Year,22-25,Female/Woman,I do not have an SpLD,2,2,3,1,4,1,4,2,4,1,1,1,5,2
59cb4014,Germany,Non-English,Education,1st Year,18-21,Female/Woman,I do not have an SpLD,5,3,4,3,5,3,4,4,5,3,3,5,2,3
5a53dd51,Germany,Non-English,Psychology,2nd Year,NA,Female/Woman,I do not have an SpLD,3,1,1,1,4,1,3,3,3,1,1,1,1,1
5af48b6f,Germany,Non-English,Psychology,3rd Year,22-25,Female/Woman,I do not have an SpLD,2,2,1,1,2,1,2,1,2,2,1,1,1,1
5b0acf33,Germany,Non-English,Psychology,1st Year,18-21,Female/Woman,I do not have an SpLD,2,3,2,1,3,1,3,1,3,4,2,1,1,2
5b85d5fa,Germany,Non-English,Education,1st Year,18-21,Female/Woman,I do not have an SpLD,2,1,1,1,3,1,3,2,2,1,1,1,3,1
5c167650,Germany,Non-English,Psychology,3rd Year,18-21,Female/Woman,I do not have an SpLD,4,4,3,1,3,1,4,3,4,4,3,3,2,2
5c31db98,Germany,Non-English,Psychology,1st Year,18-21,Female/Woman,I do not have an SpLD,3,1,2,1,5,1,5,2,4,1,1,1,2,1
5f2c23b2,Germany,Non-English,Psychology,2nd Year,18-21,Female/Woman,I do not have an SpLD,3,2,1,1,5,1,5,1,5,2,2,1,1,2
5fa6f5fd,Germany,Non-English,Education,1st Year,18-21,Female/Woman,I do not have an SpLD,3,2,2,1,5,1,5,3,5,2,1,2,2,1
605735fb,Germany,Non-English,Education,1st Year,18-21,Female/Woman,NA,3,2,2,1,5,1,5,1,4,2,2,1,2,1
63bcf8cb,Germany,Non-English,Psychology,3rd Year,18-21,Female/Woman,I do not have an SpLD,4,3,2,3,5,1,4,1,5,2,2,3,2,1
64ffccf0,Germany,Non-English,Psychology,2nd Year,18-21,Female/Woman,I do not have an SpLD,4,3,4,2,5,1,4,2,5,1,1,2,4,1
65295f91,Germany,Non-English,Psychology,1st Year,18-21,Female/Woman,I do not have an SpLD,4,3,3,1,5,1,5,3,4,2,3,2,1,2
6562971f,Germany,Non-English,Education,1st Year,18-21,Female/Woman,I do not have an SpLD,4,1,1,1,3,1,3,1,2,2,1,2,1,1
67f62801,Germany,Non-English,Psychology,2nd Year,22-25,Female/Woman,I do not have an SpLD,5,2,2,2,5,1,5,3,4,1,1,2,2,1
69bb3b53,Germany,Non-English,Psychology,2nd Year,22-25,Female/Woman,Dysgraphia/Dysorthography,2,2,3,1,2,1,2,2,2,4,4,1,1,2
6acff933,Germany,Non-English,Education,2nd Year,18-21,Female/Woman,I do not have an SpLD,4,3,2,2,4,1,4,1,5,2,2,2,1,2
6cb17cff,Germany,Non-English,Education,2nd Year,18-21,Female/Woman,I do not have an SpLD,4,4,2,1,5,1,4,3,4,2,2,3,3,2
6fdb2420,Germany,Non-English,Education,3rd Year,18-21,Female/Woman,I do not have an SpLD,4,3,4,2,5,2,5,2,5,3,2,3,4,2
70f2b9d9,Germany,Non-English,Education,1st Year,18-21,Female/Woman,I do not have an SpLD,5,3,3,2,4,1,5,3,5,3,2,2,2,2
70f3df06,Germany,Non-English,Psychology,3rd Year,22-25,Female/Woman,I do not have an SpLD,4,2,2,1,4,1,4,3,4,1,1,2,1,1
71727721,Germany,Non-English,Education,1st Year,18-21,Another Gender,I do not have an SpLD,3,2,3,2,3,1,4,2,4,3,2,2,2,2
721fdb66,Germany,Non-English,Education,2nd Year,18-21,Female/Woman,I do not have an SpLD,2,1,1,1,3,1,2,1,2,1,1,1,2,1
77c98c86,Germany,Non-English,Social Sciences,2nd Year,18-21,Female/Woman,I do not have an SpLD,2,2,1,1,3,1,2,1,2,2,1,1,2,1
7bb7857a,Germany,Non-English,Psychology,2nd Year,18-21,Female/Woman,I do not have an SpLD,2,2,2,1,5,1,4,2,4,3,2,2,2,1
7bc278c1,Germany,Non-English,Education,2nd Year,22-25,Female/Woman,I do not have an SpLD,1,1,1,1,3,1,1,1,1,1,1,1,1,1
7bfb4cca,Germany,Non-English,Psychology,2nd Year,18-21,Male/Man,I do not have an SpLD,2,3,3,1,2,1,2,3,2,2,2,2,2,2
7c7f1dd5,Germany,Non-English,Psychology,1st Year,22-25,Female/Woman,I do not have an SpLD,5,4,4,2,5,1,5,3,5,2,3,3,2,1
7ca3da9f,Germany,Non-English,Education,1st Year,18-21,Female/Woman,I do not have an SpLD,3,3,3,1,4,1,3,3,4,3,4,1,3,3
7f304dcc,Germany,Non-English,Psychology,1st Year,18-21,Female/Woman,I do not have an SpLD,4,4,4,4,5,1,3,4,5,2,3,3,3,2
81325981,Germany,Non-English,Psychology,3rd Year,22-25,Female/Woman,I do not have an SpLD,2,5,3,3,4,4,3,4,4,2,2,4,1,1
814b1267,Germany,Non-English,Education,2nd Year,18-21,Female/Woman,I do not have an SpLD,4,4,4,2,5,2,5,5,4,4,5,3,2,3
81fa5f85,Germany,Non-English,Psychology,1st Year,18-21,Female/Woman,I do not have an SpLD,5,3,4,1,4,1,5,4,5,4,2,1,3,2
8215b56c,Germany,Non-English,Psychology,2nd Year,22-25,Male/Man,I do not have an SpLD,1,1,2,1,2,1,1,1,2,2,2,1,1,2
85255baf,Germany,Non-English,Education,2nd Year,18-21,Female/Woman,I do not have an SpLD,5,3,2,3,5,2,5,2,5,5,2,3,3,2
86b5b1b3,Germany,Non-English,Psychology,1st Year,18-21,Female/Woman,I do not have an SpLD,4,2,2,1,5,2,5,3,5,3,2,2,2,2
87496495,Germany,Non-English,Psychology,1st Year,18-21,Female/Woman,I do not have an SpLD,2,2,3,2,2,1,3,2,3,2,1,2,1,1
8860248f,Germany,Non-English,Education,1st Year,18-21,Female/Woman,I do not have an SpLD,3,3,3,1,4,1,3,2,3,2,2,1,2,1
8c97d37f,Germany,Non-English,Psychology,1st Year,22-25,Female/Woman,I do not have an SpLD,4,2,1,1,4,1,4,2,4,2,1,1,1,1
8d78b80f,Germany,Non-English,Psychology,2nd Year,18-21,Female/Woman,I do not have an SpLD,5,1,2,1,5,1,5,2,5,4,3,1,3,3
8ddd64af,Germany,Non-English,Education,2nd Year,18-21,Female/Woman,I do not have an SpLD,4,2,3,1,4,1,2,1,4,3,2,1,1,1
8f075958,Germany,Non-English,Psychology,2nd Year,18-21,Female/Woman,I do not have an SpLD,2,3,1,1,5,1,5,3,5,4,1,1,1,1
8f3a3637,Germany,Non-English,Psychology,1st Year,22-25,Female/Woman,I do not have an SpLD,3,1,1,1,5,1,5,1,5,1,1,1,1,1
8f42cf99,Germany,Non-English,Psychology,1st Year,18-21,Female/Woman,I do not have an SpLD,5,3,2,1,5,1,5,2,5,1,1,1,3,1
9050fffb,Germany,Non-English,Social Sciences,1st Year,22-25,Female/Woman,I do not have an SpLD,4,4,3,2,5,3,5,4,5,2,3,3,3,3
90f4b6c8,Germany,Non-English,Psychology,1st Year,22-25,Female/Woman,I do not have an SpLD,2,3,3,1,3,1,2,2,3,2,1,2,2,1
9273da6c,Germany,Non-English,Education,2nd Year,22-25,Female/Woman,I do not have an SpLD,5,2,4,2,5,1,5,4,5,3,4,4,4,4
927f636f,Germany,Non-English,Psychology,1st Year,18-21,Female/Woman,I do not have an SpLD,1,5,2,1,3,1,1,5,2,5,4,2,1,4
936fc744,Germany,Non-English,Education,1st Year,18-21,Female/Woman,I do not have an SpLD,4,2,2,2,5,1,5,2,5,2,1,2,1,1
94f6680c,Germany,Non-English,Education,1st Year,NA,Female/Woman,I do not have an SpLD,5,2,2,2,5,2,5,2,5,3,2,2,4,2
98fbfd7f,Germany,Non-English,Education,1st Year,22-25,Female/Woman,I do not have an SpLD,4,2,3,1,5,1,4,4,5,4,3,1,4,4
9a84b6bc,Germany,Non-English,Education,1st Year,18-21,Female/Woman,I do not have an SpLD,3,3,3,2,5,1,5,3,5,4,3,4,1,1
9bb03fd1,Germany,Non-English,Education,2nd Year,22-25,Female/Woman,I do not have an SpLD,5,4,4,1,5,1,4,4,4,1,1,3,1,1
9bddb15a,Germany,Non-English,Psychology,2nd Year,18-21,Female/Woman,I do not have an SpLD,4,2,2,1,5,1,5,2,5,4,3,2,1,2
9c14b122,Germany,Non-English,Psychology,3rd Year,22-25,Another Gender,I do not have an SpLD,5,5,5,4,5,2,5,3,5,4,4,3,3,4
9c741b01,Germany,Non-English,Education,2nd Year,18-21,Female/Woman,I do not have an SpLD,4,4,4,2,4,1,5,2,5,4,2,2,1,2
9dffd4f7,Germany,Non-English,Psychology,2nd Year,22-25,Female/Woman,I do not have an SpLD,4,3,3,2,5,1,4,2,5,2,2,3,3,1
a0dfc9a7,Germany,Non-English,Psychology,2nd Year,18-21,Male/Man,I do not have an SpLD,2,4,4,3,4,1,5,4,5,3,4,4,2,3
a37bf108,Germany,Non-English,Education,2nd Year,18-21,Female/Woman,I do not have an SpLD,2,2,4,1,4,1,4,2,3,2,1,1,1,1
a57ac034,Germany,Non-English,Education,2nd Year,18-21,Female/Woman,NA,3,1,1,1,4,1,4,2,2,1,1,1,1,1
a5f14782,Germany,Non-English,Education,1st Year,18-21,Female/Woman,I do not have an SpLD,4,2,2,2,5,1,5,3,5,2,1,2,3,1
a627f3cf,Germany,Non-English,Education,1st Year,18-21,Female/Woman,"Dyslexia, ADHD/ADD, Dysgraphia/Dysorthography",5,1,2,1,5,1,5,1,5,2,1,1,5,1
a6a8490b,Germany,Non-English,Social Sciences,2nd Year,18-21,Female/Woman,I do not have an SpLD,2,1,1,1,4,1,4,1,4,2,1,1,1,1
aba865c4,Germany,Non-English,Psychology,1st Year,22-25,Female/Woman,I do not have an SpLD,3,1,1,1,4,1,4,1,4,3,2,1,1,1
abcdc9ad,Germany,Non-English,Social Sciences,1st Year,18-21,Female/Woman,Other - Redacted,3,4,2,1,5,1,5,3,5,2,2,2,2,2
acfa8477,Germany,Non-English,Education,1st Year,18-21,Female/Woman,I do not have an SpLD,5,5,4,4,5,2,5,5,5,1,1,4,1,1
ad64f783,Germany,Non-English,Psychology,3rd Year,22-25,Male/Man,I do not have an SpLD,2,3,1,1,5,1,4,3,5,1,1,2,3,1
af8937f5,Germany,Non-English,Psychology,1st Year,18-21,Female/Woman,I do not have an SpLD,3,1,1,1,5,1,5,1,5,2,1,1,3,2
afc8fa91,Germany,Non-English,Psychology,2nd Year,22-25,Male/Man,I do not have an SpLD,4,4,3,3,4,1,4,2,5,3,3,4,1,2
afd9c945,Germany,Non-English,Psychology,2nd Year,18-21,Female/Woman,"Dyslexia, Dysgraphia/Dysorthography",3,2,3,2,4,2,4,3,5,4,1,1,3,1
b11f8d84,Germany,Non-English,Psychology,1st Year,22-25,Female/Woman,I do not have an SpLD,2,1,1,1,5,1,5,2,5,1,1,1,1,1
b1df8a11,Germany,Non-English,Education,1st Year,18-21,Female/Woman,I do not have an SpLD,4,2,4,2,5,1,5,2,4,2,1,2,1,1
b260d0bc,Germany,Non-English,Education,2nd Year,18-21,Female/Woman,I do not have an SpLD,4,3,2,1,5,1,5,3,5,1,1,2,3,1
b2bbf983,Germany,Non-English,Psychology,1st Year,22-25,Female/Woman,I do not have an SpLD,5,3,3,1,5,1,2,3,5,2,2,3,4,2
b2d7af52,Germany,Non-English,Psychology,1st Year,18-21,Female/Woman,I do not have an SpLD,4,4,3,5,5,2,4,3,5,3,2,5,3,3
b352a9dd,Germany,Non-English,Psychology,1st Year,18-21,Female/Woman,I do not have an SpLD,3,1,4,1,4,1,4,4,4,1,1,2,1,1
b6943ba0,Germany,Non-English,Education,1st Year,18-21,Female/Woman,NA,4,2,2,1,5,1,4,2,2,2,1,1,2,1
b966cb75,Germany,Non-English,Psychology,1st Year,18-21,Female/Woman,I do not have an SpLD,3,2,1,1,5,1,5,1,4,1,1,1,1,1
b9af6baf,Germany,Non-English,Psychology,1st Year,18-21,Female/Woman,I do not have an SpLD,1,1,1,1,3,1,2,1,3,2,1,1,1,1
bddf9c0f,Germany,Non-English,Psychology,3rd Year,22-25,Female/Woman,I do not have an SpLD,1,1,1,1,3,1,2,1,2,1,1,1,1,1
bf0c6d08,Germany,Non-English,Psychology,2nd Year,18-21,Female/Woman,I do not have an SpLD,4,4,3,2,4,2,4,2,4,4,1,3,2,1
bf1d0bb3,Germany,Non-English,Psychology,1st Year,22-25,Female/Woman,I do not have an SpLD,4,4,4,1,5,1,5,4,5,3,2,1,4,1
bf7264bc,Germany,Non-English,Psychology,2nd Year,18-21,Male/Man,I do not have an SpLD,2,1,1,1,3,1,3,1,3,1,1,1,1,1
c08a18f0,Germany,Non-English,Psychology,2nd Year,22-25,Female/Woman,I do not have an SpLD,2,1,1,1,4,1,1,1,5,3,1,1,2,1
c145743f,Germany,Non-English,Psychology,3rd Year,22-25,Male/Man,I do not have an SpLD,3,2,2,2,3,1,3,2,3,4,3,2,2,2
c215c1cd,Germany,Non-English,Psychology,1st Year,18-21,Female/Woman,Dyscalculia,3,2,3,1,5,1,3,2,3,1,1,2,1,1
c4b62f06,Germany,Non-English,Psychology,2nd Year,18-21,Female/Woman,I do not have an SpLD,3,2,2,1,4,1,4,2,4,1,1,1,1,1
c7f16ffa,Germany,Non-English,Psychology,2nd Year,22-25,Female/Woman,NA,4,3,3,2,5,2,5,4,5,5,3,3,5,3
cb3ac47f,Germany,Non-English,Education,1st Year,18-21,Female/Woman,I do not have an SpLD,4,3,2,1,5,1,4,3,5,1,1,3,1,1
cf3c753c,Germany,Non-English,Education,1st Year,18-21,Female/Woman,I do not have an SpLD,4,4,4,3,5,3,4,4,5,5,3,4,2,3
cffb6d35,Germany,Non-English,Psychology,1st Year,18-21,Female/Woman,I do not have an SpLD,2,2,2,2,3,1,1,3,2,3,2,2,1,2
d3df3555,Germany,Non-English,Education,1st Year,18-21,Male/Man,I do not have an SpLD,2,1,2,1,3,1,4,1,3,1,1,1,1,1
d4ff3f88,Germany,Non-English,Education,3rd Year,22-25,Female/Woman,I do not have an SpLD,3,3,3,2,3,2,3,2,3,3,2,2,2,2
d5aff359,Germany,Non-English,Psychology,2nd Year,18-21,Female/Woman,Dyscalculia,3,4,3,3,3,2,2,3,3,2,3,4,1,2
d5fa361a,Germany,Non-English,Education,1st Year,18-21,Female/Woman,I do not have an SpLD,2,2,3,2,3,1,3,2,3,2,3,2,2,1
d7ffb13c,Germany,Non-English,Social Sciences,1st Year,22-25,Female/Woman,I do not have an SpLD,5,3,3,1,5,1,5,3,5,1,1,2,1,1
da0d82c7,Germany,Non-English,Education,3rd Year,18-21,Female/Woman,I do not have an SpLD,5,2,2,1,5,1,5,2,5,2,2,2,1,2
db0bdf23,Germany,Non-English,Psychology,1st Year,22-25,Female/Woman,Dysgraphia/Dysorthography,4,2,3,1,3,1,3,2,3,2,2,1,1,2
dbb2b1a8,Germany,Non-English,Education,1st Year,18-21,Female/Woman,I do not have an SpLD,5,4,4,2,5,1,5,2,5,5,3,4,1,3
dca29ca7,Germany,Non-English,Psychology,2nd Year,18-21,Female/Woman,I do not have an SpLD,3,4,4,2,4,1,5,2,5,3,1,5,1,2
dccb0c72,Germany,Non-English,Psychology,1st Year,18-21,Female/Woman,I do not have an SpLD,3,2,2,1,5,1,5,2,4,2,1,1,1,1
df5bcf4c,Germany,Non-English,Psychology,1st Year,18-21,Male/Man,I do not have an SpLD,2,1,2,1,2,1,2,1,2,1,1,1,1,1
dff9f5f3,Germany,Non-English,Education,1st Year,18-21,Female/Woman,I do not have an SpLD,4,2,2,1,4,1,4,3,4,2,2,3,3,2
f03fb3a3,Germany,Non-English,Education,3rd Year,22-25,Female/Woman,I do not have an SpLD,4,2,3,2,5,1,5,4,5,5,4,2,2,4
f04ff9bc,Germany,Non-English,Psychology,1st Year,18-21,Female/Woman,I do not have an SpLD,2,4,4,4,5,1,5,4,5,3,3,4,4,1
f5073694,Germany,Non-English,Education,1st Year,18-21,Female/Woman,I do not have an SpLD,4,4,4,4,5,1,4,4,5,4,4,4,4,2
f73fb3c7,Germany,Non-English,Psychology,1st Year,18-21,Female/Woman,I do not have an SpLD,4,4,4,4,5,4,5,4,5,4,2,4,1,2
f7d0b5dc,Germany,Non-English,Education,1st Year,18-21,Female/Woman,I do not have an SpLD,3,2,3,2,4,2,4,3,4,3,2,2,3,1
f87fb4af,Germany,Non-English,Education,1st Year,18-21,Female/Woman,I do not have an SpLD,4,2,1,1,4,1,4,1,4,1,1,2,3,1
fa00fd4f,Germany,Non-English,Education,2nd Year,18-21,Female/Woman,Dyscalculia,4,5,3,3,5,1,5,5,5,5,3,3,3,1
fa2b431a,Germany,Non-English,Education,1st Year,18-21,Female/Woman,I do not have an SpLD,5,4,4,3,5,2,5,4,5,4,3,3,4,3
fa8b1f1b,Germany,Non-English,Education,1st Year,18-21,Female/Woman,I do not have an SpLD,3,3,3,1,3,1,3,3,3,1,1,2,2,1
faf55d8f,Germany,Non-English,Education,1st Year,18-21,Female/Woman,I do not have an SpLD,5,3,4,1,5,2,5,4,5,3,2,2,4,2
fb2a78a6,Germany,Non-English,Education,1st Year,18-21,Female/Woman,I do not have an SpLD,1,2,1,1,5,1,4,2,4,3,3,1,1,1
fd429b1d,Germany,Non-English,Psychology,2nd Year,22-25,Male/Man,I do not have an SpLD,1,1,1,1,3,1,2,1,2,2,2,1,1,1
fd599022,Germany,Non-English,Psychology,2nd Year,22-25,Male/Man,I do not have an SpLD,1,1,2,1,1,1,1,2,1,2,1,1,1,1
ff094b71,Germany,Non-English,Education,1st Year,18-21,Female/Woman,I do not have an SpLD,3,2,2,1,4,1,5,3,4,1,1,1,3,1
ff19b7b6,Germany,Non-English,Psychology,2nd Year,18-21,Female/Woman,I do not have an SpLD,5,4,4,1,5,1,5,2,5,4,3,2,2,2
ff5f3f2f,Germany,Non-English,Education,1st Year,18-21,Female/Woman,I do not have an SpLD,5,1,1,1,5,1,5,2,5,1,1,3,1,1
ff8f4334,Germany,Non-English,Psychology,1st Year,18-21,Female/Woman,ADHD/ADD,5,3,3,2,5,1,5,3,5,2,1,5,4,1
02d0c4a2,Spain,English,Business & Finance,2nd Year,18-21,Female/Woman,I do not have an SpLD,4,1,1,1,4,1,4,2,1,2,2,1,5,1
056a3b2d,Spain,English,Business & Finance,1st Year,18-21,Female/Woman,I do not have an SpLD,5,2,2,3,5,2,5,3,4,4,4,2,5,3
0586d7d0,Spain,English,Business & Finance,2nd Year,18-21,Female/Woman,I do not have an SpLD,4,2,3,2,5,2,5,2,3,1,2,2,2,1
064df338,Spain,English,Business & Finance,2nd Year,18-21,Female/Woman,I do not have an SpLD,1,1,1,2,2,1,5,1,3,1,1,1,3,1
070d2c57,Spain,English,Business & Finance,2nd Year,NA,Female/Woman,ADHD/ADD,2,2,2,3,2,3,2,2,2,2,2,2,2,2
08bd057b,Spain,English,Business & Finance,1st Year,18-21,Female/Woman,I do not have an SpLD,4,2,2,1,5,1,5,2,5,2,2,3,3,2
0d0f3845,Spain,English,Business & Finance,2nd Year,18-21,Male/Man,I do not have an SpLD,3,3,2,2,5,3,5,2,4,2,3,3,4,1
0d3cf1b9,Spain,English,Business & Finance,1st Year,18-21,Male/Man,I do not have an SpLD,4,4,2,1,2,1,4,2,3,2,2,3,5,3
0db5c46a,Spain,English,Business & Finance,2nd Year,18-21,Male/Man,I do not have an SpLD,4,3,2,2,5,4,4,3,5,3,3,4,4,2
0ff05a88,Spain,English,Business & Finance,1st Year,18-21,Female/Woman,I do not have an SpLD,5,3,4,2,5,2,5,3,5,2,2,3,4,2
10a0154f,Spain,English,Business & Finance,2nd Year,18-21,Male/Man,I do not have an SpLD,3,2,3,1,3,2,3,2,3,2,1,1,2,1
162317fb,Spain,English,Business & Finance,2nd Year,18-21,Female/Woman,I do not have an SpLD,1,2,2,2,2,3,2,1,2,2,1,2,1,1
169dcc69,Spain,English,Business & Finance,2nd Year,18-21,Female/Woman,I do not have an SpLD,3,1,2,1,2,1,4,2,3,1,2,2,3,1
1c62aff2,Spain,English,Business & Finance,2nd Year,18-21,Female/Woman,I do not have an SpLD,3,1,2,1,4,1,5,1,4,3,2,1,4,3
1cff3b46,Spain,English,Business & Finance,2nd Year,18-21,Male/Man,I do not have an SpLD,2,1,2,2,3,2,2,2,3,2,2,2,2,2
1dacf196,Spain,English,Business & Finance,1st Year,18-21,Male/Man,I do not have an SpLD,3,4,4,3,2,2,2,3,2,3,5,2,3,4
206a46af,Spain,English,Business & Finance,2nd Year,18-21,Female/Woman,I do not have an SpLD,2,1,1,1,3,1,2,2,3,2,2,2,1,2
20b1418b,Spain,English,Business & Finance,1st Year,18-21,Female/Woman,I do not have an SpLD,2,1,2,1,4,1,4,1,3,3,3,1,4,1
22847d19,Spain,English,Business & Finance,2nd Year,18-21,Female/Woman,I do not have an SpLD,1,1,1,2,1,2,2,1,2,1,1,1,2,1
25ddf645,Spain,English,Business & Finance,1st Year,18-21,Male/Man,I do not have an SpLD,4,1,2,1,5,1,5,2,5,2,2,2,4,1
316620a0,Spain,English,Business & Finance,2nd Year,NA,Male/Man,I do not have an SpLD,3,2,3,2,4,2,4,2,4,2,3,2,4,2
33003775,Spain,English,Business & Finance,1st Year,18-21,Male/Man,I do not have an SpLD,3,2,1,1,3,1,3,2,2,2,1,1,3,2
34f29d70,Spain,English,Business & Finance,2nd Year,18-21,Female/Woman,I do not have an SpLD,4,1,1,1,5,1,5,1,5,4,2,1,3,4
35af2004,Spain,English,Business & Finance,1st Year,18-21,Male/Man,I do not have an SpLD,2,1,2,1,2,1,1,3,1,2,2,2,3,1
3a15c448,Spain,English,Business & Finance,2nd Year,18-21,Female/Woman,I do not have an SpLD,4,2,2,2,3,4,3,2,3,1,1,4,4,1
3f93f3f5,Spain,English,Business & Finance,1st Year,18-21,Male/Man,I do not have an SpLD,3,1,2,2,2,1,1,1,3,4,2,2,2,5
40892bff,Spain,English,Business & Finance,1st Year,18-21,Male/Man,I do not have an SpLD,2,2,2,2,3,1,2,3,4,3,3,2,4,1
436f920b,Spain,English,Business & Finance,2nd Year,18-21,Male/Man,I do not have an SpLD,4,2,3,1,5,2,5,2,5,1,1,2,1,1
444f1508,Spain,English,Business & Finance,2nd Year,18-21,Female/Woman,I do not have an SpLD,4,3,1,4,5,4,5,3,5,1,2,4,3,2
44a1cf31,Spain,English,Business & Finance,1st Year,18-21,Female/Woman,ADHD/ADD,1,1,1,1,2,1,2,1,2,1,1,1,2,1
4658b724,Spain,English,Business & Finance,1st Year,18-21,Male/Man,I do not have an SpLD,2,1,1,1,2,1,2,1,1,2,3,1,3,1
46f7b40a,Spain,English,Business & Finance,2nd Year,18-21,Female/Woman,I do not have an SpLD,3,1,2,1,5,1,5,1,2,2,2,1,2,2
49836b59,Spain,English,Business & Finance,1st Year,18-21,Male/Man,I do not have an SpLD,2,1,3,3,2,2,2,2,2,4,2,2,2,3
4a8bfb88,Spain,English,Business & Finance,1st Year,18-21,Female/Woman,I do not have an SpLD,5,4,2,1,5,1,5,2,5,2,4,3,5,2
4af74679,Spain,English,Business & Finance,1st Year,18-21,Male/Man,I do not have an SpLD,2,1,1,1,4,1,3,1,2,2,1,1,3,1
4b2a5139,Spain,English,Business & Finance,1st Year,18-21,Female/Woman,I do not have an SpLD,3,2,2,2,5,3,4,2,5,1,4,4,1,2
4bb79bf5,Spain,English,Business & Finance,2nd Year,18-21,Female/Woman,I do not have an SpLD,3,1,3,1,3,4,3,3,2,1,1,1,4,1
4d966dad,Spain,English,Business & Finance,1st Year,18-21,Female/Woman,I do not have an SpLD,3,1,3,1,4,1,3,2,3,1,2,1,3,1
4f621487,Spain,English,Business & Finance,1st Year,18-21,Female/Woman,I do not have an SpLD,2,2,3,2,3,3,4,2,1,3,3,2,4,3
51aa969a,Spain,English,Business & Finance,1st Year,18-21,Female/Woman,I do not have an SpLD,3,1,1,1,3,1,4,1,3,1,1,1,3,1
53160863,Spain,English,Business & Finance,2nd Year,18-21,Female/Woman,I do not have an SpLD,5,3,2,4,3,4,4,2,4,2,3,4,3,3
5a1b7551,Spain,English,Business & Finance,1st Year,18-21,Male/Man,I do not have an SpLD,4,1,1,1,5,1,4,3,4,1,2,1,1,1
5c7f96d0,Spain,English,Business & Finance,2nd Year,18-21,Female/Woman,I do not have an SpLD,3,3,2,3,5,2,4,3,5,3,2,3,3,2
5f42af49,Spain,English,Business & Finance,1st Year,18-21,Female/Woman,I do not have an SpLD,3,3,2,3,2,2,2,2,2,2,2,2,2,2
5f84f47f,Spain,English,Business & Finance,2nd Year,18-21,Male/Man,I do not have an SpLD,3,1,1,1,5,1,5,1,5,2,1,1,4,1
5fd5a64c,Spain,English,Business & Finance,1st Year,18-21,Male/Man,I do not have an SpLD,5,2,4,3,3,1,4,3,4,4,5,3,3,3
60f8219b,Spain,English,Business & Finance,2nd Year,18-21,Male/Man,I do not have an SpLD,3,2,2,2,2,2,4,2,3,3,4,2,4,3
624295d0,Spain,English,Business & Finance,1st Year,18-21,Female/Woman,I do not have an SpLD,4,2,3,2,4,5,4,2,2,4,3,4,4,2
68f268bf,Spain,English,Business & Finance,2nd Year,18-21,Male/Man,I do not have an SpLD,4,1,2,1,4,1,4,2,4,2,2,2,2,2
69d716db,Spain,English,Business & Finance,1st Year,18-21,Female/Woman,I do not have an SpLD,3,2,3,1,5,1,2,2,2,1,1,2,2,1
69ff70f6,Spain,English,Business & Finance,1st Year,18-21,NA,ADHD/ADD,3,1,3,2,3,2,2,1,4,2,2,2,4,2
6cf36556,Spain,English,Business & Finance,2nd Year,18-21,Female/Woman,I do not have an SpLD,3,2,1,1,4,1,4,2,5,1,1,2,5,2
6cff1dcf,Spain,English,Business & Finance,1st Year,18-21,Female/Woman,I do not have an SpLD,4,2,3,2,3,3,5,4,4,2,4,2,5,2
7bd197d1,Spain,English,Business & Finance,2nd Year,18-21,Male/Man,I do not have an SpLD,1,1,1,1,3,1,3,1,3,1,1,1,4,1
7f5c31a6,Spain,English,Business & Finance,2nd Year,18-21,Male/Man,I do not have an SpLD,3,1,2,1,3,1,2,1,3,1,1,1,1,1
7f5fdcbb,Spain,English,Business & Finance,2nd Year,18-21,Female/Woman,I do not have an SpLD,5,1,2,1,5,1,5,2,5,4,3,2,5,1
7f994461,Spain,English,Business & Finance,2nd Year,18-21,Female/Woman,I do not have an SpLD,5,3,4,3,4,4,5,3,5,4,4,4,5,4
809fff8f,Spain,English,Business & Finance,1st Year,18-21,Male/Man,I do not have an SpLD,3,2,2,1,4,1,4,2,4,1,1,2,4,1
8327b974,Spain,English,Business & Finance,2nd Year,18-21,Male/Man,Dyslexia,1,1,1,1,3,1,3,2,4,2,1,2,2,2
849118d4,Spain,English,Business & Finance,1st Year,18-21,Female/Woman,I do not have an SpLD,2,2,1,2,5,2,5,1,4,1,2,2,4,1
85fd5b13,Spain,English,Business & Finance,2nd Year,18-21,Female/Woman,I do not have an SpLD,3,3,3,2,4,3,5,2,5,2,2,3,4,1
882584b2,Spain,English,Business & Finance,1st Year,18-21,Male/Man,ADHD/ADD,3,2,1,1,3,2,1,3,3,3,2,3,4,3
888673c8,Spain,English,Business & Finance,1st Year,18-21,Male/Man,I do not have an SpLD,3,1,2,1,3,1,5,2,4,1,1,1,1,1
8ab38c80,Spain,English,Business & Finance,2nd Year,18-21,Female/Woman,I do not have an SpLD,4,2,2,2,4,3,3,1,4,1,2,3,3,1
8c27c339,Spain,English,Business & Finance,2nd Year,18-21,Male/Man,I do not have an SpLD,3,3,1,1,3,1,5,1,5,3,5,1,2,2
8cc3cf59,Spain,English,Business & Finance,1st Year,18-21,Male/Man,I do not have an SpLD,1,1,2,2,2,2,2,2,2,2,2,1,1,1
90faf506,Spain,English,Business & Finance,2nd Year,18-21,Female/Woman,I do not have an SpLD,3,3,3,3,5,4,5,2,5,4,3,4,3,4
94a2df3d,Spain,English,Business & Finance,2nd Year,18-21,Female/Woman,I do not have an SpLD,5,1,2,2,5,2,5,2,5,5,4,3,5,3
9530a30d,Spain,English,Business & Finance,1st Year,18-21,Male/Man,I do not have an SpLD,2,1,1,1,3,1,3,1,3,1,1,1,2,2
9552f575,Spain,English,Business & Finance,1st Year,18-21,Male/Man,I do not have an SpLD,2,1,1,1,4,2,4,2,3,1,1,1,2,1
980c7d84,Spain,English,Business & Finance,1st Year,18-21,Male/Man,I do not have an SpLD,4,2,2,1,5,1,5,2,5,2,2,1,3,2
98839f69,Spain,English,Business & Finance,2nd Year,18-21,Male/Man,I do not have an SpLD,2,1,1,1,4,1,4,1,3,1,1,1,3,1
98d1f183,Spain,English,Business & Finance,1st Year,18-21,Male/Man,I do not have an SpLD,3,1,1,1,1,1,3,1,3,2,3,1,2,1
9ac1ac6f,Spain,English,Business & Finance,1st Year,18-21,Male/Man,I do not have an SpLD,5,4,4,3,5,4,5,4,5,3,2,4,5,2
9cb231cf,Spain,English,Business & Finance,2nd Year,18-21,Male/Man,I do not have an SpLD,4,1,1,1,5,1,4,3,4,1,1,1,2,1
9ff3fd9d,Spain,English,Business & Finance,2nd Year,18-21,Male/Man,I do not have an SpLD,2,1,1,1,4,1,3,1,4,1,1,1,4,1
9fff2a93,Spain,English,Business & Finance,2nd Year,18-21,Female/Woman,I do not have an SpLD,2,2,1,2,3,1,3,1,2,1,2,2,1,1
a1924f79,Spain,English,Business & Finance,2nd Year,18-21,Male/Man,I do not have an SpLD,1,1,1,1,2,2,1,1,2,1,1,1,2,1
a48fa3fd,Spain,English,Business & Finance,2nd Year,18-21,Male/Man,I do not have an SpLD,3,2,2,1,4,3,3,2,2,2,1,2,2,1
a6f57c8c,Spain,English,Business & Finance,1st Year,18-21,Female/Woman,I do not have an SpLD,2,3,2,3,4,2,4,2,2,3,2,3,4,2
ac4cfad4,Spain,English,Business & Finance,1st Year,18-21,Female/Woman,I do not have an SpLD,4,1,1,1,3,1,5,1,5,3,2,1,1,1
acf125bf,Spain,English,Business & Finance,2nd Year,18-21,Male/Man,I do not have an SpLD,1,1,1,1,3,1,1,1,2,1,1,1,1,2
af3b8a6b,Spain,English,Business & Finance,2nd Year,18-21,Female/Woman,I do not have an SpLD,4,4,4,4,3,4,3,3,4,3,3,4,3,4
af3bdf6f,Spain,English,Business & Finance,1st Year,18-21,Male/Man,I do not have an SpLD,3,1,1,1,4,1,4,1,4,2,1,1,3,2
b2081a3c,Spain,English,Business & Finance,2nd Year,18-21,Female/Woman,I do not have an SpLD,2,2,3,2,5,4,5,2,4,3,2,3,3,2
b4f5fcf1,Spain,English,Business & Finance,1st Year,18-21,Female/Woman,I do not have an SpLD,5,1,2,1,5,1,5,5,5,4,3,5,5,3
b82f4f0f,Spain,English,Business & Finance,2nd Year,18-21,Male/Man,I do not have an SpLD,4,1,1,1,5,1,5,1,5,2,1,2,1,1
b9972b66,Spain,English,Business & Finance,2nd Year,18-21,Male/Man,I do not have an SpLD,4,2,2,2,5,2,5,2,5,2,3,2,2,3
bab8053b,Spain,English,Business & Finance,2nd Year,18-21,Female/Woman,I do not have an SpLD,4,3,2,3,4,2,4,2,4,1,2,2,2,1
bbfb4345,Spain,English,Business & Finance,2nd Year,18-21,Male/Man,I do not have an SpLD,2,2,1,1,3,1,3,1,2,1,1,2,4,2
c4bcf61c,Spain,English,Business & Finance,2nd Year,18-21,Female/Woman,I do not have an SpLD,3,2,2,2,4,2,4,2,4,3,3,2,3,3
c55fc056,Spain,English,Business & Finance,2nd Year,18-21,Female/Woman,I do not have an SpLD,4,1,1,1,2,1,3,1,4,2,1,2,3,1
c74bd63c,Spain,English,Business & Finance,1st Year,18-21,Male/Man,I do not have an SpLD,2,1,2,1,2,1,2,1,2,1,1,1,2,1
c78728b0,Spain,English,Business & Finance,1st Year,18-21,Male/Man,I do not have an SpLD,2,1,1,1,2,1,3,1,3,2,1,1,2,2
c9391acd,Spain,English,Business & Finance,2nd Year,18-21,Female/Woman,I do not have an SpLD,2,1,4,1,2,1,3,1,2,3,3,1,2,1
ccbc0d90,Spain,English,Business & Finance,1st Year,18-21,Male/Man,I do not have an SpLD,3,1,2,2,3,3,3,3,3,2,3,2,4,2
cd114651,Spain,English,Business & Finance,1st Year,NA,Female/Woman,I do not have an SpLD,4,3,3,2,4,2,4,3,4,2,3,3,4,3
cf4c6f01,Spain,English,Business & Finance,2nd Year,18-21,Female/Woman,NA,3,1,1,1,3,1,3,1,4,1,1,2,2,1
d26bb24c,Spain,English,Business & Finance,1st Year,18-21,Male/Man,NA,2,1,1,2,3,1,3,1,3,1,3,2,1,2
d5729285,Spain,English,Business & Finance,2nd Year,18-21,Male/Man,I do not have an SpLD,4,1,2,1,4,2,4,2,5,3,4,2,3,2
d752b059,Spain,English,Business & Finance,2nd Year,18-21,Male/Man,I do not have an SpLD,2,1,2,1,3,2,4,2,3,2,2,2,3,2
d77f71f1,Spain,English,Business & Finance,2nd Year,18-21,Female/Woman,I do not have an SpLD,4,4,4,4,5,2,5,4,5,2,3,4,5,2
dd3f20b0,Spain,English,Business & Finance,2nd Year,18-21,Female/Woman,I do not have an SpLD,4,3,4,1,3,3,3,3,5,2,2,4,3,3
dda0959a,Spain,English,Business & Finance,1st Year,18-21,Female/Woman,I do not have an SpLD,5,2,4,2,5,2,5,4,5,4,4,3,5,3
f00df726,Spain,English,Business & Finance,2nd Year,18-21,Male/Man,I do not have an SpLD,5,2,1,1,4,3,5,1,4,3,3,1,4,1
f09a8ccc,Spain,English,Business & Finance,1st Year,18-21,Female/Woman,I do not have an SpLD,3,2,3,4,4,5,5,1,4,2,5,3,5,3
f10751df,Spain,English,Business & Finance,1st Year,18-21,Male/Man,NA,2,NA,1,1,2,1,2,2,2,2,3,2,1,2
f1777c16,Spain,English,Business & Finance,1st Year,18-21,Male/Man,I do not have an SpLD,3,1,2,1,4,1,4,3,3,2,1,1,1,1
f31ff609,Spain,English,Business & Finance,1st Year,18-21,Male/Man,I do not have an SpLD,2,1,2,2,3,1,3,2,3,1,2,2,1,2
f5744caa,Spain,English,Business & Finance,2nd Year,18-21,Female/Woman,I do not have an SpLD,3,2,2,2,4,3,4,1,3,2,3,3,3,2
f5db46a5,Spain,English,Business & Finance,1st Year,18-21,Male/Man,I do not have an SpLD,2,2,1,3,2,1,2,2,2,2,2,2,3,2
f70d2100,Spain,English,Business & Finance,1st Year,18-21,Male/Man,I do not have an SpLD,4,2,3,3,5,4,4,2,1,1,1,2,5,2
f7a52c3c,Spain,English,Business & Finance,2nd Year,18-21,Male/Man,I do not have an SpLD,3,3,3,3,4,3,4,2,3,3,3,2,4,1
f821fafd,Spain,English,Business & Finance,2nd Year,18-21,Male/Man,I do not have an SpLD,5,3,3,3,5,4,5,3,5,2,2,3,3,2
fa9f59b5,Spain,English,Business & Finance,2nd Year,18-21,Female/Woman,I do not have an SpLD,4,3,3,1,5,3,5,3,5,1,1,3,4,1
fca992cc,Spain,English,Business & Finance,2nd Year,18-21,Female/Woman,I do not have an SpLD,4,1,2,1,5,1,3,2,3,2,1,1,4,2
fd29f04d,Spain,English,Business & Finance,1st Year,18-21,Male/Man,I do not have an SpLD,2,2,3,2,4,2,4,3,4,3,3,2,3,2
ff4d0067,Spain,English,Business & Finance,2nd Year,18-21,Female/Woman,I do not have an SpLD,3,1,1,1,5,1,5,1,3,2,1,1,3,2
ffffbfa3,Spain,English,Business & Finance,2nd Year,18-21,Male/Man,Dyslexia,4,1,2,1,5,1,5,1,4,5,5,1,1,5
066ba27a,Estonia,Non-English,Psychology,3rd Year,18-21,Female/Woman,I do not have an SpLD,4,3,1,3,4,1,3,2,4,3,2,3,4,2
08233d13,Estonia,Non-English,Psychology,2nd Year,18-21,Female/Woman,I do not have an SpLD,3,2,2,2,5,3,5,2,5,1,1,2,2,2
0bd04b70,Estonia,Non-English,Psychology,1st Year,26+,Male/Man,I do not have an SpLD,4,1,1,1,5,1,3,1,2,2,1,1,3,1
12d8978c,Estonia,Non-English,Psychology,1st Year,18-21,Female/Woman,I do not have an SpLD,4,2,2,2,5,1,4,2,3,5,4,2,5,3
183374cb,Estonia,Non-English,Psychology,2nd Year,26+,Male/Man,I do not have an SpLD,1,1,1,1,1,1,1,1,1,1,1,1,1,1
19fcdfba,Estonia,Non-English,Education,3rd Year,18-21,Female/Woman,I do not have an SpLD,3,4,3,4,5,1,5,5,5,5,5,4,3,5
1a18b114,Estonia,Non-English,Psychology,4th Year,22-25,Female/Woman,NA,5,4,3,2,5,3,5,3,4,3,3,4,5,2
2637f4fb,Estonia,Non-English,Psychology,2nd Year,18-21,Female/Woman,I do not have an SpLD,1,3,2,3,2,1,1,1,1,2,2,2,2,1
27ff1916,Estonia,Non-English,Psychology,2nd Year,18-21,Female/Woman,I do not have an SpLD,3,2,2,1,4,3,3,2,2,3,3,2,2,2
287f4a8f,Estonia,Non-English,Psychology,1st Year,18-21,Female/Woman,I do not have an SpLD,4,1,2,3,5,1,4,3,3,2,1,2,5,1
28f1fa38,Estonia,Non-English,Education,NA,18-21,Female/Woman,I do not have an SpLD,4,4,4,2,5,2,5,2,5,5,4,3,3,3
2a2f3242,Estonia,Non-English,Psychology,1st Year,22-25,Female/Woman,I do not have an SpLD,3,2,2,2,5,2,4,1,1,4,5,2,3,1
2cabf68f,Estonia,Non-English,Psychology,1st Year,18-21,Female/Woman,I do not have an SpLD,2,1,1,1,4,1,3,1,3,3,2,1,2,2
42ff633c,Estonia,Non-English,Psychology,2nd Year,26+,Female/Woman,I do not have an SpLD,1,2,2,1,3,1,1,2,1,1,1,2,3,1
44404f54,Estonia,Non-English,Psychology,2nd Year,18-21,Female/Woman,I do not have an SpLD,5,1,3,2,5,2,4,2,5,4,4,3,5,4
44d50d83,Estonia,Non-English,Psychology,1st Year,18-21,Female/Woman,I do not have an SpLD,4,2,1,1,5,1,4,1,4,3,3,2,5,3
46c90305,Estonia,Non-English,Psychology,1st Year,22-25,Female/Woman,Other - Not an SpLD,4,2,2,2,4,2,3,1,3,5,4,3,3,5
47fa0c32,Estonia,Non-English,Psychology,1st Year,26+,Male/Man,NA,4,2,2,2,5,1,4,3,5,5,5,4,2,5
4c8abc10,Estonia,Non-English,Psychology,1st Year,18-21,Female/Woman,I do not have an SpLD,3,1,2,1,4,1,5,2,2,4,3,1,3,3
57ff2112,Estonia,Non-English,Psychology,1st Year,18-21,Female/Woman,I do not have an SpLD,5,3,1,3,5,3,4,2,5,4,4,3,5,3
5b0bfbaf,Estonia,Non-English,Psychology,3rd Year,22-25,Female/Woman,I do not have an SpLD,2,1,1,1,4,1,1,3,3,2,1,1,4,1
5f6589dc,Estonia,Non-English,Psychology,1st Year,22-25,Female/Woman,I do not have an SpLD,1,2,2,2,4,4,3,2,1,3,3,3,2,3
6f102362,Estonia,Non-English,Psychology,1st Year,18-21,Female/Woman,I do not have an SpLD,2,1,1,1,4,1,2,1,1,2,1,1,2,1
6fcfa30a,Estonia,Non-English,Social Sciences,2nd Year,18-21,Female/Woman,I do not have an SpLD,3,1,2,1,4,1,4,3,2,3,2,4,2,1
732c9d0f,Estonia,Non-English,Psychology,2nd Year,22-25,Female/Woman,I do not have an SpLD,4,3,2,1,5,2,3,2,3,3,3,3,3,2
73401f85,Estonia,Non-English,Psychology,1st Year,18-21,Female/Woman,I do not have an SpLD,4,3,4,4,5,2,5,2,5,3,3,4,3,2
7a546a34,Estonia,Non-English,Psychology,1st Year,18-21,Female/Woman,I do not have an SpLD,4,3,1,2,4,1,3,3,2,2,3,3,2,3
7bd178c2,Estonia,Non-English,Psychology,2nd Year,18-21,Female/Woman,I do not have an SpLD,3,3,3,2,5,1,3,2,3,3,2,3,2,3
828666df,Estonia,Non-English,Psychology,1st Year,18-21,Female/Woman,I do not have an SpLD,3,2,2,4,4,1,4,3,3,3,4,5,2,4
82c09605,Estonia,Non-English,Psychology,1st Year,18-21,Female/Woman,I do not have an SpLD,3,1,1,1,4,1,3,2,3,2,1,2,1,2
875454f4,Estonia,Non-English,Psychology,2nd Year,18-21,Female/Woman,I do not have an SpLD,4,4,4,3,5,1,5,2,5,2,3,4,4,3
8774f22f,Estonia,Non-English,Psychology,1st Year,26+,Female/Woman,I do not have an SpLD,5,4,5,4,5,5,5,5,5,5,5,4,4,5
8972da81,Estonia,Non-English,Psychology,1st Year,18-21,Female/Woman,Other - Autism Spectrum Disorder,5,5,3,4,5,3,4,4,5,4,4,4,5,5
8b073781,Estonia,Non-English,Psychology,2nd Year,18-21,Female/Woman,I do not have an SpLD,4,2,2,3,4,2,4,1,4,3,4,2,3,4
8f3a1277,Estonia,Non-English,Psychology,1st Year,18-21,Female/Woman,I do not have an SpLD,4,3,2,1,4,1,2,2,3,4,4,3,5,3
92fb1bd0,Estonia,Non-English,Psychology,1st Year,18-21,Female/Woman,I do not have an SpLD,3,3,2,2,5,1,5,2,5,5,4,3,2,4
99411fb8,Estonia,Non-English,Psychology,1st Year,18-21,Female/Woman,I do not have an SpLD,2,2,2,2,4,1,2,3,3,2,2,2,1,1
9cf948f3,Estonia,Non-English,Psychology,2nd Year,18-21,Female/Woman,I do not have an SpLD,3,3,3,3,5,4,4,3,4,5,3,4,2,2
a4b10263,Estonia,Non-English,Business & Finance,2nd Year,18-21,Female/Woman,I do not have an SpLD,5,3,3,4,5,2,5,5,5,4,4,4,5,4
ab38fad1,Estonia,Non-English,Education,1st Year,18-21,Female/Woman,NA,5,3,3,2,5,2,5,3,5,4,2,4,5,2
abb117a2,Estonia,Non-English,Psychology,2nd Year,NA,Female/Woman,I do not have an SpLD,3,1,2,1,4,1,5,2,4,3,3,2,4,3
b4453fb8,Estonia,Non-English,Psychology,2nd Year,26+,Female/Woman,I do not have an SpLD,2,3,3,1,4,1,4,3,4,2,1,3,1,2
b494c736,Estonia,Non-English,Education,3rd Year,26+,Female/Woman,I do not have an SpLD,5,1,1,1,5,1,1,1,1,1,1,1,2,1
b6c6f61d,Estonia,Non-English,Social Sciences,2nd Year,22-25,Female/Woman,I do not have an SpLD,4,1,3,1,4,2,2,2,4,4,2,1,2,1
b980a488,Estonia,Non-English,Psychology,2nd Year,18-21,Male/Man,I do not have an SpLD,1,2,3,1,2,1,1,3,2,1,2,1,1,2
bafc285f,Estonia,Non-English,Psychology,1st Year,18-21,Female/Woman,I do not have an SpLD,2,2,2,2,2,1,3,1,2,3,1,3,2,2
c38d206b,Estonia,Non-English,Psychology,1st Year,26+,Female/Woman,I do not have an SpLD,3,2,2,2,3,1,2,1,1,3,3,2,3,3
d72a740c,Estonia,Non-English,Psychology,1st Year,18-21,Female/Woman,I do not have an SpLD,3,3,2,2,5,4,3,3,3,3,2,2,3,3
da795f04,Estonia,Non-English,Psychology,2nd Year,NA,Female/Woman,I do not have an SpLD,5,1,3,1,5,2,4,4,5,5,5,2,3,5
f1737995,Estonia,Non-English,Psychology,2nd Year,18-21,Female/Woman,ADHD/ADD,4,1,1,1,5,2,2,1,2,2,1,1,3,1
f28c3abd,Estonia,Non-English,Education,3rd Year,26+,Female/Woman,I do not have an SpLD,2,1,1,1,2,1,1,1,2,2,2,1,1,2
f8baccf0,Estonia,Non-English,Psychology,NA,26+,Female/Woman,I do not have an SpLD,5,4,2,2,5,1,2,4,3,1,3,1,2,2
fa5474fc,Estonia,Non-English,Psychology,1st Year,NA,Female/Woman,I do not have an SpLD,4,1,3,1,4,1,1,3,1,2,2,1,2,3
fa79c90c,Estonia,Non-English,Psychology,1st Year,18-21,Female/Woman,I do not have an SpLD,4,3,2,2,5,2,5,2,4,2,1,4,2,1
fa79ffb7,Estonia,Non-English,Psychology,3rd Year,26+,Female/Woman,I do not have an SpLD,4,2,2,3,5,1,4,4,1,2,2,3,2,3
fc07b113,Estonia,Non-English,Psychology,2nd Year,26+,Female/Woman,I do not have an SpLD,3,1,1,3,5,3,5,3,5,1,2,1,4,1
fd0faf55,Estonia,Non-English,Psychology,1st Year,26+,Male/Man,I do not have an SpLD,2,1,1,1,4,1,1,1,2,3,2,1,1,2
b525510f,Ghana,English,Psychology,4th Year,22-25,Female/Woman,I do not have an SpLD,3,3,1,3,4,1,5,4,5,1,1,3,5,1
0465fac2,Austria,Non-English,Psychology,2nd Year,18-21,Male/Man,I do not have an SpLD,3,2,2,2,2,2,2,1,3,3,3,2,2,3
062b4fca,Austria,Non-English,Psychology,3rd Year,22-25,Male/Man,I do not have an SpLD,3,2,1,2,5,1,4,2,3,4,1,1,1,1
070c84c5,Austria,Non-English,Psychology,1st Year,18-21,Female/Woman,I do not have an SpLD,4,1,2,1,5,1,5,2,4,2,2,1,5,1
07fa3958,Austria,Non-English,Psychology,2nd Year,18-21,Female/Woman,I do not have an SpLD,4,2,2,1,5,1,4,2,5,2,2,1,2,1
10c819a4,Austria,Non-English,Psychology,2nd Year,18-21,Female/Woman,I do not have an SpLD,2,1,2,1,4,1,4,2,4,1,1,1,1,1
12cc240f,Austria,Non-English,Psychology,2nd Year,18-21,Male/Man,I do not have an SpLD,2,1,1,1,3,1,3,1,2,1,1,1,1,1
137927b5,Austria,Non-English,Psychology,1st Year,18-21,Male/Man,I do not have an SpLD,2,1,2,1,2,1,3,1,1,2,1,1,1,1
13bf6a18,Austria,Non-English,Education,2nd Year,18-21,Female/Woman,I do not have an SpLD,2,1,1,1,4,1,4,2,4,3,2,1,2,2
15c44833,Austria,Non-English,Psychology,3rd Year,22-25,Female/Woman,I do not have an SpLD,2,1,3,2,4,1,4,2,3,4,2,2,2,2
178dd84a,Austria,Non-English,Social Sciences,1st Year,22-25,Female/Woman,I do not have an SpLD,3,4,2,2,1,2,1,3,1,2,4,3,1,3
1a76cc58,Austria,Non-English,Psychology,2nd Year,18-21,Male/Man,I do not have an SpLD,1,1,2,1,2,1,2,2,1,2,2,1,1,1
1ffd11fd,Austria,Non-English,Psychology,2nd Year,22-25,Female/Woman,I do not have an SpLD,5,4,4,3,3,3,5,3,4,2,4,2,3,2
207fbbff,Austria,Non-English,Social Sciences,2nd Year,22-25,Female/Woman,I do not have an SpLD,3,2,3,1,4,1,4,4,5,1,3,2,4,1
2502f5c5,Austria,Non-English,Social Sciences,2nd Year,26+,Female/Woman,I do not have an SpLD,3,1,2,1,5,1,5,3,5,1,1,1,2,1
2dc8c901,Austria,Non-English,Education,2nd Year,18-21,Female/Woman,I do not have an SpLD,1,1,1,1,3,1,2,1,2,1,1,1,1,1
2f8a044d,Austria,Non-English,Psychology,3rd Year,26+,Female/Woman,I do not have an SpLD,2,2,2,1,3,1,3,2,3,2,3,2,1,2
38a1a4af,Austria,Non-English,Psychology,4th Year,22-25,Male/Man,I do not have an SpLD,3,1,1,1,4,1,5,1,4,3,2,1,2,2
3a7c009f,Austria,Non-English,Psychology,2nd Year,18-21,Female/Woman,I do not have an SpLD,3,1,1,1,5,1,1,1,5,5,4,1,1,4
3bc3cf14,Austria,Non-English,Psychology,1st Year,22-25,Female/Woman,I do not have an SpLD,2,1,3,1,4,1,3,1,3,1,1,1,1,1
3d04ca10,Austria,Non-English,Education,1st Year,18-21,Male/Man,I do not have an SpLD,4,2,3,1,5,1,4,1,4,1,1,1,4,1
44951b26,Austria,Non-English,Psychology,3rd Year,22-25,Male/Man,I do not have an SpLD,3,3,1,1,4,1,4,2,4,2,2,1,1,1
454c4a25,Austria,Non-English,Psychology,1st Year,18-21,Female/Woman,I do not have an SpLD,5,1,3,1,5,1,5,3,5,4,3,1,2,4
4559923b,Austria,Non-English,Psychology,2nd Year,22-25,Male/Man,I do not have an SpLD,2,1,2,1,5,1,5,2,5,1,2,1,1,2
47bbfb79,Austria,Non-English,Psychology,1st Year,18-21,Female/Woman,I do not have an SpLD,4,1,2,1,5,1,5,1,5,4,3,1,4,2
4bd9b10c,Austria,Non-English,Education,2nd Year,22-25,Female/Woman,I do not have an SpLD,1,1,1,1,3,1,3,1,3,3,1,1,1,1
4bf8d2c8,Austria,Non-English,Psychology,1st Year,22-25,Female/Woman,I do not have an SpLD,3,1,1,1,3,1,4,1,4,2,1,1,1,1
4ca0b4f9,Austria,Non-English,Psychology,1st Year,18-21,Male/Man,I do not have an SpLD,3,4,4,2,3,1,3,2,3,2,1,1,2,1
4f39186b,Austria,Non-English,Social Sciences,1st Year,18-21,Female/Woman,I do not have an SpLD,5,2,3,1,5,1,5,1,5,1,1,1,5,1
5063f9d4,Austria,Non-English,Psychology,1st Year,18-21,Female/Woman,I do not have an SpLD,2,2,2,1,3,1,3,2,2,3,2,1,2,2
53c7b0f9,Austria,Non-English,Psychology,1st Year,18-21,Female/Woman,I do not have an SpLD,2,2,3,2,4,2,4,3,4,2,2,2,2,2
54fafb0f,Austria,Non-English,Education,2nd Year,22-25,Female/Woman,NA,2,2,3,1,4,3,3,4,4,3,2,1,1,1
56171f41,Austria,Non-English,Psychology,1st Year,18-21,Female/Woman,I do not have an SpLD,2,1,1,1,4,1,3,1,2,2,1,1,1,1
5bfaa974,Austria,Non-English,Social Sciences,2nd Year,22-25,Male/Man,I do not have an SpLD,3,4,4,1,5,1,4,1,5,2,2,2,3,1
5ff0d1ff,Austria,Non-English,Social Sciences,NA,26+,Female/Woman,I do not have an SpLD,5,3,2,3,5,2,5,2,5,2,2,2,2,1
60508bb6,Austria,Non-English,Psychology,1st Year,18-21,Female/Woman,I do not have an SpLD,5,3,4,1,3,1,4,3,5,2,2,2,4,2
61df6c30,Austria,Non-English,Business & Finance,1st Year,18-21,Female/Woman,I do not have an SpLD,5,5,5,5,5,3,5,5,5,4,3,5,5,2
6a37d686,Austria,Non-English,Psychology,2nd Year,22-25,Female/Woman,I do not have an SpLD,3,1,1,1,4,1,4,2,4,3,2,NA,2,2
75fa8495,Austria,Non-English,Psychology,3rd Year,22-25,Female/Woman,I do not have an SpLD,3,1,3,1,5,1,5,3,5,4,2,1,2,1
7c62381d,Austria,Non-English,Education,2nd Year,22-25,Male/Man,I do not have an SpLD,4,3,2,3,5,1,4,1,5,2,3,3,3,1
818ccb16,Austria,Non-English,Psychology,1st Year,18-21,Female/Woman,I do not have an SpLD,3,1,2,1,3,1,4,1,4,2,1,1,3,1
83214d77,Austria,Non-English,Psychology,3rd Year,26+,Female/Woman,I do not have an SpLD,4,3,3,3,5,2,5,5,5,5,3,3,2,4
87076044,Austria,Non-English,Psychology,1st Year,18-21,Female/Woman,I do not have an SpLD,3,2,3,1,1,1,2,2,1,4,2,1,1,3
8a0478a0,Austria,Non-English,Psychology,1st Year,18-21,Female/Woman,I do not have an SpLD,2,2,1,1,2,1,2,1,3,3,2,1,1,2
8f145ccd,Austria,Non-English,Business & Finance,2nd Year,26+,Male/Man,I do not have an SpLD,3,1,1,1,5,1,4,1,5,1,1,1,1,1
9686cbca,Austria,Non-English,Psychology,1st Year,18-21,Female/Woman,I do not have an SpLD,2,1,2,1,2,1,2,2,2,2,2,1,1,2
9b8cd2af,Austria,Non-English,Psychology,2nd Year,22-25,Male/Man,I do not have an SpLD,1,1,1,1,3,1,3,1,2,2,3,1,1,2
a0c8fa7c,Austria,Non-English,Psychology,1st Year,18-21,Female/Woman,I do not have an SpLD,1,1,1,1,3,1,2,1,2,2,1,1,1,1
a3332809,Austria,Non-English,Psychology,NA,26+,Male/Man,I do not have an SpLD,4,2,3,2,5,1,4,2,4,4,2,1,2,2
a9337f22,Austria,Non-English,Psychology,3rd Year,18-21,Female/Woman,I do not have an SpLD,5,3,1,2,5,2,5,3,5,2,2,2,3,2
ab349fcf,Austria,Non-English,Psychology,3rd Year,22-25,Another Gender,I do not have an SpLD,3,1,1,1,2,1,2,2,1,2,1,1,3,1
af73a65f,Austria,Non-English,Psychology,2nd Year,18-21,Female/Woman,I do not have an SpLD,4,2,2,1,4,1,4,2,3,3,2,2,1,2
b48b2faa,Austria,Non-English,Psychology,1st Year,18-21,Female/Woman,I do not have an SpLD,3,3,3,1,4,1,3,3,4,5,3,2,3,3
b567dff7,Austria,Non-English,Psychology,3rd Year,22-25,Male/Man,I do not have an SpLD,2,2,3,1,4,1,4,4,3,4,3,1,1,2
b8282401,Austria,Non-English,Psychology,1st Year,18-21,Female/Woman,I do not have an SpLD,4,2,3,2,5,3,5,3,5,3,3,2,2,3
bf209bd2,Austria,Non-English,Psychology,3rd Year,26+,Female/Woman,I do not have an SpLD,3,1,2,1,5,1,3,2,4,2,2,1,3,2
bfffb947,Austria,Non-English,Psychology,3rd Year,22-25,Male/Man,I do not have an SpLD,3,1,1,1,4,1,4,1,3,2,1,1,1,1
c216f65d,Austria,Non-English,Social Sciences,3rd Year,22-25,Female/Woman,I do not have an SpLD,3,1,1,1,5,1,5,1,5,1,1,2,5,1
c3b80704,Austria,Non-English,Psychology,1st Year,18-21,Male/Man,I do not have an SpLD,1,1,1,1,1,1,2,1,2,1,1,1,1,1
c62a7f0f,Austria,Non-English,Psychology,1st Year,18-21,Female/Woman,I do not have an SpLD,3,4,2,2,5,2,4,4,5,5,4,3,3,3
c78c7c4a,Austria,Non-English,Psychology,4th Year,26+,Female/Woman,NA,5,4,2,5,5,2,5,4,5,4,3,5,3,3
d0458124,Austria,Non-English,Social Sciences,3rd Year,NA,Female/Woman,I do not have an SpLD,3,2,2,1,5,1,5,3,5,3,1,1,1,1
d1f8ff3f,Austria,Non-English,Education,4th Year,26+,Female/Woman,I do not have an SpLD,2,2,1,1,1,1,1,1,1,1,1,1,3,1
d6363524,Austria,Non-English,Psychology,1st Year,18-21,Female/Woman,I do not have an SpLD,2,1,2,1,3,1,3,1,3,2,2,1,1,2
f06c1b95,Austria,Non-English,Psychology,1st Year,18-21,Male/Man,I do not have an SpLD,3,2,2,1,5,1,5,2,5,3,3,2,4,3
f0f15b37,Austria,Non-English,Psychology,1st Year,18-21,Female/Woman,I do not have an SpLD,2,1,1,1,3,1,3,1,2,1,1,1,1,1
f362f66f,Austria,Non-English,Psychology,2nd Year,18-21,Female/Woman,I do not have an SpLD,4,2,2,2,4,1,3,2,3,3,3,3,2,2
f4c2f70f,Austria,Non-English,Psychology,1st Year,18-21,Female/Woman,I do not have an SpLD,3,1,1,1,5,1,4,2,4,2,1,1,1,1
f795136a,Austria,Non-English,Psychology,2nd Year,18-21,Male/Man,I do not have an SpLD,2,1,1,1,3,1,2,1,2,1,1,1,1,1
f80760f7,Austria,Non-English,Psychology,1st Year,22-25,Male/Man,I do not have an SpLD,1,1,1,1,2,1,1,2,1,2,1,1,1,1
f8378866,Austria,Non-English,Psychology,2nd Year,22-25,Male/Man,I do not have an SpLD,1,1,1,1,2,1,2,1,2,2,1,1,1,1
fbf3969f,Austria,Non-English,Psychology,4th Year,26+,Female/Woman,I do not have an SpLD,4,2,2,3,5,1,5,2,5,2,2,5,3,2
0028f595,Malaysia,English,Psychology,3rd Year,18-21,Female/Woman,I do not have an SpLD,4,4,3,3,5,2,5,4,5,4,5,4,5,4
00905aff,Malaysia,English,Psychology,3rd Year,22-25,Female/Woman,I do not have an SpLD,4,4,2,4,5,2,4,3,4,5,5,2,4,3
00f35ad3,Malaysia,English,Psychology,3rd Year,22-25,Male/Man,ADHD/ADD,1,1,1,1,3,1,3,1,4,1,1,1,1,1
013f1fff,Malaysia,English,Psychology,3rd Year,18-21,Female/Woman,I do not have an SpLD,5,4,4,5,5,2,5,2,5,5,5,5,5,5
021188b2,Malaysia,English,Psychology,3rd Year,22-25,Female/Woman,I do not have an SpLD,5,5,3,5,5,1,4,5,5,2,4,5,5,4
021d7a36,Malaysia,English,Psychology,2nd Year,18-21,Female/Woman,I do not have an SpLD,4,2,2,2,4,4,4,3,4,3,4,4,2,2
031df9a5,Malaysia,English,Psychology,1st Year,18-21,Male/Man,I do not have an SpLD,2,5,3,3,5,2,5,3,5,1,2,3,5,2
03546f1f,Malaysia,English,Psychology,3rd Year,22-25,Male/Man,I do not have an SpLD,2,1,1,1,2,1,2,1,1,1,1,1,1,1
036b6bb1,Malaysia,English,Psychology,1st Year,NA,Female/Woman,I do not have an SpLD,2,4,3,4,3,3,3,3,2,1,1,4,1,2
03727d5a,Malaysia,English,Psychology,2nd Year,18-21,Female/Woman,I do not have an SpLD,3,2,2,3,3,3,2,3,2,1,1,3,3,1
03bd9fcf,Malaysia,English,Psychology,2nd Year,NA,Female/Woman,I do not have an SpLD,4,3,3,3,4,2,1,3,3,2,2,3,4,2
04212a64,Malaysia,English,Psychology,3rd Year,22-25,Female/Woman,I do not have an SpLD,3,1,4,1,4,1,5,2,5,1,1,2,4,1
05b650f6,Malaysia,English,Psychology,3rd Year,22-25,Male/Man,I do not have an SpLD,2,2,1,2,2,1,2,2,1,2,2,2,3,1
0626b1fc,Malaysia,English,Psychology,2nd Year,22-25,Female/Woman,I do not have an SpLD,2,2,2,2,3,2,2,2,2,2,2,2,2,2
06648050,Malaysia,English,Psychology,3rd Year,18-21,Female/Woman,NA,3,2,3,3,2,1,2,4,2,2,2,2,3,2
076a23dc,Malaysia,English,Psychology,3rd Year,22-25,Female/Woman,I do not have an SpLD,3,1,3,2,3,1,4,2,3,3,3,1,4,2
0795f68d,Malaysia,English,Psychology,2nd Year,18-21,Male/Man,I do not have an SpLD,2,2,2,2,3,1,3,1,3,1,1,2,2,1
09f43535,Malaysia,English,Psychology,3rd Year,NA,Male/Man,I do not have an SpLD,5,2,1,2,5,1,5,1,5,4,5,2,1,2
0bad1a1a,Malaysia,English,Psychology,3rd Year,22-25,Female/Woman,I do not have an SpLD,4,5,4,5,4,2,5,2,5,5,4,4,5,4
0bd32f95,Malaysia,English,Psychology,2nd Year,18-21,Female/Woman,I do not have an SpLD,3,4,3,3,3,2,3,4,3,5,4,2,4,2
0cfb6188,Malaysia,English,Psychology,3rd Year,18-21,Female/Woman,I do not have an SpLD,1,2,1,2,2,3,2,3,1,1,2,4,2,1
103b785d,Malaysia,English,Psychology,2nd Year,18-21,Female/Woman,I do not have an SpLD,5,2,2,2,5,4,4,2,4,2,2,2,2,2
103db3ca,Malaysia,English,Psychology,3rd Year,22-25,Female/Woman,I do not have an SpLD,2,1,2,1,2,1,2,2,2,2,2,2,2,2
10d0f563,Malaysia,English,Psychology,2nd Year,18-21,Female/Woman,I do not have an SpLD,5,1,3,2,4,1,5,2,5,1,1,2,1,1
124bdc20,Malaysia,English,Psychology,2nd Year,18-21,Female/Woman,I do not have an SpLD,2,3,2,2,2,1,2,2,2,3,2,2,2,1
12b17f9d,Malaysia,English,Psychology,2nd Year,NA,Female/Woman,I do not have an SpLD,4,4,4,4,5,3,4,4,5,4,4,4,4,4
148d61f5,Malaysia,English,Psychology,3rd Year,22-25,Male/Man,I do not have an SpLD,2,4,4,4,4,1,4,4,4,2,2,4,4,2
15363282,Malaysia,English,Psychology,3rd Year,22-25,Female/Woman,I do not have an SpLD,5,4,4,4,5,3,5,4,5,4,5,5,5,3
15ff301a,Malaysia,English,Psychology,3rd Year,22-25,Female/Woman,I do not have an SpLD,3,2,4,3,3,2,2,2,2,5,3,2,3,4
16a6c17b,Malaysia,English,Psychology,1st Year,18-21,Female/Woman,I do not have an SpLD,2,2,2,2,2,2,3,3,3,2,2,2,2,2
17d79225,Malaysia,English,Psychology,3rd Year,26+,Female/Woman,I do not have an SpLD,1,1,2,2,2,3,2,1,2,1,1,2,3,1
18b40631,Malaysia,English,Psychology,2nd Year,18-21,Another Gender,I do not have an SpLD,5,4,5,4,5,1,5,4,5,5,4,5,3,3
18f6ddc0,Malaysia,English,Psychology,2nd Year,22-25,Male/Man,I do not have an SpLD,4,3,3,3,4,3,4,2,3,2,2,3,4,2
191f9ad1,Malaysia,English,Psychology,3rd Year,22-25,Female/Woman,I do not have an SpLD,3,4,2,4,3,3,3,3,2,2,2,3,2,2
1ba41075,Malaysia,English,Psychology,2nd Year,22-25,Female/Woman,I do not have an SpLD,3,5,4,4,5,4,5,4,5,3,4,2,5,2
1c0cc375,Malaysia,English,Psychology,3rd Year,22-25,Female/Woman,I do not have an SpLD,4,2,2,2,4,1,3,2,5,4,2,2,2,2
1c40cf2a,Malaysia,English,Psychology,3rd Year,22-25,Female/Woman,I do not have an SpLD,4,5,4,4,3,1,4,5,3,5,5,5,2,2
1c520caa,Malaysia,English,Psychology,2nd Year,18-21,Female/Woman,I do not have an SpLD,5,2,4,2,5,1,5,3,5,3,2,2,3,2
1cd28561,Malaysia,English,Psychology,2nd Year,18-21,Female/Woman,I do not have an SpLD,5,2,2,2,5,1,5,2,5,2,1,2,4,2
1df24a3c,Malaysia,English,Psychology,2nd Year,18-21,Female/Woman,I do not have an SpLD,4,3,5,4,4,1,4,4,4,4,2,3,2,3
1f6f21fb,Malaysia,English,Psychology,NA,NA,NA,NA,5,5,5,5,5,5,5,5,5,5,5,5,5,5
213bbf31,Malaysia,English,Psychology,2nd Year,18-21,Female/Woman,I do not have an SpLD,5,5,5,5,5,5,5,1,5,5,5,5,5,2
22117562,Malaysia,English,Psychology,2nd Year,18-21,Female/Woman,I do not have an SpLD,2,3,3,2,2,1,3,1,2,2,2,1,2,1
22924a5f,Malaysia,English,Psychology,2nd Year,18-21,Female/Woman,I do not have an SpLD,5,5,5,5,5,5,5,5,5,5,5,5,5,5
2397d658,Malaysia,English,Psychology,3rd Year,18-21,Female/Woman,I do not have an SpLD,2,3,3,3,2,1,3,3,4,1,1,4,1,1
257cf844,Malaysia,English,Psychology,3rd Year,NA,Female/Woman,I do not have an SpLD,4,5,5,4,4,3,3,4,1,3,5,3,3,3
258f020a,Malaysia,English,Psychology,3rd Year,22-25,Female/Woman,I do not have an SpLD,2,1,2,3,4,1,1,3,2,1,1,1,2,2
278fc2f1,Malaysia,English,Psychology,1st Year,18-21,Female/Woman,I do not have an SpLD,3,3,2,3,4,2,4,3,4,2,2,3,3,2
27bcd1a7,Malaysia,English,Psychology,2nd Year,18-21,Female/Woman,Other - Unsure,5,4,4,3,5,2,5,4,5,4,3,4,5,4
28c14f2d,Malaysia,English,Psychology,2nd Year,18-21,Female/Woman,I do not have an SpLD,5,3,4,5,3,2,4,4,4,3,3,4,5,3
29272267,Malaysia,English,Psychology,2nd Year,18-21,Female/Woman,I do not have an SpLD,5,5,5,5,5,5,5,5,5,5,5,5,5,5
29fb0428,Malaysia,English,Psychology,3rd Year,18-21,Female/Woman,I do not have an SpLD,5,3,4,3,5,2,5,4,5,5,4,2,4,4
2a706676,Malaysia,English,Psychology,1st Year,18-21,Female/Woman,I do not have an SpLD,4,4,3,2,5,3,5,3,5,3,3,4,4,3
2b355166,Malaysia,English,Psychology,1st Year,NA,Female/Woman,I do not have an SpLD,4,4,4,4,5,2,5,4,5,1,3,2,4,2
2bd78a0f,Malaysia,English,Psychology,3rd Year,18-21,Male/Man,I do not have an SpLD,4,4,3,4,4,2,4,2,3,2,2,4,2,2
2cc8a1af,Malaysia,English,Psychology,1st Year,18-21,Female/Woman,I do not have an SpLD,2,2,2,1,2,1,2,1,2,1,1,2,3,1
2d44f822,Malaysia,English,Psychology,3rd Year,22-25,Female/Woman,I do not have an SpLD,4,4,5,3,4,3,5,2,5,2,2,3,4,2
2d92ba84,Malaysia,English,Psychology,3rd Year,NA,Female/Woman,I do not have an SpLD,3,2,4,2,4,1,3,3,4,4,3,2,4,2
2f533650,Malaysia,English,Psychology,3rd Year,18-21,Female/Woman,I do not have an SpLD,5,4,5,5,5,2,5,5,5,5,5,5,5,5
2f8302cc,Malaysia,English,Psychology,3rd Year,18-21,Male/Man,I do not have an SpLD,3,2,2,2,5,1,5,2,5,1,1,2,4,1
2ffd9910,Malaysia,English,Psychology,1st Year,18-21,Female/Woman,I do not have an SpLD,4,2,3,2,5,1,5,3,5,2,2,2,5,2
3042b4d4,Malaysia,English,Psychology,3rd Year,22-25,Female/Woman,I do not have an SpLD,3,1,2,1,4,1,4,2,4,1,1,1,3,1
30600870,Malaysia,English,Psychology,NA,NA,NA,NA,5,4,4,5,4,5,4,5,4,4,4,5,2,4
307194b3,Malaysia,English,Psychology,2nd Year,22-25,Female/Woman,I do not have an SpLD,4,1,1,1,3,1,3,1,1,2,2,2,1,1
3078684a,Malaysia,English,Psychology,2nd Year,18-21,Male/Man,I do not have an SpLD,2,1,3,1,3,1,1,1,2,1,1,2,2,1
324f84ff,Malaysia,English,Psychology,1st Year,18-21,Female/Woman,I do not have an SpLD,3,3,3,2,5,2,5,3,5,1,1,3,3,1
32d5f978,Malaysia,English,Psychology,2nd Year,18-21,Female/Woman,I do not have an SpLD,3,5,4,3,5,3,4,4,3,5,5,4,2,5
34928486,Malaysia,English,Psychology,3rd Year,18-21,Female/Woman,I do not have an SpLD,3,4,5,3,5,1,5,4,5,3,3,5,5,2
34f57790,Malaysia,English,Psychology,3rd Year,22-25,Female/Woman,I do not have an SpLD,3,3,3,3,3,2,2,3,2,3,3,4,3,3
351f0abf,Malaysia,English,Psychology,3rd Year,18-21,Female/Woman,I do not have an SpLD,5,3,5,4,5,2,5,3,5,5,2,4,5,2
370100b4,Malaysia,English,Psychology,2nd Year,18-21,Female/Woman,I do not have an SpLD,4,3,5,4,4,1,4,5,4,4,4,5,3,3
374bf204,Malaysia,English,Psychology,3rd Year,22-25,Female/Woman,I do not have an SpLD,5,2,5,2,5,1,5,4,5,4,3,2,5,4
37d063a1,Malaysia,English,Psychology,2nd Year,18-21,Male/Man,I do not have an SpLD,2,2,3,1,3,1,2,1,4,1,1,2,3,1
386cf2d9,Malaysia,English,Psychology,2nd Year,18-21,Female/Woman,I do not have an SpLD,4,5,4,3,5,1,4,4,4,3,4,5,3,3
39f3d0cf,Malaysia,English,Psychology,3rd Year,18-21,Male/Man,I do not have an SpLD,4,2,3,4,4,1,5,3,5,1,1,2,4,1
3b528750,Malaysia,English,Psychology,3rd Year,18-21,Female/Woman,I do not have an SpLD,4,3,3,NA,3,2,3,3,3,2,2,3,3,2
3b6f1c58,Malaysia,English,Psychology,3rd Year,18-21,Male/Man,I do not have an SpLD,2,2,2,1,1,1,2,1,2,1,2,2,2,1
3d5f5f01,Malaysia,English,Psychology,3rd Year,22-25,Male/Man,I do not have an SpLD,2,2,2,2,2,1,2,1,2,2,1,1,2,2
3da193f9,Malaysia,English,Psychology,3rd Year,22-25,Female/Woman,I do not have an SpLD,1,2,1,2,1,3,1,1,1,1,2,2,1,2
3f5f7b35,Malaysia,English,Psychology,2nd Year,18-21,Another Gender,I do not have an SpLD,2,2,4,1,5,1,4,1,5,4,5,2,3,5
3f9ff631,Malaysia,English,Psychology,2nd Year,26+,Female/Woman,Other - Not an SpLD,5,2,5,4,5,5,5,5,5,3,2,2,4,2
3fff8fcb,Malaysia,English,Psychology,2nd Year,18-21,Female/Woman,I do not have an SpLD,5,5,5,4,5,4,5,4,5,3,3,5,5,2
4005a355,Malaysia,English,Psychology,1st Year,18-21,Female/Woman,I do not have an SpLD,4,4,5,3,5,4,5,3,5,4,4,4,5,4
4043f524,Malaysia,English,Psychology,3rd Year,22-25,Female/Woman,I do not have an SpLD,4,5,3,4,4,3,3,2,3,4,2,4,2,3
408c6453,Malaysia,English,Psychology,3rd Year,18-21,Female/Woman,I do not have an SpLD,5,5,5,5,5,5,5,5,5,5,5,5,5,5
40bc2a46,Malaysia,English,Psychology,2nd Year,18-21,Female/Woman,I do not have an SpLD,3,3,3,3,3,2,4,2,3,3,3,3,4,3
41b4f504,Malaysia,English,Psychology,3rd Year,18-21,Male/Man,I do not have an SpLD,4,5,3,4,4,2,4,4,4,3,3,4,4,3
42707651,Malaysia,English,Psychology,NA,NA,NA,NA,5,2,4,3,5,2,5,3,5,4,2,2,5,2
42a62f18,Malaysia,English,Psychology,NA,NA,NA,NA,3,5,4,4,4,3,3,5,2,3,3,4,4,2
431a4abf,Malaysia,English,Psychology,3rd Year,22-25,Female/Woman,I do not have an SpLD,4,2,2,4,4,3,4,4,4,3,3,3,4,3
4492cb52,Malaysia,English,Psychology,2nd Year,22-25,Female/Woman,I do not have an SpLD,2,4,3,4,4,1,2,4,4,4,1,4,4,4
458d3bb5,Malaysia,English,Psychology,3rd Year,18-21,Female/Woman,I do not have an SpLD,1,3,2,3,2,1,2,2,2,1,1,3,1,1
45dbbc96,Malaysia,English,Psychology,3rd Year,22-25,Female/Woman,I do not have an SpLD,2,2,2,3,3,1,3,1,3,2,1,3,2,1
46f49bca,Malaysia,English,Psychology,2nd Year,18-21,Female/Woman,I do not have an SpLD,4,4,4,5,4,3,5,4,5,3,4,4,4,4
4717c60d,Malaysia,English,Psychology,2nd Year,22-25,Female/Woman,I do not have an SpLD,2,2,2,2,4,1,4,2,4,2,2,3,3,1
49585903,Malaysia,English,Psychology,2nd Year,18-21,Female/Woman,I do not have an SpLD,4,3,3,1,4,2,4,3,4,2,2,2,3,2
499ff0ab,Malaysia,English,Psychology,1st Year,18-21,Female/Woman,ADHD/ADD,3,3,5,1,3,5,3,1,5,5,4,1,1,5
49bf5117,Malaysia,English,Psychology,2nd Year,22-25,Male/Man,I do not have an SpLD,2,1,2,2,3,3,3,2,4,2,1,2,2,2
4a0dd08b,Malaysia,English,Psychology,2nd Year,18-21,Male/Man,I do not have an SpLD,2,1,1,1,2,1,2,1,4,2,2,1,2,1
4f96b44a,Malaysia,English,Psychology,2nd Year,22-25,Male/Man,I do not have an SpLD,3,2,3,2,4,1,3,2,2,3,2,2,4,1
50a9ac0c,Malaysia,English,Psychology,1st Year,18-21,Male/Man,I do not have an SpLD,4,4,3,3,4,3,3,2,4,1,3,3,4,2
50ff8d75,Malaysia,English,Psychology,3rd Year,22-25,Female/Woman,I do not have an SpLD,4,2,2,2,5,2,4,2,4,4,3,2,4,3
5116177c,Malaysia,English,Psychology,2nd Year,22-25,Female/Woman,I do not have an SpLD,4,3,2,4,4,3,4,2,3,4,2,5,5,2
525f9f0d,Malaysia,English,Psychology,2nd Year,18-21,Female/Woman,I do not have an SpLD,5,4,4,4,5,1,5,3,5,3,3,4,3,3
540b5689,Malaysia,English,Psychology,2nd Year,18-21,Female/Woman,I do not have an SpLD,4,5,5,4,4,2,4,5,4,5,4,5,5,4
54876030,Malaysia,English,Psychology,2nd Year,18-21,Female/Woman,I do not have an SpLD,4,2,2,2,4,1,3,3,3,4,4,2,2,4
54f8b050,Malaysia,English,Psychology,2nd Year,18-21,Female/Woman,I do not have an SpLD,5,4,5,4,5,4,4,4,4,5,4,5,4,4
551c696a,Malaysia,English,Psychology,1st Year,18-21,Female/Woman,I do not have an SpLD,2,4,4,4,2,2,4,4,4,2,1,4,4,1
57355009,Malaysia,English,Psychology,2nd Year,18-21,Female/Woman,I do not have an SpLD,1,1,1,2,2,1,1,2,1,1,1,2,2,1
5a61b18b,Malaysia,English,Psychology,2nd Year,22-25,Female/Woman,I do not have an SpLD,5,3,3,4,5,1,5,5,5,2,4,3,5,5
5a781535,Malaysia,English,Psychology,1st Year,18-21,Female/Woman,I do not have an SpLD,4,4,2,1,2,1,1,2,2,4,2,2,1,1
5c3ffd7f,Malaysia,English,Psychology,2nd Year,18-21,Female/Woman,I do not have an SpLD,3,3,3,4,4,3,2,3,3,2,3,4,3,2
5c568467,Malaysia,English,Psychology,2nd Year,18-21,Female/Woman,I do not have an SpLD,4,2,5,2,2,1,2,4,3,3,4,4,3,4
5d0fb976,Malaysia,English,Psychology,3rd Year,22-25,Female/Woman,I do not have an SpLD,4,1,2,1,4,2,5,1,4,1,2,1,3,1
5db38089,Malaysia,English,Psychology,1st Year,18-21,Female/Woman,I do not have an SpLD,3,2,1,1,4,2,4,1,4,1,1,2,3,1
5dfb7c32,Malaysia,English,Psychology,2nd Year,18-21,Female/Woman,I do not have an SpLD,5,4,4,5,4,2,5,4,5,4,4,5,4,4
5f51550c,Malaysia,English,Psychology,1st Year,18-21,Female/Woman,I do not have an SpLD,3,2,4,2,5,2,4,3,4,3,3,2,4,3
5fbf56aa,Malaysia,English,Psychology,2nd Year,18-21,Female/Woman,I do not have an SpLD,2,3,2,3,4,2,4,2,3,1,1,3,4,1
61a200d4,Malaysia,English,Psychology,3rd Year,22-25,Female/Woman,I do not have an SpLD,5,5,5,4,5,2,5,5,5,4,4,5,5,3
61f76329,Malaysia,English,Psychology,3rd Year,NA,Female/Woman,I do not have an SpLD,4,4,4,4,4,2,4,4,5,4,3,4,4,4
6276dccc,Malaysia,English,Psychology,2nd Year,18-21,Female/Woman,I do not have an SpLD,5,4,4,3,4,2,5,4,5,1,1,3,5,1
6346f61d,Malaysia,English,Psychology,3rd Year,26+,Female/Woman,I do not have an SpLD,3,3,2,2,3,1,3,4,3,3,2,3,4,1
63920f4a,Malaysia,English,Psychology,2nd Year,18-21,Female/Woman,I do not have an SpLD,4,4,4,3,5,5,4,4,4,2,2,3,5,2
6392f2cf,Malaysia,English,Psychology,2nd Year,18-21,Female/Woman,I do not have an SpLD,3,1,3,1,4,5,4,2,3,1,1,2,1,1
63addfa9,Malaysia,English,Psychology,3rd Year,22-25,Female/Woman,I do not have an SpLD,4,3,3,3,4,1,4,4,4,4,3,3,3,4
6408f3b5,Malaysia,English,Psychology,3rd Year,18-21,Female/Woman,I do not have an SpLD,3,4,3,4,4,4,1,4,3,2,2,4,3,2
640af54f,Malaysia,English,Psychology,3rd Year,NA,Female/Woman,I do not have an SpLD,4,3,4,4,4,3,4,4,4,3,3,3,4,4
66d534af,Malaysia,English,Psychology,2nd Year,18-21,Female/Woman,I do not have an SpLD,5,4,4,3,4,1,4,4,5,4,4,3,3,4
67f9d334,Malaysia,English,Psychology,NA,NA,NA,NA,2,2,1,2,2,1,2,2,2,2,2,2,2,2
697f888a,Malaysia,English,Psychology,2nd Year,18-21,Female/Woman,I do not have an SpLD,5,4,4,4,5,3,5,4,5,4,5,4,5,5
6a3f4c82,Malaysia,English,Psychology,2nd Year,18-21,Female/Woman,I do not have an SpLD,4,3,4,3,5,3,4,4,4,4,4,4,4,3
6b602734,Malaysia,English,Psychology,2nd Year,18-21,Female/Woman,I do not have an SpLD,2,3,3,4,4,2,3,3,3,3,1,1,3,2
6bff71cf,Malaysia,English,Psychology,3rd Year,22-25,Female/Woman,I do not have an SpLD,3,3,4,2,4,4,4,3,4,2,3,2,4,3
6c15f488,Malaysia,English,Psychology,3rd Year,NA,Male/Man,I do not have an SpLD,2,4,4,3,4,4,4,4,4,5,3,1,2,1
6c1a6bdf,Malaysia,English,Psychology,2nd Year,18-21,Female/Woman,I do not have an SpLD,3,5,5,4,5,1,5,4,2,4,5,3,3,4
6cf30d71,Malaysia,English,Psychology,3rd Year,22-25,Female/Woman,I do not have an SpLD,4,4,4,3,5,2,4,3,5,2,2,3,5,2
6f81a011,Malaysia,English,Psychology,3rd Year,22-25,Female/Woman,I do not have an SpLD,3,3,2,3,4,2,3,2,4,3,4,4,2,3
707b39d1,Malaysia,English,Psychology,2nd Year,18-21,Female/Woman,I do not have an SpLD,4,3,3,4,5,1,4,2,5,2,3,3,4,3
70a4203a,Malaysia,English,Psychology,2nd Year,18-21,Male/Man,I do not have an SpLD,4,4,2,3,4,2,4,3,5,4,4,2,3,4
71badc01,Malaysia,English,Psychology,3rd Year,22-25,Female/Woman,I do not have an SpLD,5,4,2,4,5,2,4,4,4,4,2,2,4,4
71bfb758,Malaysia,English,Psychology,3rd Year,22-25,Female/Woman,I do not have an SpLD,3,5,3,4,5,2,4,3,4,4,4,5,2,3
73fd8f9b,Malaysia,English,Psychology,3rd Year,26+,Female/Woman,I do not have an SpLD,5,2,3,2,5,1,5,3,5,1,1,1,4,1
745b6c44,Malaysia,English,Psychology,3rd Year,22-25,Male/Man,I do not have an SpLD,1,1,1,1,2,1,2,1,1,1,2,1,1,1
748f55fd,Malaysia,English,Psychology,2nd Year,18-21,Female/Woman,I do not have an SpLD,5,5,4,3,4,3,4,4,4,3,4,4,4,3
75f49016,Malaysia,English,Psychology,3rd Year,18-21,Male/Man,I do not have an SpLD,4,3,4,3,5,1,3,2,4,3,3,3,3,4
76f0f91f,Malaysia,English,Psychology,2nd Year,18-21,Female/Woman,I do not have an SpLD,2,1,3,2,2,1,3,1,4,2,2,1,3,2
77db5c4a,Malaysia,English,Psychology,3rd Year,22-25,Male/Man,I do not have an SpLD,1,1,3,1,1,1,1,3,1,1,1,1,1,2
780326a6,Malaysia,English,Psychology,3rd Year,22-25,Female/Woman,I do not have an SpLD,1,2,2,1,3,1,1,1,1,2,2,1,1,2
78121f96,Malaysia,English,Psychology,2nd Year,18-21,Female/Woman,I do not have an SpLD,5,5,5,5,5,2,5,5,5,4,5,5,5,4
7b9f440f,Malaysia,English,Psychology,2nd Year,18-21,Female/Woman,I do not have an SpLD,5,5,3,3,5,1,5,5,5,4,2,5,5,1
7bf64ab5,Malaysia,English,Psychology,3rd Year,22-25,Male/Man,I do not have an SpLD,2,3,3,2,3,1,2,3,2,2,2,2,4,2
7bf7891f,Malaysia,English,Psychology,3rd Year,18-21,Female/Woman,I do not have an SpLD,5,4,4,4,5,4,5,5,3,4,4,4,3,4
7d02908b,Malaysia,English,Psychology,3rd Year,22-25,Female/Woman,I do not have an SpLD,1,4,4,4,2,3,1,4,2,3,3,4,1,3
7da676fd,Malaysia,English,Psychology,3rd Year,22-25,Female/Woman,I do not have an SpLD,5,5,4,4,5,3,4,5,4,5,4,4,4,4
7dbb19c4,Malaysia,English,Psychology,3rd Year,22-25,Female/Woman,I do not have an SpLD,2,1,2,2,3,1,4,2,2,2,2,3,3,3
7f03629b,Malaysia,English,Psychology,2nd Year,18-21,Female/Woman,I do not have an SpLD,4,4,3,3,5,2,5,4,5,4,3,2,5,3
7f03cc51,Malaysia,English,Psychology,2nd Year,18-21,Female/Woman,I do not have an SpLD,2,1,2,2,4,1,4,2,4,2,2,2,4,2
7f5fbf16,Malaysia,English,Psychology,2nd Year,18-21,Female/Woman,I do not have an SpLD,3,4,3,2,4,1,4,4,4,2,2,4,4,2
7f6c523f,Malaysia,English,Psychology,3rd Year,22-25,Female/Woman,I do not have an SpLD,2,2,2,1,2,2,3,1,2,2,2,2,2,2
7fd607c7,Malaysia,English,Psychology,2nd Year,18-21,Female/Woman,I do not have an SpLD,2,1,2,2,2,1,2,2,3,2,1,2,2,1
8033013c,Malaysia,English,Psychology,3rd Year,18-21,Female/Woman,I do not have an SpLD,3,3,4,2,5,1,5,3,4,3,2,3,4,3
81ac2b46,Malaysia,English,Psychology,3rd Year,18-21,Female/Woman,I do not have an SpLD,4,3,3,1,4,1,5,4,3,1,1,3,4,1
831fadf9,Malaysia,English,Psychology,2nd Year,18-21,Female/Woman,I do not have an SpLD,5,5,5,4,5,3,5,5,5,4,4,5,5,4
84c5a990,Malaysia,English,Psychology,3rd Year,22-25,Female/Woman,I do not have an SpLD,3,4,5,2,3,1,2,5,3,4,3,3,5,2
852ca053,Malaysia,English,Psychology,3rd Year,18-21,Male/Man,I do not have an SpLD,2,4,2,3,3,1,3,2,2,3,1,2,1,1
86d78013,Malaysia,English,Psychology,3rd Year,22-25,Female/Woman,I do not have an SpLD,3,4,2,4,3,3,3,2,3,4,2,3,1,2
8896ab73,Malaysia,English,Psychology,3rd Year,18-21,Female/Woman,I do not have an SpLD,2,3,1,1,3,3,4,3,3,4,2,1,3,2
88a80f36,Malaysia,English,Psychology,1st Year,18-21,Male/Man,I do not have an SpLD,3,2,2,2,4,2,4,2,3,2,2,2,1,2
8904a2af,Malaysia,English,Psychology,2nd Year,18-21,Male/Man,I do not have an SpLD,4,4,3,4,4,1,5,3,2,4,5,5,3,2
890dabb9,Malaysia,English,Psychology,2nd Year,22-25,Female/Woman,I do not have an SpLD,2,3,3,2,3,3,3,3,4,2,2,2,2,2
896dc28f,Malaysia,English,Psychology,2nd Year,18-21,Male/Man,I do not have an SpLD,3,3,2,4,4,2,3,2,4,4,3,2,3,3
89a0698c,Malaysia,English,Psychology,3rd Year,18-21,Female/Woman,I do not have an SpLD,2,1,2,1,3,1,3,2,3,1,1,1,2,1
89fbfc75,Malaysia,English,Psychology,2nd Year,18-21,Female/Woman,I do not have an SpLD,4,2,1,1,4,1,4,1,4,1,2,2,4,1
8a80f213,Malaysia,English,Psychology,2nd Year,18-21,Female/Woman,I do not have an SpLD,2,3,2,2,3,2,2,3,2,2,2,2,2,2
8ab725f7,Malaysia,English,Psychology,2nd Year,18-21,Female/Woman,I do not have an SpLD,3,3,4,5,2,1,4,4,2,4,5,4,2,2
8b516bf2,Malaysia,English,Psychology,2nd Year,18-21,Female/Woman,I do not have an SpLD,2,4,4,2,3,4,2,3,2,1,2,5,2,3
8b9dad96,Malaysia,English,Psychology,3rd Year,22-25,Female/Woman,I do not have an SpLD,4,4,5,3,5,1,4,5,5,2,4,4,2,2
8c662b02,Malaysia,English,Psychology,3rd Year,22-25,Female/Woman,I do not have an SpLD,2,2,2,2,4,1,2,3,3,4,2,3,2,1
8d9b771f,Malaysia,English,Psychology,2nd Year,18-21,Female/Woman,I do not have an SpLD,2,3,3,4,3,1,3,3,4,3,2,3,2,1
8dfd24d3,Malaysia,English,Psychology,3rd Year,18-21,Female/Woman,I do not have an SpLD,1,2,3,1,2,2,2,3,2,3,1,2,2,2
8f30d094,Malaysia,English,Psychology,3rd Year,22-25,Female/Woman,I do not have an SpLD,3,4,2,2,4,2,4,3,4,4,3,4,2,2
8f382961,Malaysia,English,Psychology,2nd Year,NA,Female/Woman,I do not have an SpLD,3,2,2,1,1,1,4,4,3,2,2,2,1,1
8f963f0c,Malaysia,English,Psychology,2nd Year,22-25,Female/Woman,I do not have an SpLD,2,2,3,2,3,2,3,3,3,1,2,2,2,2
8faf385c,Malaysia,English,Psychology,4th Year,22-25,Female/Woman,I do not have an SpLD,4,5,4,5,2,4,2,2,2,2,5,4,2,3
8fcb638f,Malaysia,English,Psychology,2nd Year,18-21,Female/Woman,I do not have an SpLD,4,4,4,4,3,3,4,4,4,2,3,4,3,3
8fcdfdc6,Malaysia,English,Psychology,3rd Year,18-21,Male/Man,I do not have an SpLD,5,2,4,2,5,1,5,5,5,1,5,5,5,1
8ff24f5b,Malaysia,English,Psychology,3rd Year,18-21,Female/Woman,I do not have an SpLD,3,3,2,2,4,2,4,2,4,2,2,3,4,2
8ff6a9f7,Malaysia,English,Psychology,2nd Year,18-21,Male/Man,I do not have an SpLD,4,4,3,4,4,2,4,4,4,4,4,4,4,4
927ff21f,Malaysia,English,Psychology,2nd Year,22-25,Female/Woman,I do not have an SpLD,5,2,2,2,4,2,4,2,5,1,2,2,5,1
930a1816,Malaysia,English,Psychology,1st Year,18-21,Female/Woman,I do not have an SpLD,3,4,4,5,5,2,5,3,5,4,4,4,4,3
931d05a8,Malaysia,English,Psychology,3rd Year,22-25,Female/Woman,I do not have an SpLD,3,5,5,4,4,4,4,5,4,4,4,5,4,4
9408dd26,Malaysia,English,Psychology,3rd Year,22-25,Female/Woman,I do not have an SpLD,1,2,1,2,2,1,1,2,1,3,1,1,1,1
96ac92d7,Malaysia,English,Psychology,3rd Year,18-21,Male/Man,I do not have an SpLD,3,3,2,3,5,2,4,1,4,2,2,3,5,2
96bf0282,Malaysia,English,Psychology,3rd Year,18-21,Female/Woman,I do not have an SpLD,4,3,4,4,4,4,3,4,4,4,4,4,4,4
980d0c88,Malaysia,English,Psychology,2nd Year,18-21,Female/Woman,I do not have an SpLD,4,4,4,4,5,2,4,2,5,2,1,5,5,1
9ad76f3f,Malaysia,English,Psychology,3rd Year,22-25,Male/Man,I do not have an SpLD,1,2,2,2,2,1,1,1,1,1,1,2,1,1
9afdf77b,Malaysia,English,Psychology,1st Year,18-21,Female/Woman,I do not have an SpLD,4,4,4,4,4,1,4,3,3,5,2,4,4,1
9b2f9d62,Malaysia,English,Psychology,1st Year,18-21,Female/Woman,I do not have an SpLD,4,3,1,4,5,1,4,3,4,2,2,4,4,1
9c338fa5,Malaysia,English,Psychology,1st Year,18-21,Female/Woman,I do not have an SpLD,4,2,2,2,5,1,4,3,4,1,2,4,4,1
9c72c535,Malaysia,English,Psychology,2nd Year,18-21,Female/Woman,I do not have an SpLD,5,5,5,4,5,2,5,4,5,5,5,4,3,4
a09741cf,Malaysia,English,Psychology,3rd Year,18-21,Another Gender,I do not have an SpLD,4,3,3,2,5,1,5,3,5,3,3,2,4,3
a0fbd0b3,Malaysia,English,Psychology,3rd Year,22-25,Female/Woman,I do not have an SpLD,5,4,4,4,4,2,5,4,5,2,4,5,3,2
a119f249,Malaysia,English,Psychology,3rd Year,NA,Female/Woman,I do not have an SpLD,5,4,5,4,5,2,3,5,5,3,3,5,5,4
a1300026,Malaysia,English,Psychology,2nd Year,18-21,Female/Woman,I do not have an SpLD,4,2,2,2,4,4,3,3,4,4,4,3,4,2
a143acc7,Malaysia,English,Psychology,2nd Year,18-21,Female/Woman,I do not have an SpLD,4,3,3,4,5,3,4,4,5,4,3,4,3,4
a2ddccd1,Malaysia,English,Psychology,2nd Year,18-21,Female/Woman,I do not have an SpLD,5,3,2,1,5,1,5,3,5,4,4,3,4,2
a2ffa42c,Malaysia,English,Psychology,2nd Year,18-21,Female/Woman,I do not have an SpLD,3,4,4,3,4,2,3,3,4,4,5,3,3,2
a433182a,Malaysia,English,Psychology,3rd Year,18-21,Female/Woman,I do not have an SpLD,2,2,2,2,2,2,3,2,2,2,2,2,3,1
a4d9491d,Malaysia,English,Psychology,3rd Year,18-21,Female/Woman,I do not have an SpLD,3,3,3,2,4,2,4,2,4,2,2,3,2,2
a4f85f48,Malaysia,English,Psychology,1st Year,18-21,Female/Woman,I do not have an SpLD,4,3,2,4,5,1,3,2,5,2,1,5,2,2
a56171f6,Malaysia,English,Psychology,2nd Year,22-25,Female/Woman,I do not have an SpLD,5,2,3,1,5,1,5,2,4,2,3,2,3,3
a6b9468f,Malaysia,English,Psychology,3rd Year,22-25,Male/Man,I do not have an SpLD,3,2,1,2,4,1,5,3,1,1,1,1,5,1
a6d8a056,Malaysia,English,Psychology,3rd Year,22-25,Female/Woman,I do not have an SpLD,2,1,1,1,3,1,3,2,4,3,1,1,1,1
a753071c,Malaysia,English,Psychology,3rd Year,22-25,Female/Woman,I do not have an SpLD,3,5,4,2,5,3,5,5,5,5,5,3,5,4
a7fdcfb6,Malaysia,English,Psychology,1st Year,18-21,Female/Woman,I do not have an SpLD,5,4,4,3,5,3,5,4,5,4,5,4,5,5
a89694d6,Malaysia,English,Psychology,3rd Year,22-25,Female/Woman,I do not have an SpLD,5,4,4,4,5,2,4,4,5,3,2,3,2,2
a8aafd52,Malaysia,English,Psychology,2nd Year,18-21,Female/Woman,I do not have an SpLD,5,4,4,4,5,3,5,4,5,4,4,4,4,4
a8caac97,Malaysia,English,Psychology,3rd Year,22-25,Female/Woman,I do not have an SpLD,5,3,3,3,5,1,5,3,5,3,1,3,5,1
a911f11b,Malaysia,English,Psychology,3rd Year,22-25,Male/Man,I do not have an SpLD,1,1,1,1,2,1,2,1,2,1,1,1,1,1
ab245d8f,Malaysia,English,Psychology,2nd Year,18-21,Female/Woman,I do not have an SpLD,3,5,3,4,4,5,4,4,3,2,2,3,4,2
ababf4a8,Malaysia,English,Psychology,3rd Year,22-25,Male/Man,I do not have an SpLD,2,1,2,2,3,1,1,1,1,2,1,1,3,1
af36f37b,Malaysia,English,Psychology,2nd Year,22-25,Female/Woman,I do not have an SpLD,3,1,2,1,4,1,4,3,3,2,2,1,3,2
af3a8459,Malaysia,English,Psychology,2nd Year,18-21,Female/Woman,I do not have an SpLD,3,3,3,3,4,1,4,2,4,2,3,4,2,3
afa212f9,Malaysia,English,Psychology,3rd Year,18-21,Female/Woman,I do not have an SpLD,5,4,4,2,5,5,5,1,5,3,2,4,2,2
b01d86dd,Malaysia,English,Psychology,2nd Year,18-21,Male/Man,I do not have an SpLD,1,1,1,2,1,1,1,2,1,1,1,1,1,1
b4224dc6,Malaysia,English,Psychology,2nd Year,18-21,Male/Man,I do not have an SpLD,4,5,2,4,2,1,4,4,4,3,4,5,2,2
b4a0319a,Malaysia,English,Psychology,3rd Year,18-21,Female/Woman,I do not have an SpLD,2,2,1,3,2,2,2,2,2,1,1,1,4,1
b4f3aca1,Malaysia,English,Psychology,1st Year,18-21,Female/Woman,I do not have an SpLD,4,3,4,3,4,5,4,4,4,1,4,3,3,1
b51f4863,Malaysia,English,Psychology,2nd Year,22-25,Female/Woman,I do not have an SpLD,5,5,5,5,5,1,5,5,5,5,5,5,5,5
b5fb7df3,Malaysia,English,Psychology,2nd Year,18-21,Female/Woman,I do not have an SpLD,4,4,4,4,5,1,5,4,5,5,3,1,5,2
b6f95a5f,Malaysia,English,Psychology,2nd Year,18-21,Female/Woman,I do not have an SpLD,4,5,5,5,5,4,4,4,4,4,4,5,3,4
b7ac8072,Malaysia,English,Psychology,2nd Year,22-25,Female/Woman,I do not have an SpLD,4,5,4,4,4,3,4,4,5,4,4,4,3,4
b92ffc88,Malaysia,English,Psychology,2nd Year,22-25,Female/Woman,I do not have an SpLD,3,2,2,2,3,1,3,2,2,2,1,2,2,2
b942dd63,Malaysia,English,Psychology,3rd Year,NA,Female/Woman,I do not have an SpLD,5,4,4,2,5,1,5,3,5,3,3,1,2,2
bb9c4aba,Malaysia,English,Psychology,3rd Year,22-25,Female/Woman,I do not have an SpLD,5,5,5,2,5,1,5,5,5,3,3,5,5,3
bdac9cb1,Malaysia,English,Psychology,3rd Year,22-25,Female/Woman,I do not have an SpLD,4,4,4,4,5,1,3,2,4,4,2,4,1,2
bdaf4cf1,Malaysia,English,Psychology,3rd Year,18-21,Female/Woman,I do not have an SpLD,4,4,4,1,4,1,4,4,4,4,4,4,2,4
bfc435a2,Malaysia,English,Psychology,2nd Year,18-21,Female/Woman,I do not have an SpLD,5,3,4,2,2,2,2,4,2,2,1,1,3,1
c3a9fcf7,Malaysia,English,Psychology,2nd Year,22-25,Female/Woman,I do not have an SpLD,4,2,3,3,4,3,5,3,5,3,3,3,4,3
c3c2af75,Malaysia,English,Psychology,3rd Year,22-25,Female/Woman,I do not have an SpLD,2,1,1,1,2,1,3,1,2,1,1,1,2,1
c40a2f7b,Malaysia,English,Psychology,3rd Year,22-25,Male/Man,I do not have an SpLD,1,2,1,1,3,2,1,1,1,1,3,2,2,4
c45fc310,Malaysia,English,Psychology,2nd Year,18-21,Female/Woman,I do not have an SpLD,4,5,5,4,4,2,4,5,4,2,4,5,3,2
c49d68da,Malaysia,English,Psychology,2nd Year,NA,Male/Man,I do not have an SpLD,2,2,1,1,4,1,2,2,2,1,2,2,2,1
c4da198d,Malaysia,English,Psychology,2nd Year,18-21,Female/Woman,I do not have an SpLD,4,4,4,5,4,3,4,4,5,4,3,5,4,4
c52afb45,Malaysia,English,Psychology,3rd Year,22-25,Male/Man,I do not have an SpLD,4,4,4,4,4,3,4,4,5,4,4,4,5,4
c530d6ca,Malaysia,English,Psychology,1st Year,18-21,Female/Woman,I do not have an SpLD,2,4,3,3,4,3,4,4,3,2,2,3,4,2
c6d7984d,Malaysia,English,Psychology,3rd Year,22-25,Female/Woman,I do not have an SpLD,5,5,4,4,3,2,2,5,3,3,3,4,2,3
c71fd09f,Malaysia,English,Psychology,2nd Year,22-25,Female/Woman,I do not have an SpLD,5,3,4,3,4,3,4,4,4,3,3,3,4,2
c79d706f,Malaysia,English,Psychology,1st Year,18-21,Male/Man,I do not have an SpLD,4,2,4,3,4,1,3,2,3,1,2,1,4,2
c8f62af9,Malaysia,English,Psychology,3rd Year,22-25,Male/Man,I do not have an SpLD,2,4,2,2,5,2,4,2,5,2,2,2,5,2
c9743732,Malaysia,English,Psychology,2nd Year,22-25,Female/Woman,I do not have an SpLD,5,3,4,2,5,1,4,4,5,4,4,3,3,3
ca160929,Malaysia,English,Psychology,1st Year,18-21,Female/Woman,ADHD/ADD,3,2,2,1,5,2,4,2,4,3,3,2,4,2
cb58c2b3,Malaysia,English,Psychology,3rd Year,22-25,Female/Woman,I do not have an SpLD,4,3,4,4,4,1,5,3,3,5,3,3,3,2
cb5c7a44,Malaysia,English,Psychology,3rd Year,22-25,Female/Woman,I do not have an SpLD,4,4,3,3,4,3,4,4,4,3,3,3,3,3
cb77809c,Malaysia,English,Psychology,3rd Year,22-25,Female/Woman,I do not have an SpLD,4,1,4,3,5,1,4,4,3,2,3,2,4,3
cb983226,Malaysia,English,Psychology,2nd Year,18-21,Female/Woman,I do not have an SpLD,5,5,5,5,5,5,5,5,5,5,5,5,5,5
cbaf7dc4,Malaysia,English,Psychology,1st Year,18-21,Female/Woman,I do not have an SpLD,3,1,1,1,5,1,5,1,5,1,2,1,4,1
cbb217df,Malaysia,English,Psychology,3rd Year,22-25,Female/Woman,I do not have an SpLD,3,3,3,2,4,2,4,3,4,2,2,3,4,3
cbc2322c,Malaysia,English,Psychology,2nd Year,18-21,Female/Woman,I do not have an SpLD,5,5,4,4,5,3,5,5,5,5,4,4,5,3
ccb11f62,Malaysia,English,Psychology,3rd Year,22-25,Female/Woman,I do not have an SpLD,2,1,1,2,3,1,3,1,2,2,1,1,2,1
ccf3bb81,Malaysia,English,Psychology,1st Year,18-21,Female/Woman,I do not have an SpLD,2,2,1,1,2,1,3,1,2,1,1,2,2,1
ccf51f9c,Malaysia,English,Psychology,2nd Year,22-25,Female/Woman,I do not have an SpLD,2,1,1,1,1,1,3,2,1,1,1,1,5,3
cd46984f,Malaysia,English,Psychology,2nd Year,18-21,Female/Woman,I do not have an SpLD,1,3,1,3,1,1,1,2,1,1,1,3,2,1
cffa605f,Malaysia,English,Psychology,1st Year,18-21,Female/Woman,I do not have an SpLD,5,4,5,2,5,1,5,3,5,1,1,4,4,1
d0b86ca0,Malaysia,English,Psychology,2nd Year,18-21,Female/Woman,I do not have an SpLD,4,4,4,4,5,4,4,4,4,2,2,4,4,2
d17fbcfb,Malaysia,English,Psychology,1st Year,18-21,Female/Woman,I do not have an SpLD,5,2,3,2,5,1,5,3,5,2,5,3,4,4
d209aa0f,Malaysia,English,Psychology,NA,NA,NA,NA,3,4,4,3,3,3,4,4,3,3,4,4,5,2
d27bfdd4,Malaysia,English,Psychology,2nd Year,18-21,Female/Woman,I do not have an SpLD,4,2,3,2,3,3,4,4,4,2,3,1,3,3
d46272ff,Malaysia,English,Psychology,2nd Year,18-21,Female/Woman,I do not have an SpLD,3,1,2,1,3,1,3,2,3,3,3,2,3,3
d4da4f79,Malaysia,English,Psychology,3rd Year,22-25,Female/Woman,I do not have an SpLD,3,3,5,3,5,4,4,4,5,2,2,3,1,3
d4fdc2a9,Malaysia,English,Psychology,3rd Year,22-25,Female/Woman,I do not have an SpLD,4,3,4,4,3,4,3,1,2,2,2,5,2,2
d51d3780,Malaysia,English,Psychology,3rd Year,22-25,Female/Woman,I do not have an SpLD,3,3,3,4,3,1,2,3,2,4,2,3,3,1
d5727afd,Malaysia,English,Psychology,3rd Year,18-21,Male/Man,I do not have an SpLD,2,1,3,2,4,1,4,2,2,1,1,3,3,1
d5fd4ff4,Malaysia,English,Psychology,3rd Year,18-21,Male/Man,I do not have an SpLD,3,2,3,2,4,1,3,2,4,4,4,3,4,2
d76a062f,Malaysia,English,Psychology,2nd Year,18-21,Female/Woman,I do not have an SpLD,5,5,4,5,5,2,5,4,5,5,5,5,4,5
d7f961f3,Malaysia,English,Psychology,3rd Year,22-25,Female/Woman,I do not have an SpLD,4,4,4,4,5,3,5,4,5,5,4,3,4,4
d9554048,Malaysia,English,Psychology,2nd Year,18-21,Female/Woman,I do not have an SpLD,4,4,4,2,4,3,5,4,4,1,2,4,5,1
d9689b4f,Malaysia,English,Psychology,3rd Year,22-25,Female/Woman,I do not have an SpLD,4,4,4,5,5,2,4,3,5,4,3,3,5,4
ddd8546c,Malaysia,English,Psychology,1st Year,18-21,Female/Woman,I do not have an SpLD,2,1,2,1,3,1,3,3,2,2,1,2,2,1
df057a30,Malaysia,English,Psychology,3rd Year,22-25,Female/Woman,I do not have an SpLD,3,3,2,2,4,1,3,3,3,2,2,2,3,2
df0b64a7,Malaysia,English,Psychology,3rd Year,22-25,Female/Woman,I do not have an SpLD,4,4,4,4,4,2,4,4,4,4,3,3,4,3
df295682,Malaysia,English,Psychology,3rd Year,22-25,Female/Woman,I do not have an SpLD,4,5,4,2,4,2,4,5,5,3,3,5,2,3
df960cab,Malaysia,English,Psychology,3rd Year,NA,Female/Woman,I do not have an SpLD,1,2,1,2,2,2,1,2,2,1,1,2,1,1
df9fb47b,Malaysia,English,Psychology,3rd Year,18-21,Female/Woman,I do not have an SpLD,1,1,1,2,3,2,2,1,1,1,3,1,3,1
dff0c07d,Malaysia,English,Psychology,3rd Year,22-25,Female/Woman,I do not have an SpLD,3,3,2,2,4,1,5,3,2,2,2,1,4,2
f00372f9,Malaysia,English,Psychology,2nd Year,18-21,Female/Woman,I do not have an SpLD,4,1,1,1,5,1,5,1,5,1,1,1,5,1
f037681f,Malaysia,English,Psychology,3rd Year,22-25,Female/Woman,I do not have an SpLD,5,2,4,3,5,3,5,3,5,4,4,3,5,2
f11a756f,Malaysia,English,Psychology,3rd Year,18-21,Female/Woman,I do not have an SpLD,2,2,1,2,3,2,2,3,2,2,2,3,2,2
f17f6234,Malaysia,English,Psychology,3rd Year,18-21,Female/Woman,I do not have an SpLD,5,5,4,4,5,3,5,4,5,4,3,5,3,2
f1833315,Malaysia,English,Psychology,2nd Year,18-21,Female/Woman,I do not have an SpLD,4,4,4,3,4,2,5,4,4,3,3,3,4,3
f1df346d,Malaysia,English,Psychology,3rd Year,22-25,Female/Woman,I do not have an SpLD,4,3,4,4,4,3,4,1,3,3,2,4,2,4
f2190681,Malaysia,English,Psychology,3rd Year,22-25,Female/Woman,I do not have an SpLD,2,3,3,2,2,3,3,3,3,2,2,2,2,2
f245ca87,Malaysia,English,Psychology,2nd Year,18-21,Female/Woman,I do not have an SpLD,4,4,1,4,3,2,3,5,4,2,4,3,2,3
f28d7a0c,Malaysia,English,Psychology,2nd Year,NA,Female/Woman,I do not have an SpLD,2,5,3,2,5,5,5,3,5,4,2,2,5,2
f2ada3d4,Malaysia,English,Psychology,1st Year,18-21,Female/Woman,I do not have an SpLD,4,2,2,1,3,3,4,3,3,1,2,2,3,1
f2b8182f,Malaysia,English,Psychology,3rd Year,22-25,Female/Woman,I do not have an SpLD,4,2,3,1,5,1,5,4,5,4,2,1,5,3
f375f062,Malaysia,English,Psychology,2nd Year,18-21,Female/Woman,I do not have an SpLD,5,4,3,3,5,5,5,2,3,4,5,3,4,3
f3ac025d,Malaysia,English,Psychology,3rd Year,22-25,Male/Man,I do not have an SpLD,5,5,5,4,5,3,5,5,5,4,3,5,1,1
f3b916f1,Malaysia,English,Psychology,2nd Year,18-21,Female/Woman,I do not have an SpLD,4,3,3,3,4,2,4,3,3,4,5,4,4,3
f3f69f7a,Malaysia,English,Psychology,NA,NA,NA,NA,4,3,2,4,5,1,5,2,4,2,1,3,4,1
f3ff5448,Malaysia,English,Psychology,2nd Year,18-21,Female/Woman,I do not have an SpLD,5,5,5,2,5,1,5,4,3,5,5,5,2,5
f47928f4,Malaysia,English,Psychology,NA,22-25,Female/Woman,I do not have an SpLD,5,4,4,4,5,2,4,5,5,4,3,4,4,3
f51ab6f6,Malaysia,English,Psychology,3rd Year,22-25,Female/Woman,I do not have an SpLD,4,4,4,3,5,2,5,4,5,3,4,4,5,4
f550941c,Malaysia,English,Psychology,1st Year,18-21,Female/Woman,I do not have an SpLD,4,4,3,4,3,3,4,4,4,2,2,4,5,2
f596f10b,Malaysia,English,Psychology,2nd Year,18-21,Female/Woman,ADHD/ADD,5,3,2,3,4,3,5,2,5,1,1,4,1,1
f5aab07d,Malaysia,English,Psychology,3rd Year,22-25,Female/Woman,I do not have an SpLD,2,5,3,5,3,4,2,5,3,3,3,5,4,2
f6b8c885,Malaysia,English,Psychology,2nd Year,18-21,Female/Woman,I do not have an SpLD,4,2,2,2,4,2,4,1,4,2,2,2,4,2
f72f717f,Malaysia,English,Psychology,3rd Year,18-21,Female/Woman,I do not have an SpLD,3,5,4,4,4,5,3,2,4,4,4,5,3,3
f75fb553,Malaysia,English,Psychology,2nd Year,18-21,Female/Woman,I do not have an SpLD,1,3,2,4,3,4,5,4,5,1,1,3,2,1
f8509270,Malaysia,English,Psychology,3rd Year,18-21,Male/Man,I do not have an SpLD,3,2,3,3,3,5,3,3,3,3,3,3,3,3
f85c6229,Malaysia,English,Psychology,2nd Year,18-21,Female/Woman,I do not have an SpLD,4,3,3,3,4,3,4,2,5,4,3,3,5,4
f85fa885,Malaysia,English,Psychology,1st Year,18-21,Male/Man,I do not have an SpLD,2,2,1,2,3,1,3,2,2,3,2,2,2,2
f952269f,Malaysia,English,Psychology,3rd Year,22-25,Female/Woman,I do not have an SpLD,3,5,4,4,5,1,5,4,5,3,4,3,4,5
fa212003,Malaysia,English,Psychology,2nd Year,18-21,Male/Man,I do not have an SpLD,5,4,4,4,5,2,2,3,4,4,4,4,3,2
fa7921f2,Malaysia,English,Psychology,1st Year,18-21,Female/Woman,I do not have an SpLD,3,4,5,5,5,3,2,5,5,5,4,5,3,4
fb02837d,Malaysia,English,Psychology,1st Year,18-21,Female/Woman,I do not have an SpLD,4,3,3,3,4,3,4,3,3,4,2,4,3,2
fb7f3d7a,Malaysia,English,Psychology,2nd Year,18-21,Female/Woman,I do not have an SpLD,5,5,5,4,5,3,5,5,5,4,4,4,4,4
fbcc8050,Malaysia,English,Psychology,3rd Year,18-21,Female/Woman,I do not have an SpLD,5,5,4,5,5,5,5,5,5,5,5,5,5,5
fbdb99f2,Malaysia,English,Psychology,2nd Year,18-21,Male/Man,I do not have an SpLD,5,2,2,3,4,3,5,3,5,4,4,3,5,5
fc36364f,Malaysia,English,Psychology,3rd Year,22-25,Male/Man,I do not have an SpLD,1,2,2,1,2,1,1,2,2,2,2,2,2,2
fcfbb8b0,Malaysia,English,Psychology,1st Year,18-21,Female/Woman,I do not have an SpLD,4,4,3,3,5,1,5,5,5,1,1,4,1,1
fddb506f,Malaysia,English,Psychology,3rd Year,NA,Female/Woman,I do not have an SpLD,2,5,2,2,2,1,2,1,1,4,4,5,2,2
ff61f5ad,Malaysia,English,Psychology,2nd Year,18-21,Female/Woman,I do not have an SpLD,1,1,1,1,3,1,1,1,2,2,1,2,2,1
ffda6f3c,Malaysia,English,Psychology,1st Year,18-21,Female/Woman,I do not have an SpLD,3,3,3,3,4,4,3,3,2,1,2,4,1,1
02d4744d,England,English,Psychology,1st Year,18-21,Female/Woman,I do not have an SpLD,5,5,4,3,5,5,5,4,5,3,4,4,4,4
035f0a61,England,English,Psychology,2nd Year,26+,Female/Woman,I do not have an SpLD,5,4,3,4,5,2,5,3,4,2,2,3,4,2
069f2733,England,English,Psychology,1st Year,22-25,Female/Woman,I do not have an SpLD,3,2,2,2,5,1,4,2,5,3,4,2,2,2
09991a4a,England,English,Psychology,1st Year,18-21,Female/Woman,I do not have an SpLD,4,2,3,2,5,2,4,1,5,3,3,2,4,2
0fdf0276,England,English,Psychology,2nd Year,18-21,Female/Woman,I do not have an SpLD,4,4,3,2,4,2,5,3,5,3,2,2,1,1
1183b67b,England,English,Psychology,2nd Year,18-21,Female/Woman,I do not have an SpLD,2,2,1,2,4,1,4,1,2,5,5,2,3,4
15068ffa,England,English,Psychology,1st Year,18-21,Female/Woman,I do not have an SpLD,2,3,3,2,3,2,4,2,4,3,3,3,2,2
16339796,England,English,Psychology,2nd Year,18-21,Male/Man,I do not have an SpLD,3,3,1,2,4,2,5,2,5,3,2,4,3,2
1b0590f5,England,English,Psychology,2nd Year,18-21,Female/Woman,I do not have an SpLD,4,2,3,1,5,1,5,3,5,3,2,4,2,2
20f71f79,England,English,Psychology,2nd Year,18-21,Male/Man,"Dyslexia, Dysgraphia/Dysorthography",4,4,1,2,4,1,4,1,4,5,5,2,5,5
22b37fb1,England,English,Psychology,2nd Year,18-21,Female/Woman,NA,5,3,4,3,5,3,4,4,4,5,5,3,5,3
23903454,England,English,Psychology,1st Year,18-21,Female/Woman,I do not have an SpLD,4,3,5,3,4,4,4,2,5,5,4,5,3,5
24babc1f,England,English,Psychology,2nd Year,18-21,Female/Woman,I do not have an SpLD,4,4,4,4,5,4,5,4,5,4,4,4,4,4
26b433da,England,English,Psychology,1st Year,18-21,Male/Man,I do not have an SpLD,3,4,3,4,5,2,5,3,4,4,4,3,3,2
2fddc673,England,English,Psychology,2nd Year,18-21,Female/Woman,I do not have an SpLD,4,4,4,3,5,2,5,2,5,4,4,3,5,5
328272c0,England,English,Psychology,1st Year,18-21,Male/Man,I do not have an SpLD,3,3,3,3,3,1,5,3,5,3,3,3,5,3
3539b80d,England,English,Psychology,2nd Year,18-21,Female/Woman,I do not have an SpLD,4,4,4,2,5,1,5,4,5,5,3,4,1,5
3acf4832,England,English,Psychology,1st Year,18-21,Female/Woman,I do not have an SpLD,4,2,3,5,5,3,5,3,5,3,4,5,5,4
3fc813b5,England,English,Psychology,2nd Year,18-21,Male/Man,Other - Unspecified,4,4,3,4,4,4,3,4,5,3,5,2,4,4
40d2f82b,England,English,Psychology,1st Year,18-21,Female/Woman,I do not have an SpLD,2,2,3,2,3,2,2,3,2,1,3,3,2,3
445fddfd,England,English,Psychology,1st Year,18-21,Female/Woman,I do not have an SpLD,3,2,4,1,5,1,5,3,5,5,5,5,1,4
4bb8db34,England,English,Psychology,1st Year,26+,Female/Woman,"Dyslexia, Dyspraxia, Other - Redacted",4,4,4,4,5,3,4,4,3,4,2,4,4,2
4c083148,England,English,Psychology,1st Year,18-21,Female/Woman,I do not have an SpLD,4,4,4,2,5,4,5,2,4,3,5,4,3,3
4c6c4fdc,England,English,Psychology,1st Year,18-21,Female/Woman,I do not have an SpLD,4,3,2,4,4,2,5,3,4,4,2,4,1,2
4dad89d8,England,English,Psychology,1st Year,18-21,Male/Man,I do not have an SpLD,4,2,4,2,5,1,5,3,5,4,5,2,5,5
5119ff9f,England,English,Psychology,1st Year,22-25,Female/Woman,NA,2,3,4,3,2,3,4,4,4,3,3,3,4,3
535af706,England,English,Psychology,1st Year,18-21,Female/Woman,I do not have an SpLD,2,2,2,2,3,1,2,2,3,2,4,2,1,2
56328a1f,England,English,Psychology,1st Year,26+,Female/Woman,NA,3,1,2,1,4,1,4,2,3,1,1,1,1,1
58f1baac,England,English,Psychology,2nd Year,18-21,Female/Woman,I do not have an SpLD,5,2,3,2,5,1,5,3,4,4,3,2,4,3
5934bd18,England,English,Psychology,2nd Year,18-21,Female/Woman,I do not have an SpLD,4,5,5,5,5,3,4,5,4,4,4,5,4,4
5d1724c1,England,English,Psychology,1st Year,18-21,Female/Woman,I do not have an SpLD,4,3,5,5,5,4,4,5,5,4,4,5,4,3
5d420dd2,England,English,Psychology,1st Year,18-21,Male/Man,I do not have an SpLD,3,1,2,1,3,3,3,3,3,3,3,4,3,3
5f4b7a1f,England,English,Psychology,1st Year,18-21,Female/Woman,I do not have an SpLD,5,4,5,5,5,2,5,5,5,5,5,5,5,5
6189c1f5,England,English,Psychology,2nd Year,18-21,Male/Man,I do not have an SpLD,3,2,2,2,4,1,5,2,3,4,4,2,2,3
62f30f18,England,English,Psychology,1st Year,18-21,Male/Man,I do not have an SpLD,3,3,3,2,4,1,4,4,3,1,1,4,2,1
64176dc8,England,English,Psychology,2nd Year,18-21,Female/Woman,I do not have an SpLD,1,1,1,1,5,1,5,3,5,1,1,1,2,1
6bd7b70d,England,English,Psychology,2nd Year,18-21,Female/Woman,I do not have an SpLD,4,1,2,2,5,2,4,1,3,5,3,2,4,5
70b0f267,England,English,Psychology,1st Year,22-25,Male/Man,ADHD/ADD,5,3,2,5,5,1,2,5,5,4,3,5,5,3
72cf72f0,England,English,Psychology,1st Year,22-25,Male/Man,I do not have an SpLD,5,4,3,4,5,3,5,5,5,3,3,5,5,3
7608ff7c,England,English,Psychology,1st Year,22-25,Male/Man,I do not have an SpLD,3,4,1,3,4,1,4,2,5,3,3,3,4,4
76f750fb,England,English,Psychology,1st Year,18-21,Female/Woman,I do not have an SpLD,5,2,3,2,5,4,5,2,5,4,4,3,3,3
7760b18a,England,English,Psychology,1st Year,18-21,Male/Man,Dyspraxia,4,2,3,2,4,2,4,3,4,5,2,3,5,3
7ba246f9,England,English,Psychology,1st Year,18-21,Female/Woman,I do not have an SpLD,4,1,2,1,5,1,5,2,5,1,2,1,3,2
7f6195b1,England,English,Psychology,1st Year,22-25,Female/Woman,I do not have an SpLD,5,5,5,5,5,2,5,5,5,5,5,5,5,5
7f8a822b,England,English,Psychology,2nd Year,18-21,Female/Woman,I do not have an SpLD,2,1,1,1,3,3,4,1,3,1,2,1,2,1
807df80f,England,English,Psychology,2nd Year,18-21,Female/Woman,I do not have an SpLD,4,3,4,3,4,2,5,4,5,5,4,4,3,4
80fbb9d2,England,English,Psychology,1st Year,18-21,Female/Woman,Dyslexia,4,2,3,3,3,1,5,4,4,5,5,3,4,5
86124a3a,England,English,Psychology,1st Year,18-21,Female/Woman,I do not have an SpLD,5,5,5,5,5,1,5,5,5,1,1,5,5,1
87037782,England,English,Psychology,1st Year,18-21,Female/Woman,I do not have an SpLD,2,3,2,2,2,2,3,2,4,2,2,2,2,2
87cf1df9,England,English,Psychology,2nd Year,18-21,Male/Man,NA,3,2,2,3,4,2,3,3,3,1,2,2,2,2
89291020,England,English,Psychology,1st Year,26+,Female/Woman,I do not have an SpLD,3,4,4,4,5,2,5,3,5,1,2,2,4,2
89f030fc,England,English,Psychology,2nd Year,26+,Female/Woman,I do not have an SpLD,5,2,4,3,4,2,5,5,5,3,2,3,4,3
8b700518,England,English,Psychology,1st Year,22-25,Female/Woman,I do not have an SpLD,2,3,3,1,3,1,5,3,4,2,4,2,4,3
8faacdf5,England,English,Psychology,2nd Year,26+,Male/Man,Dyslexia,4,4,2,3,5,2,5,4,5,3,4,4,4,3
9281463d,England,English,Psychology,NA,22-25,Female/Woman,Dyslexia,4,4,4,4,5,3,5,4,5,5,4,4,5,4
934c5c87,England,English,Psychology,1st Year,18-21,Female/Woman,Dyscalculia,3,3,3,4,4,2,4,3,4,4,4,4,4,5
96d5fdad,England,English,Psychology,2nd Year,18-21,Male/Man,NA,2,1,1,1,1,1,2,1,3,1,1,1,2,1
96f10c51,England,English,Psychology,1st Year,26+,Female/Woman,I do not have an SpLD,4,5,2,4,5,3,5,4,5,2,3,4,3,3
98f92f76,England,English,Psychology,1st Year,18-21,Male/Man,I do not have an SpLD,3,4,1,4,5,1,5,3,5,3,3,4,4,3
9f2308ff,England,English,Psychology,1st Year,18-21,Female/Woman,I do not have an SpLD,4,3,3,4,4,2,4,3,4,4,2,3,4,2
a28f38d5,England,English,Psychology,1st Year,18-21,Female/Woman,I do not have an SpLD,3,1,2,2,2,1,2,2,2,1,1,2,3,2
a2c73da2,England,English,Psychology,1st Year,22-25,Female/Woman,I do not have an SpLD,4,5,4,4,5,3,5,5,5,3,4,5,3,3
a308fb9c,England,English,Psychology,2nd Year,18-21,Female/Woman,I do not have an SpLD,3,5,4,5,5,2,5,5,4,4,3,5,3,4
a419527d,England,English,Psychology,2nd Year,26+,Female/Woman,ADHD/ADD,4,3,3,NA,4,3,5,4,5,1,1,3,3,2
a41cf7ac,England,English,Psychology,2nd Year,26+,Female/Woman,I do not have an SpLD,4,2,2,2,5,1,5,4,4,4,4,4,4,2
a6387f73,England,English,Psychology,1st Year,18-21,Female/Woman,I do not have an SpLD,3,2,2,2,3,1,3,2,4,1,1,3,3,2
a880dcfa,England,English,Psychology,1st Year,18-21,Female/Woman,I do not have an SpLD,2,3,2,1,2,2,5,2,4,3,4,3,3,4
a9f684b2,England,English,Psychology,2nd Year,26+,Female/Woman,Dyslexia,3,2,2,3,3,2,3,2,2,3,2,2,2,2
aa40bcfa,England,English,Psychology,1st Year,18-21,Female/Woman,I do not have an SpLD,4,2,2,2,5,1,5,2,5,1,2,2,5,2
ad5adcb7,England,English,Psychology,1st Year,26+,Female/Woman,I do not have an SpLD,2,2,2,1,2,4,4,2,2,1,1,1,2,1
b19bd209,England,English,Psychology,2nd Year,18-21,Female/Woman,I do not have an SpLD,4,3,2,3,5,1,5,4,5,2,2,4,3,2
b3f25748,England,English,Psychology,1st Year,18-21,Male/Man,I do not have an SpLD,1,1,1,1,3,1,4,2,3,1,1,1,2,1
b4924586,England,English,Psychology,1st Year,18-21,Female/Woman,I do not have an SpLD,2,2,3,3,2,1,4,3,2,2,3,2,4,2
b5a7fa72,England,English,Psychology,1st Year,18-21,Female/Woman,I do not have an SpLD,3,1,2,2,3,1,4,2,5,3,2,2,2,2
b92bf9b7,England,English,Psychology,1st Year,26+,Female/Woman,I do not have an SpLD,4,3,4,3,5,1,3,4,4,3,5,2,3,5
bb687c87,England,English,Psychology,1st Year,18-21,Female/Woman,I do not have an SpLD,1,1,4,1,5,1,1,2,5,2,2,5,1,1
bf2fd625,England,English,Psychology,2nd Year,26+,Female/Woman,I do not have an SpLD,4,1,2,1,3,1,3,3,3,1,1,1,3,2
c0dc376d,England,English,Psychology,1st Year,18-21,Female/Woman,I do not have an SpLD,3,2,2,3,4,1,4,2,4,2,2,3,1,2
c21acfa0,England,English,Psychology,2nd Year,26+,Male/Man,I do not have an SpLD,2,2,1,3,5,3,5,2,5,4,5,3,5,3
c2b84b6f,England,English,Psychology,2nd Year,26+,Female/Woman,Other - Not an SpLD,2,2,2,2,1,2,1,2,1,1,1,3,1,1
c6a1f315,England,English,Psychology,1st Year,18-21,Female/Woman,Other - Redacted,3,2,3,2,5,2,4,3,3,2,2,4,2,1
c762d300,England,English,Psychology,2nd Year,18-21,Female/Woman,I do not have an SpLD,3,2,2,2,4,1,5,3,4,2,2,2,3,1
cac5b30b,England,English,Psychology,1st Year,22-25,Female/Woman,I do not have an SpLD,3,2,3,3,5,2,5,2,5,3,3,3,5,2
cad8f00c,England,English,Psychology,1st Year,18-21,Female/Woman,I do not have an SpLD,5,5,4,5,5,5,5,5,5,5,5,5,5,5
ccf21352,England,English,Psychology,1st Year,18-21,Male/Man,I do not have an SpLD,3,3,3,2,5,1,5,2,4,5,5,3,2,5
cda68ffa,England,English,Psychology,1st Year,18-21,Female/Woman,NA,4,2,1,3,5,3,4,2,4,2,3,4,3,2
d448ff4f,England,English,Psychology,1st Year,18-21,Female/Woman,I do not have an SpLD,3,3,1,2,4,1,4,3,4,3,3,3,2,3
d5028a97,England,English,Psychology,2nd Year,18-21,Female/Woman,I do not have an SpLD,5,1,5,1,5,5,3,5,5,4,5,1,4,5
d63598f2,England,English,Psychology,2nd Year,18-21,Female/Woman,I do not have an SpLD,3,3,4,3,5,2,5,4,5,4,2,4,4,2
d6805621,England,English,Psychology,1st Year,22-25,Female/Woman,I do not have an SpLD,4,5,5,4,4,4,5,NA,5,4,5,4,5,4
d681da50,England,English,Psychology,1st Year,18-21,Female/Woman,I do not have an SpLD,2,3,3,3,4,1,4,3,4,4,3,4,3,4
dadd62b1,England,English,Psychology,1st Year,22-25,Female/Woman,I do not have an SpLD,5,5,5,4,5,4,5,5,5,5,5,5,5,3
dbfcf57f,England,English,Psychology,1st Year,22-25,Female/Woman,I do not have an SpLD,3,3,2,4,4,3,4,3,5,1,2,3,2,1
dcfaf4b5,England,English,Psychology,2nd Year,18-21,Male/Man,I do not have an SpLD,4,1,2,1,5,1,5,1,5,1,3,1,2,2
df06d8d0,England,English,Psychology,2nd Year,22-25,Female/Woman,I do not have an SpLD,5,4,4,4,5,2,5,5,5,3,4,4,5,4
df8996c1,England,English,Psychology,1st Year,18-21,Female/Woman,I do not have an SpLD,4,2,4,2,5,4,5,4,5,5,4,2,4,4
f06fd923,England,English,Psychology,1st Year,18-21,Female/Woman,I do not have an SpLD,3,2,3,2,3,1,5,2,4,3,3,2,3,2
f2c491f6,England,English,Psychology,2nd Year,18-21,Female/Woman,I do not have an SpLD,5,4,4,4,5,3,5,3,5,4,5,4,5,5
f37da191,England,English,Psychology,2nd Year,18-21,Male/Man,I do not have an SpLD,3,1,2,1,4,1,3,2,3,2,2,1,2,2
f39ff2d7,England,English,Psychology,2nd Year,18-21,Male/Man,I do not have an SpLD,4,2,2,2,5,3,4,2,3,2,3,2,2,2
f4881514,England,English,Psychology,2nd Year,18-21,Female/Woman,I do not have an SpLD,4,5,2,3,5,4,5,4,5,4,5,4,5,5
f766a3ba,England,English,Psychology,2nd Year,18-21,Female/Woman,I do not have an SpLD,2,3,3,2,2,2,2,4,2,1,2,3,3,1
f8a3724d,England,English,Psychology,1st Year,18-21,Female/Woman,I do not have an SpLD,5,4,5,4,5,2,5,4,5,5,5,4,3,2
fa96fc9f,England,English,Psychology,2nd Year,22-25,Female/Woman,I do not have an SpLD,5,4,4,3,5,2,5,5,5,4,4,4,5,5
fda03fdf,England,English,Psychology,1st Year,22-25,Female/Woman,I do not have an SpLD,5,3,4,5,5,4,5,4,5,4,2,5,5,2
ff051d7b,England,English,Psychology,1st Year,26+,Female/Woman,I do not have an SpLD,5,4,4,5,5,3,5,5,5,4,3,5,4,3
ff3fc01b,England,English,Psychology,1st Year,18-21,Male/Man,I do not have an SpLD,3,2,4,3,5,2,5,4,4,3,2,2,4,2
ff42187c,England,English,Psychology,1st Year,18-21,Female/Woman,I do not have an SpLD,4,4,4,4,4,4,4,4,4,4,4,4,4,4
ff4f0ff2,England,English,Psychology,1st Year,22-25,Female/Woman,Dyslexia,5,5,5,5,5,5,5,5,5,5,5,5,5,5
026214d6,Hungary,Non-English,Psychology,1st Year,18-21,Male/Man,I do not have an SpLD,3,3,1,4,5,1,5,2,4,1,1,3,4,1
0591bdc9,Hungary,Non-English,Psychology,1st Year,18-21,Female/Woman,I do not have an SpLD,4,4,3,2,4,3,4,3,4,1,1,2,4,2
0a53962d,Hungary,Non-English,Psychology,1st Year,18-21,Female/Woman,I do not have an SpLD,2,1,1,1,4,1,4,3,4,3,1,2,2,1
0bcf0caa,Hungary,Non-English,Psychology,3rd Year,22-25,Female/Woman,I do not have an SpLD,2,2,4,1,5,1,3,3,4,1,3,1,3,1
0d9f042d,Hungary,Non-English,Psychology,2nd Year,18-21,Female/Woman,I do not have an SpLD,3,1,2,1,3,1,4,2,3,1,1,2,4,1
0fb9f99b,Hungary,Non-English,Psychology,1st Year,18-21,Female/Woman,ADHD/ADD,2,1,1,1,4,2,3,1,2,3,2,2,4,1
0fcc8132,Hungary,Non-English,Psychology,3rd Year,22-25,Male/Man,I do not have an SpLD,4,3,2,3,4,2,4,3,4,4,3,3,4,3
11d66a68,Hungary,Non-English,Psychology,1st Year,18-21,Female/Woman,I do not have an SpLD,4,2,4,1,4,4,5,4,4,3,3,2,5,3
122a0240,Hungary,Non-English,Psychology,1st Year,18-21,Female/Woman,I do not have an SpLD,5,3,4,2,5,1,5,3,4,2,5,4,3,2
128bfa3a,Hungary,Non-English,Psychology,3rd Year,26+,Female/Woman,I do not have an SpLD,3,4,3,2,3,4,3,3,4,1,1,3,4,1
14946bb4,Hungary,Non-English,Psychology,1st Year,18-21,Male/Man,I do not have an SpLD,3,1,2,1,3,1,1,2,1,2,1,1,3,2
154a2691,Hungary,Non-English,Psychology,2nd Year,18-21,Female/Woman,I do not have an SpLD,1,1,1,1,2,1,2,2,2,1,1,1,2,1
155f0d9a,Hungary,Non-English,Psychology,NA,22-25,Female/Woman,I do not have an SpLD,3,3,4,3,4,2,4,3,5,2,2,3,4,2
15f8f787,Hungary,Non-English,Psychology,3rd Year,22-25,Female/Woman,I do not have an SpLD,3,1,1,1,3,1,5,2,5,3,4,1,2,4
17af162a,Hungary,Non-English,Psychology,1st Year,22-25,Female/Woman,I do not have an SpLD,5,3,4,3,4,1,5,5,5,2,2,4,4,2
18b8f6b4,Hungary,Non-English,Psychology,1st Year,22-25,Female/Woman,I do not have an SpLD,4,4,4,1,4,1,4,4,3,3,3,4,3,3
190f7888,Hungary,Non-English,Psychology,NA,22-25,Female/Woman,I do not have an SpLD,2,1,2,1,3,1,3,2,3,1,2,1,3,2
1b53f71d,Hungary,Non-English,Psychology,2nd Year,18-21,Female/Woman,I do not have an SpLD,5,4,5,3,5,1,5,5,5,2,4,5,5,2
1b6cd4fc,Hungary,Non-English,Psychology,3rd Year,22-25,Female/Woman,I do not have an SpLD,3,4,1,2,4,1,3,2,3,1,2,3,2,1
221d8853,Hungary,Non-English,Psychology,3rd Year,18-21,Female/Woman,I do not have an SpLD,3,3,3,2,5,3,4,4,4,5,5,3,3,4
2554a2fd,Hungary,Non-English,Psychology,3rd Year,22-25,Female/Woman,I do not have an SpLD,5,2,2,2,5,2,5,3,5,3,3,3,4,2
257f744c,Hungary,Non-English,Psychology,2nd Year,18-21,Female/Woman,I do not have an SpLD,5,4,4,3,5,3,4,2,5,2,3,5,4,1
25a01a9d,Hungary,Non-English,Psychology,2nd Year,22-25,Female/Woman,I do not have an SpLD,1,1,1,1,3,1,3,1,2,1,1,1,3,1
271dffc6,Hungary,Non-English,Psychology,1st Year,18-21,Female/Woman,I do not have an SpLD,5,4,4,5,5,2,4,5,5,5,3,3,5,3
29fc12a2,Hungary,Non-English,Psychology,3rd Year,26+,Female/Woman,I do not have an SpLD,3,5,3,3,4,2,5,5,4,3,3,4,5,3
2f53f593,Hungary,Non-English,Psychology,1st Year,18-21,Female/Woman,I do not have an SpLD,4,3,2,3,4,1,4,2,4,4,5,5,4,3
2fdd4c27,Hungary,Non-English,Psychology,1st Year,18-21,Female/Woman,I do not have an SpLD,4,2,3,2,5,2,2,4,4,2,3,3,4,1
30f61860,Hungary,Non-English,Psychology,2nd Year,18-21,Female/Woman,I do not have an SpLD,2,3,4,3,2,1,1,4,2,2,3,1,3,2
3361c781,Hungary,Non-English,Psychology,1st Year,18-21,Female/Woman,I do not have an SpLD,1,1,1,1,3,1,3,2,2,1,2,2,1,2
341961c4,Hungary,Non-English,Psychology,1st Year,18-21,Female/Woman,I do not have an SpLD,5,3,3,1,5,2,5,3,4,4,4,1,4,3
34d3cd4c,Hungary,Non-English,Psychology,1st Year,18-21,Female/Woman,I do not have an SpLD,5,2,2,1,5,2,2,2,5,2,2,2,5,2
36b7f0fd,Hungary,Non-English,Psychology,2nd Year,18-21,Female/Woman,I do not have an SpLD,3,4,4,3,5,2,5,3,5,4,3,4,4,2
3809637d,Hungary,Non-English,Psychology,2nd Year,26+,Male/Man,I do not have an SpLD,2,1,1,1,3,1,2,1,2,2,3,1,2,1
3b0fa297,Hungary,Non-English,Psychology,1st Year,18-21,Female/Woman,I do not have an SpLD,5,4,4,4,5,4,5,4,5,5,4,5,5,3
3d4fb8f3,Hungary,Non-English,Psychology,1st Year,18-21,Female/Woman,I do not have an SpLD,1,1,1,1,4,1,4,1,3,4,3,1,4,1
3f1cbf66,Hungary,Non-English,Psychology,1st Year,22-25,Female/Woman,I do not have an SpLD,3,1,1,1,5,1,3,1,3,2,1,2,4,1
40bbc1c8,Hungary,Non-English,Psychology,3rd Year,18-21,Female/Woman,I do not have an SpLD,2,4,4,4,5,1,5,1,5,2,2,5,5,1
412d3392,Hungary,Non-English,Psychology,3rd Year,18-21,Female/Woman,Other - Redacted,3,3,2,3,5,3,5,5,5,1,1,3,5,1
416466d9,Hungary,Non-English,Psychology,1st Year,18-21,Female/Woman,I do not have an SpLD,4,4,2,1,5,2,5,2,5,2,2,4,4,1
43076b03,Hungary,Non-English,Psychology,1st Year,18-21,Female/Woman,I do not have an SpLD,4,3,2,1,5,1,5,3,5,3,4,2,4,3
45278546,Hungary,Non-English,Psychology,2nd Year,18-21,Female/Woman,I do not have an SpLD,3,3,2,1,4,3,3,3,4,1,2,2,4,1
46145870,Hungary,Non-English,Psychology,1st Year,18-21,Female/Woman,I do not have an SpLD,4,1,2,2,5,1,5,2,5,4,2,1,3,1
4726ff72,Hungary,Non-English,Psychology,1st Year,18-21,Male/Man,I do not have an SpLD,3,1,3,2,4,1,3,1,3,3,4,2,5,2
49a47c60,Hungary,Non-English,Psychology,1st Year,18-21,Female/Woman,I do not have an SpLD,2,1,2,1,2,1,2,2,3,1,1,1,2,1
4a6db9ad,Hungary,Non-English,Psychology,2nd Year,22-25,Female/Woman,I do not have an SpLD,4,1,2,2,4,1,4,4,4,5,4,1,5,2
4bf39393,Hungary,Non-English,Psychology,NA,NA,NA,NA,4,3,4,1,5,1,5,3,5,5,4,1,2,5
4c804ac9,Hungary,Non-English,Psychology,2nd Year,22-25,Male/Man,I do not have an SpLD,3,3,2,2,2,2,3,3,3,3,3,3,3,2
4f5409ff,Hungary,Non-English,Psychology,1st Year,18-21,Male/Man,I do not have an SpLD,2,1,2,1,4,1,4,3,4,1,1,3,1,1
4f63f60d,Hungary,Non-English,Psychology,2nd Year,22-25,Female/Woman,I do not have an SpLD,4,2,3,1,5,2,5,1,4,3,3,2,3,3
51872c5f,Hungary,Non-English,Psychology,4th Year,26+,Male/Man,I do not have an SpLD,1,1,1,1,2,1,2,1,1,1,2,1,2,2
5257af4f,Hungary,Non-English,Psychology,3rd Year,18-21,Female/Woman,I do not have an SpLD,2,2,1,1,4,1,3,1,3,4,4,2,4,3
525f5369,Hungary,Non-English,Psychology,2nd Year,26+,Male/Man,I do not have an SpLD,2,3,2,1,3,1,2,2,3,2,2,3,2,2
5411c8a0,Hungary,Non-English,Psychology,3rd Year,22-25,Female/Woman,I do not have an SpLD,2,3,1,1,5,1,3,1,5,1,1,3,2,1
54f95113,Hungary,Non-English,Psychology,2nd Year,18-21,Female/Woman,I do not have an SpLD,3,2,3,3,5,1,5,4,5,3,2,3,3,2
574744f7,Hungary,Non-English,Psychology,3rd Year,18-21,Female/Woman,I do not have an SpLD,2,1,3,1,3,1,4,2,3,3,3,1,1,3
57b04832,Hungary,Non-English,Psychology,1st Year,18-21,Female/Woman,I do not have an SpLD,4,4,4,4,5,2,5,3,5,3,3,4,5,2
5b3d7687,Hungary,Non-English,Psychology,2nd Year,18-21,Female/Woman,I do not have an SpLD,1,1,1,1,3,1,4,1,5,2,3,1,4,3
5d838ad1,Hungary,Non-English,Psychology,1st Year,18-21,Male/Man,I do not have an SpLD,1,1,1,1,3,1,3,1,3,2,2,2,2,1
5d9a055f,Hungary,Non-English,Psychology,1st Year,26+,Female/Woman,I do not have an SpLD,4,4,5,3,5,1,5,4,4,2,4,4,4,3
5d9a7643,Hungary,Non-English,Psychology,3rd Year,22-25,Female/Woman,I do not have an SpLD,3,3,3,2,3,2,3,2,3,4,4,3,4,2
60cc296f,Hungary,Non-English,Psychology,1st Year,18-21,Female/Woman,I do not have an SpLD,4,4,5,4,5,3,5,4,5,3,3,4,5,3
6231093c,Hungary,Non-English,Psychology,1st Year,18-21,Female/Woman,I do not have an SpLD,5,2,4,2,5,1,5,4,5,5,5,3,4,5
62931814,Hungary,Non-English,Psychology,3rd Year,22-25,Female/Woman,I do not have an SpLD,4,3,4,2,5,4,5,3,5,3,3,3,4,3
644ac757,Hungary,Non-English,Psychology,1st Year,18-21,Female/Woman,I do not have an SpLD,4,2,3,2,4,2,4,2,4,2,3,2,2,2
646baf32,Hungary,Non-English,Psychology,1st Year,18-21,Female/Woman,I do not have an SpLD,2,3,1,1,3,1,3,2,3,2,2,2,4,3
65599da7,Hungary,Non-English,Psychology,1st Year,18-21,Female/Woman,I do not have an SpLD,1,1,2,1,3,1,2,2,3,3,3,1,3,2
68d21991,Hungary,Non-English,Psychology,3rd Year,22-25,Male/Man,I do not have an SpLD,3,4,2,3,4,2,4,3,4,3,2,2,4,2
6d6279c0,Hungary,Non-English,Psychology,3rd Year,22-25,Female/Woman,I do not have an SpLD,3,1,3,1,4,1,3,1,4,2,2,1,2,1
6f4fff43,Hungary,Non-English,Psychology,1st Year,18-21,Female/Woman,I do not have an SpLD,4,1,2,1,5,1,5,2,5,2,2,2,4,2
6f577af5,Hungary,Non-English,Psychology,2nd Year,18-21,Female/Woman,I do not have an SpLD,3,1,1,1,5,1,5,1,2,2,2,1,2,2
6f9f5696,Hungary,Non-English,Psychology,3rd Year,22-25,Female/Woman,I do not have an SpLD,4,3,1,1,5,3,5,1,5,3,2,1,2,1
710b9931,Hungary,Non-English,Psychology,3rd Year,18-21,Female/Woman,I do not have an SpLD,3,2,1,1,4,1,4,1,4,2,1,3,4,1
7150911c,Hungary,Non-English,Psychology,3rd Year,18-21,Female/Woman,I do not have an SpLD,3,3,4,2,3,5,5,2,4,4,4,3,5,4
722f3b97,Hungary,Non-English,Psychology,2nd Year,18-21,Female/Woman,I do not have an SpLD,1,2,2,1,4,2,3,2,3,1,2,2,2,1
74c1dc71,Hungary,Non-English,Psychology,3rd Year,22-25,Female/Woman,I do not have an SpLD,4,3,3,2,5,1,3,3,4,4,5,2,5,4
75323b42,Hungary,Non-English,Psychology,2nd Year,22-25,Female/Woman,I do not have an SpLD,5,2,4,2,5,1,4,3,5,4,4,3,3,4
75701338,Hungary,Non-English,Psychology,1st Year,18-21,Female/Woman,I do not have an SpLD,4,3,3,4,4,3,2,3,3,3,3,4,3,3
79bf7fb9,Hungary,Non-English,Psychology,2nd Year,18-21,Male/Man,I do not have an SpLD,1,2,1,2,2,1,1,1,2,1,1,2,2,1
7cdc3116,Hungary,Non-English,Psychology,NA,NA,NA,NA,3,1,2,1,5,1,5,3,4,2,3,2,5,1
7d8f85ba,Hungary,Non-English,Psychology,1st Year,18-21,Female/Woman,I do not have an SpLD,3,4,4,3,4,1,4,3,4,3,4,4,4,3
7f86aff1,Hungary,Non-English,Psychology,1st Year,18-21,Female/Woman,I do not have an SpLD,3,3,4,1,5,1,5,3,5,4,2,2,5,1
81cc5f03,Hungary,Non-English,Psychology,3rd Year,18-21,Female/Woman,I do not have an SpLD,2,3,3,2,3,2,3,2,3,3,2,3,2,2
823cb9ab,Hungary,Non-English,Psychology,1st Year,22-25,Female/Woman,I do not have an SpLD,2,2,1,4,4,1,2,4,4,1,1,4,4,1
870ccb9a,Hungary,Non-English,Psychology,2nd Year,18-21,Female/Woman,I do not have an SpLD,2,1,3,1,3,2,4,2,4,4,5,1,3,3
874b8a82,Hungary,Non-English,Psychology,3rd Year,18-21,Female/Woman,I do not have an SpLD,5,1,1,2,5,2,5,2,5,4,2,2,2,2
87d39c28,Hungary,Non-English,Psychology,2nd Year,18-21,Female/Woman,I do not have an SpLD,5,3,2,3,5,2,5,4,5,5,4,3,4,4
8b97886f,Hungary,Non-English,Psychology,3rd Year,22-25,Female/Woman,I do not have an SpLD,1,1,1,1,2,1,1,1,2,1,2,2,1,2
8ba5f6c7,Hungary,Non-English,Psychology,1st Year,18-21,Female/Woman,I do not have an SpLD,4,1,1,1,5,1,5,1,5,1,1,1,1,1
8bfbb32f,Hungary,Non-English,Psychology,1st Year,18-21,NA,I do not have an SpLD,4,4,3,3,4,3,5,4,3,4,4,2,4,3
8c06988f,Hungary,Non-English,Psychology,1st Year,18-21,Female/Woman,I do not have an SpLD,2,2,3,2,5,1,4,3,5,2,2,2,5,2
8dd9cc5d,Hungary,Non-English,Psychology,2nd Year,18-21,Female/Woman,I do not have an SpLD,3,4,3,1,5,1,5,2,5,5,3,1,3,3
900c67b2,Hungary,Non-English,Psychology,2nd Year,18-21,Female/Woman,I do not have an SpLD,1,1,1,1,3,1,3,1,3,1,2,1,2,1
905184af,Hungary,Non-English,Psychology,2nd Year,18-21,Female/Woman,I do not have an SpLD,4,3,4,2,5,3,5,4,5,4,4,3,5,3
92fdba4b,Hungary,Non-English,Psychology,3rd Year,18-21,Male/Man,I do not have an SpLD,2,3,5,2,5,1,5,2,3,1,1,2,5,1
95c01f44,Hungary,Non-English,Psychology,2nd Year,18-21,Female/Woman,I do not have an SpLD,3,1,4,1,4,1,5,3,5,4,4,2,4,3
96abab1f,Hungary,Non-English,Psychology,1st Year,18-21,Female/Woman,I do not have an SpLD,4,3,4,2,5,1,5,3,5,3,4,3,4,2
97cb881f,Hungary,Non-English,Psychology,1st Year,18-21,Female/Woman,I do not have an SpLD,1,2,3,1,4,1,3,2,4,2,2,1,3,1
9a0f8334,Hungary,Non-English,Psychology,3rd Year,22-25,Female/Woman,I do not have an SpLD,1,1,2,1,3,1,3,1,3,3,3,2,2,2
9c095f35,Hungary,Non-English,Psychology,3rd Year,22-25,Female/Woman,I do not have an SpLD,4,3,4,3,4,1,4,4,4,4,3,4,4,4
9c6f2b9b,Hungary,Non-English,Psychology,1st Year,18-21,Female/Woman,I do not have an SpLD,3,3,2,2,4,1,3,2,4,2,2,2,3,2
9cba4af8,Hungary,Non-English,Psychology,1st Year,22-25,Female/Woman,I do not have an SpLD,3,2,2,2,5,3,5,2,5,5,3,4,3,2
a1f3b97b,Hungary,Non-English,Psychology,2nd Year,18-21,Female/Woman,I do not have an SpLD,3,1,2,1,4,1,5,2,2,2,2,1,5,2
a379fb29,Hungary,Non-English,Psychology,1st Year,18-21,Female/Woman,I do not have an SpLD,2,1,1,1,2,1,2,1,3,3,1,1,1,1
a4386b58,Hungary,Non-English,Psychology,1st Year,18-21,Male/Man,I do not have an SpLD,2,2,2,1,4,1,4,2,4,3,3,2,2,2
a7188f5c,Hungary,Non-English,Psychology,2nd Year,18-21,Female/Woman,I do not have an SpLD,5,3,4,3,5,1,5,4,4,1,1,3,4,1
a75b0780,Hungary,Non-English,Psychology,3rd Year,22-25,Female/Woman,I do not have an SpLD,3,4,4,3,4,1,3,4,4,4,3,2,2,3
a8818f9f,Hungary,Non-English,Psychology,3rd Year,22-25,Female/Woman,I do not have an SpLD,3,3,2,3,4,4,4,4,4,3,2,2,3,1
a8945753,Hungary,Non-English,Psychology,2nd Year,18-21,Female/Woman,I do not have an SpLD,2,1,2,3,3,1,2,3,3,4,4,1,3,3
a8fa56bd,Hungary,Non-English,Psychology,1st Year,18-21,Female/Woman,I do not have an SpLD,4,2,1,1,4,1,4,1,5,2,2,2,3,2
a90018d2,Hungary,Non-English,Psychology,2nd Year,18-21,Female/Woman,I do not have an SpLD,2,2,1,2,3,1,2,1,3,1,1,3,3,1
a96c150f,Hungary,Non-English,Psychology,1st Year,18-21,Female/Woman,I do not have an SpLD,5,4,3,4,5,2,5,5,5,5,5,5,5,4
a974a2bd,Hungary,Non-English,Psychology,1st Year,18-21,Female/Woman,I do not have an SpLD,4,4,5,4,5,2,4,3,5,5,4,4,3,3
a977fd0b,Hungary,Non-English,Psychology,1st Year,26+,Female/Woman,I do not have an SpLD,2,2,3,1,2,1,2,2,4,1,2,1,2,3
aa5d39a8,Hungary,Non-English,Psychology,1st Year,NA,Male/Man,I do not have an SpLD,4,1,3,1,3,1,4,3,5,3,4,3,3,1
aaff95c2,Hungary,Non-English,Psychology,2nd Year,18-21,Female/Woman,I do not have an SpLD,2,1,1,1,4,1,4,2,3,1,1,1,2,1
ad2c7991,Hungary,Non-English,Psychology,1st Year,18-21,Female/Woman,I do not have an SpLD,2,1,1,1,2,1,2,1,2,1,1,2,2,1
af5310f5,Hungary,Non-English,Psychology,1st Year,18-21,Female/Woman,I do not have an SpLD,1,2,3,2,2,1,1,2,2,3,2,2,2,1
b01d242d,Hungary,Non-English,Psychology,2nd Year,18-21,Female/Woman,I do not have an SpLD,3,4,3,4,5,2,4,4,4,2,1,5,2,1
b08b8626,Hungary,Non-English,Psychology,1st Year,18-21,Female/Woman,I do not have an SpLD,4,3,3,2,3,2,4,2,3,2,2,2,4,2
b0c853cf,Hungary,Non-English,Psychology,2nd Year,18-21,Female/Woman,I do not have an SpLD,1,3,2,2,5,1,4,2,5,2,2,2,3,1
b16b135c,Hungary,Non-English,Psychology,3rd Year,22-25,Male/Man,I do not have an SpLD,1,3,1,1,3,1,2,1,2,1,1,3,1,1
b196a06d,Hungary,Non-English,Psychology,1st Year,18-21,Female/Woman,I do not have an SpLD,3,2,2,2,5,1,4,2,5,4,3,2,4,4
b2983718,Hungary,Non-English,Psychology,1st Year,18-21,Female/Woman,I do not have an SpLD,4,1,4,2,5,3,5,2,4,4,3,2,5,2
b510c1ff,Hungary,Non-English,Psychology,1st Year,18-21,Female/Woman,I do not have an SpLD,4,4,4,2,5,2,5,3,5,4,4,4,4,2
b8839711,Hungary,Non-English,Psychology,1st Year,18-21,Female/Woman,I do not have an SpLD,3,3,2,2,4,3,4,1,4,2,2,3,4,2
b89a41bf,Hungary,Non-English,Psychology,1st Year,18-21,Female/Woman,I do not have an SpLD,4,4,1,2,5,2,5,4,5,3,2,4,5,2
b9203705,Hungary,Non-English,Psychology,3rd Year,22-25,Female/Woman,I do not have an SpLD,4,2,4,NA,4,3,4,2,4,4,4,4,4,3
b9388241,Hungary,Non-English,Psychology,3rd Year,18-21,Male/Man,I do not have an SpLD,2,2,1,1,3,1,1,1,2,3,3,2,1,3
bb7dabbf,Hungary,Non-English,Psychology,1st Year,18-21,Female/Woman,I do not have an SpLD,5,5,5,5,5,3,5,4,5,5,4,5,3,2
c470a220,Hungary,Non-English,Psychology,2nd Year,22-25,Male/Man,I do not have an SpLD,4,2,1,2,4,2,5,4,5,4,5,4,4,2
c57f38dd,Hungary,Non-English,Psychology,1st Year,18-21,Female/Woman,I do not have an SpLD,5,5,5,4,5,4,5,5,5,3,2,5,4,2
c68a5f0a,Hungary,Non-English,Psychology,2nd Year,18-21,Female/Woman,I do not have an SpLD,4,3,3,3,5,1,5,3,4,4,5,3,5,3
c9f0b3ff,Hungary,Non-English,Psychology,1st Year,18-21,Female/Woman,I do not have an SpLD,5,2,2,1,5,1,5,2,5,5,5,2,4,4
cc5f550f,Hungary,Non-English,Psychology,2nd Year,18-21,Female/Woman,I do not have an SpLD,4,3,2,1,5,1,5,3,5,4,4,2,2,3
cddd0cf7,Hungary,Non-English,Psychology,2nd Year,18-21,Female/Woman,I do not have an SpLD,5,3,3,3,5,2,5,3,5,4,5,3,4,3
cf0d6708,Hungary,Non-English,Psychology,3rd Year,22-25,Female/Woman,I do not have an SpLD,3,2,1,1,5,2,4,1,5,2,1,1,3,2
cf8adf27,Hungary,Non-English,Psychology,3rd Year,22-25,Female/Woman,ADHD/ADD,2,1,5,1,3,1,2,2,2,5,4,2,2,1
d39c597b,Hungary,Non-English,Psychology,1st Year,18-21,Female/Woman,I do not have an SpLD,2,1,2,1,3,1,3,1,3,3,1,1,3,1
d6bc21cd,Hungary,Non-English,Psychology,3rd Year,22-25,Female/Woman,I do not have an SpLD,4,4,4,4,5,4,5,3,5,5,4,4,4,4
d801c336,Hungary,Non-English,Psychology,1st Year,18-21,Female/Woman,I do not have an SpLD,1,1,2,1,2,2,2,2,2,3,2,1,1,2
d84059d5,Hungary,Non-English,Psychology,1st Year,18-21,Female/Woman,I do not have an SpLD,5,3,4,3,5,2,5,3,5,5,5,3,4,4
dcd3c33b,Hungary,Non-English,Psychology,1st Year,18-21,Male/Man,I do not have an SpLD,4,3,4,2,4,1,4,3,5,2,3,3,3,3
df324bb7,Hungary,Non-English,Psychology,1st Year,18-21,Female/Woman,I do not have an SpLD,2,2,2,2,4,1,4,4,4,1,1,3,4,1
df904788,Hungary,Non-English,Psychology,2nd Year,22-25,Female/Woman,I do not have an SpLD,3,1,2,1,4,1,4,2,4,1,1,2,2,1
f1725cc5,Hungary,Non-English,Psychology,2nd Year,18-21,Male/Man,"ADHD/ADD, Dysgraphia/Dysorthography",2,2,1,4,2,1,2,1,2,2,1,3,2,1
f24b03b8,Hungary,Non-English,Psychology,2nd Year,18-21,Male/Man,I do not have an SpLD,1,1,1,1,2,1,2,1,2,1,1,1,1,1
f2f52bd1,Hungary,Non-English,Psychology,1st Year,22-25,Female/Woman,I do not have an SpLD,2,3,4,3,4,1,4,4,3,2,1,4,2,3
f403cf01,Hungary,Non-English,Psychology,3rd Year,18-21,Female/Woman,I do not have an SpLD,5,4,3,2,5,1,5,3,5,5,4,3,4,4
f43c067b,Hungary,Non-English,Psychology,3rd Year,18-21,Female/Woman,I do not have an SpLD,5,5,4,4,5,1,5,4,5,4,4,5,5,3
f4ff2266,Hungary,Non-English,Psychology,3rd Year,22-25,Female/Woman,I do not have an SpLD,3,4,2,3,5,1,5,3,5,4,1,3,3,2
f505fad9,Hungary,Non-English,Psychology,3rd Year,18-21,Female/Woman,I do not have an SpLD,1,1,2,1,1,1,1,1,1,1,2,1,2,1
f533b64a,Hungary,Non-English,Psychology,3rd Year,18-21,Female/Woman,I do not have an SpLD,5,3,3,4,5,3,4,1,4,5,5,4,5,4
f552836d,Hungary,Non-English,Psychology,1st Year,18-21,Male/Man,Dysgraphia/Dysorthography,2,1,1,1,3,1,3,1,3,2,2,1,2,2
f568208c,Hungary,Non-English,Psychology,1st Year,18-21,Female/Woman,I do not have an SpLD,4,2,1,1,4,1,3,1,4,2,2,2,3,1
f58c4ab1,Hungary,Non-English,Psychology,1st Year,18-21,Female/Woman,I do not have an SpLD,4,1,1,1,4,1,4,1,4,5,4,1,5,3
f607b94a,Hungary,Non-English,Psychology,3rd Year,22-25,Female/Woman,I do not have an SpLD,4,3,2,3,5,1,4,2,5,1,2,2,3,1
f68b6c35,Hungary,Non-English,Psychology,3rd Year,18-21,Female/Woman,I do not have an SpLD,4,2,2,2,4,1,4,2,5,4,1,1,2,2
f6b506fc,Hungary,Non-English,Psychology,1st Year,18-21,Female/Woman,I do not have an SpLD,4,2,3,1,5,1,1,2,5,3,2,2,2,2
f7401025,Hungary,Non-English,Psychology,3rd Year,22-25,Female/Woman,I do not have an SpLD,4,3,3,2,4,3,4,5,5,3,2,3,3,2
f7900d75,Hungary,Non-English,Psychology,1st Year,18-21,Female/Woman,I do not have an SpLD,4,2,3,2,4,1,4,2,4,3,4,2,4,3
fac241f0,Hungary,Non-English,Psychology,1st Year,18-21,Female/Woman,I do not have an SpLD,3,2,2,2,5,1,5,3,5,3,3,2,1,3
fc1f155c,Hungary,Non-English,Psychology,1st Year,18-21,Female/Woman,I do not have an SpLD,4,4,5,3,4,2,4,4,4,1,1,4,3,1
fcfd7b75,Hungary,Non-English,Psychology,2nd Year,18-21,Female/Woman,I do not have an SpLD,4,5,3,2,4,1,4,4,4,4,5,5,4,4
ff433b21,Hungary,Non-English,Psychology,1st Year,18-21,Female/Woman,I do not have an SpLD,3,1,4,1,5,1,4,3,3,4,3,2,5,2
ff62d69c,Hungary,Non-English,Psychology,2nd Year,18-21,Another Gender,Dyscalculia,4,3,4,2,5,1,4,3,5,3,4,2,5,3
015c6902,Israel,Non-English,Psychology,1st Year,22-25,Male/Man,ADHD/ADD,4,5,4,4,4,1,2,2,5,2,2,4,5,1
01ffcd43,Israel,Non-English,Psychology,1st Year,26+,Female/Woman,I do not have an SpLD,2,1,2,1,3,1,3,2,3,3,1,1,3,1
021fc200,Israel,Non-English,Psychology,2nd Year,26+,Male/Man,I do not have an SpLD,1,1,1,2,1,1,1,1,1,2,1,1,1,1
06c6886f,Israel,Non-English,Psychology,1st Year,18-21,Female/Woman,I do not have an SpLD,4,3,4,4,3,5,4,4,4,3,3,4,3,3
07bb0ba6,Israel,Non-English,Psychology,1st Year,22-25,Female/Woman,I do not have an SpLD,2,2,2,1,4,3,4,1,4,3,3,2,3,1
07d1bb4b,Israel,Non-English,Psychology,1st Year,22-25,Male/Man,ADHD/ADD,1,1,2,1,1,1,1,1,2,1,1,2,1,1
081d380d,Israel,Non-English,Psychology,1st Year,26+,Female/Woman,I do not have an SpLD,3,5,2,5,5,2,5,3,5,3,2,5,5,3
087c6fa5,Israel,Non-English,Psychology,1st Year,26+,Female/Woman,I do not have an SpLD,5,4,5,4,4,4,4,4,4,4,5,5,4,4
09d07635,Israel,Non-English,Psychology,1st Year,22-25,Female/Woman,ADHD/ADD,4,4,3,4,5,4,4,4,5,4,3,5,5,3
0b60dd49,Israel,Non-English,Psychology,1st Year,26+,Male/Man,I do not have an SpLD,1,1,1,2,1,2,1,1,1,2,1,1,1,2
0c7c8cb3,Israel,Non-English,Psychology,2nd Year,22-25,Male/Man,ADHD/ADD,4,2,3,2,4,2,4,2,4,2,2,3,4,2
0f0083f4,Israel,Non-English,Psychology,1st Year,22-25,Female/Woman,ADHD/ADD,5,3,3,3,5,2,5,4,5,4,4,3,3,3
0f30f5bd,Israel,Non-English,Psychology,1st Year,22-25,Female/Woman,I do not have an SpLD,4,4,4,4,5,5,5,4,4,2,2,4,5,2
13f59bd1,Israel,Non-English,Psychology,1st Year,NA,Female/Woman,ADHD/ADD,5,4,3,2,5,2,5,4,5,3,2,2,3,2
1412bff4,Israel,Non-English,Psychology,1st Year,22-25,Female/Woman,I do not have an SpLD,3,3,2,3,4,2,4,3,4,3,2,3,3,2
14aff522,Israel,Non-English,Psychology,1st Year,22-25,Female/Woman,I do not have an SpLD,4,3,3,2,4,2,4,2,3,4,2,4,4,2
14f1dffb,Israel,Non-English,Psychology,1st Year,22-25,Male/Man,I do not have an SpLD,1,1,1,1,1,1,1,1,1,1,1,1,1,1
1580a4af,Israel,Non-English,Psychology,1st Year,22-25,Female/Woman,ADHD/ADD,5,5,5,4,5,3,5,4,5,5,4,4,4,3
15f75572,Israel,Non-English,Psychology,1st Year,26+,Female/Woman,NA,2,1,2,2,2,1,2,2,1,4,3,2,2,2
16a50aaf,Israel,Non-English,Psychology,2nd Year,NA,Male/Man,I do not have an SpLD,2,2,2,3,2,2,2,3,2,2,2,2,2,2
188b5d8a,Israel,Non-English,Psychology,1st Year,22-25,Male/Man,I do not have an SpLD,1,1,1,2,1,1,1,1,1,1,1,1,1,1
19493fd1,Israel,Non-English,Psychology,2nd Year,26+,Male/Man,I do not have an SpLD,4,4,1,3,2,1,3,3,4,2,2,3,2,1
1b49f555,Israel,Non-English,Psychology,1st Year,22-25,Female/Woman,I do not have an SpLD,5,2,2,3,5,3,5,3,5,NA,1,3,4,1
1b759ffd,Israel,Non-English,Psychology,1st Year,22-25,Male/Man,NA,2,3,4,3,3,4,2,4,4,4,3,1,3,2
1f1288c3,Israel,Non-English,Psychology,1st Year,22-25,Female/Woman,I do not have an SpLD,4,4,4,3,5,3,5,4,5,4,4,3,5,3
1f44abd7,Israel,Non-English,Psychology,1st Year,18-21,Male/Man,I do not have an SpLD,1,3,2,2,1,1,1,4,1,2,1,3,2,1
203ffda8,Israel,Non-English,Psychology,1st Year,22-25,Male/Man,I do not have an SpLD,1,5,3,5,1,5,1,4,1,2,5,5,1,1
20f11bda,Israel,Non-English,Psychology,1st Year,22-25,Female/Woman,I do not have an SpLD,2,3,3,3,3,2,3,2,2,2,2,3,3,1
2254b760,Israel,Non-English,Psychology,1st Year,22-25,Female/Woman,ADHD/ADD,4,5,4,4,4,4,4,4,4,4,4,4,4,5
22905ff6,Israel,Non-English,Psychology,1st Year,22-25,Female/Woman,I do not have an SpLD,5,3,4,2,5,2,5,5,5,3,2,3,5,2
257c37b8,Israel,Non-English,Psychology,1st Year,22-25,Female/Woman,I do not have an SpLD,4,2,2,2,3,1,4,2,2,2,2,2,3,2
25d36433,Israel,Non-English,Psychology,1st Year,22-25,Female/Woman,I do not have an SpLD,3,3,4,2,4,2,1,3,4,1,1,3,5,1
2bc7fb1d,Israel,Non-English,Psychology,1st Year,18-21,Female/Woman,I do not have an SpLD,5,3,4,4,5,2,5,4,5,3,3,4,4,4
2ddcb62d,Israel,Non-English,Psychology,1st Year,18-21,Female/Woman,I do not have an SpLD,5,4,4,4,5,4,5,4,5,5,5,4,3,5
2f3633d0,Israel,Non-English,Psychology,1st Year,22-25,Female/Woman,I do not have an SpLD,4,3,4,3,5,3,4,3,5,4,3,4,5,2
301cff3b,Israel,Non-English,Psychology,1st Year,22-25,Female/Woman,I do not have an SpLD,5,5,5,4,5,3,5,4,5,5,5,5,5,4
32f80a37,Israel,Non-English,Psychology,1st Year,22-25,Female/Woman,I do not have an SpLD,5,5,5,5,5,5,5,5,5,4,2,5,5,2
3587b18b,Israel,Non-English,Psychology,1st Year,22-25,Female/Woman,ADHD/ADD,3,1,1,3,4,1,3,2,2,1,1,1,4,1
35cad431,Israel,Non-English,Psychology,1st Year,22-25,Female/Woman,I do not have an SpLD,2,2,2,2,3,2,3,1,3,1,1,2,2,1
38f7d527,Israel,Non-English,Psychology,2nd Year,22-25,Male/Man,"Dyslexia, ADHD/ADD",1,1,1,1,2,1,1,1,2,1,1,1,2,1
3916192d,Israel,Non-English,Psychology,1st Year,18-21,Female/Woman,ADHD/ADD,5,2,4,2,5,2,5,5,5,3,3,2,5,2
3a8f1801,Israel,Non-English,Psychology,1st Year,22-25,Female/Woman,ADHD/ADD,3,3,4,3,4,2,4,3,4,3,3,2,4,2
3f8da62f,Israel,Non-English,Psychology,1st Year,18-21,Female/Woman,I do not have an SpLD,2,1,2,1,5,1,5,1,5,1,1,2,5,1
40dd3653,Israel,Non-English,Psychology,1st Year,22-25,Female/Woman,I do not have an SpLD,5,5,5,5,4,5,5,4,4,4,5,5,3,4
41b624f3,Israel,Non-English,Psychology,1st Year,22-25,Male/Man,ADHD/ADD,1,1,3,1,3,3,3,3,3,3,1,3,1,1
41d4fdaf,Israel,Non-English,Psychology,1st Year,18-21,Female/Woman,NA,4,5,2,4,4,3,5,3,5,2,3,3,4,3
437d4bab,Israel,Non-English,Psychology,1st Year,22-25,Female/Woman,I do not have an SpLD,4,3,2,3,4,2,3,2,4,3,2,4,4,2
446a2508,Israel,Non-English,Psychology,1st Year,22-25,Female/Woman,I do not have an SpLD,2,3,2,2,4,1,3,4,4,2,2,4,4,2
45b284c7,Israel,Non-English,Psychology,1st Year,22-25,Female/Woman,I do not have an SpLD,4,3,4,4,4,3,4,4,4,4,4,4,4,4
49d2a216,Israel,Non-English,Psychology,1st Year,26+,Female/Woman,I do not have an SpLD,4,3,2,3,4,1,4,2,4,4,4,5,3,1
4bf6bc1a,Israel,Non-English,Psychology,1st Year,22-25,Female/Woman,I do not have an SpLD,4,3,2,3,5,1,4,3,5,1,1,3,4,1
4c4d9643,Israel,Non-English,Psychology,1st Year,22-25,Female/Woman,ADHD/ADD,1,1,1,1,1,1,1,1,1,1,1,1,1,1
4c83547f,Israel,Non-English,Psychology,1st Year,26+,Male/Man,I do not have an SpLD,2,1,2,2,3,1,2,2,3,1,2,2,1,1
4cb9d56f,Israel,Non-English,Psychology,1st Year,22-25,Female/Woman,I do not have an SpLD,1,1,1,1,3,1,3,1,3,1,1,1,1,1
4f4b2d03,Israel,Non-English,Psychology,1st Year,18-21,Another Gender,ADHD/ADD,4,4,2,3,5,2,5,4,5,4,4,4,4,4
4f52bafd,Israel,Non-English,Psychology,1st Year,22-25,Female/Woman,I do not have an SpLD,2,1,2,1,4,1,4,2,4,2,2,1,3,1
51d25942,Israel,Non-English,Psychology,1st Year,22-25,Female/Woman,I do not have an SpLD,4,3,2,3,4,2,3,3,4,3,3,3,3,3
56bf8023,Israel,Non-English,Psychology,1st Year,22-25,Female/Woman,I do not have an SpLD,3,2,1,4,5,3,3,3,4,1,2,4,2,3
57291150,Israel,Non-English,Psychology,1st Year,22-25,Female/Woman,NA,4,5,5,5,5,1,5,4,5,2,2,4,3,2
57ddf95f,Israel,Non-English,Psychology,1st Year,22-25,Female/Woman,ADHD/ADD,4,4,3,5,5,3,4,4,5,4,4,4,3,4
58dfb00c,Israel,Non-English,Psychology,1st Year,22-25,Male/Man,I do not have an SpLD,4,1,3,4,4,2,4,2,4,2,2,3,3,2
5a484033,Israel,Non-English,Psychology,1st Year,22-25,Female/Woman,ADHD/ADD,5,5,5,5,5,5,5,5,5,5,5,5,5,3
5aac2804,Israel,Non-English,Psychology,1st Year,22-25,Female/Woman,I do not have an SpLD,3,4,4,4,4,2,3,3,4,4,3,4,5,4
5d264c8c,Israel,Non-English,Psychology,1st Year,22-25,Male/Man,I do not have an SpLD,3,3,4,3,4,3,3,4,3,4,3,3,3,3
5fb1949f,Israel,Non-English,Psychology,1st Year,26+,Female/Woman,I do not have an SpLD,5,4,4,5,5,4,5,5,5,5,4,4,5,5
608733f5,Israel,Non-English,Psychology,1st Year,22-25,Female/Woman,I do not have an SpLD,5,3,4,3,5,2,5,3,5,3,4,4,4,3
62ba5478,Israel,Non-English,Psychology,1st Year,22-25,Female/Woman,I do not have an SpLD,5,4,3,5,5,5,5,3,5,4,3,5,3,3
6376910b,Israel,Non-English,Psychology,1st Year,22-25,Female/Woman,I do not have an SpLD,3,1,3,1,5,1,4,2,4,2,2,1,3,1
649402d3,Israel,Non-English,Psychology,1st Year,26+,Male/Man,ADHD/ADD,4,4,5,4,4,4,4,4,5,3,3,4,4,3
65824705,Israel,Non-English,Psychology,1st Year,22-25,Female/Woman,ADHD/ADD,2,3,2,3,3,4,2,2,3,4,3,2,2,3
6583b399,Israel,Non-English,Psychology,1st Year,22-25,Female/Woman,I do not have an SpLD,2,3,3,3,4,2,4,2,4,2,2,3,3,2
6927c528,Israel,Non-English,Psychology,1st Year,22-25,Female/Woman,ADHD/ADD,3,3,3,3,4,3,3,2,4,1,1,3,3,3
6bff27df,Israel,Non-English,Psychology,1st Year,22-25,Female/Woman,I do not have an SpLD,2,1,1,2,5,1,4,2,5,1,1,3,2,1
6cb162ca,Israel,Non-English,Psychology,1st Year,26+,Male/Man,ADHD/ADD,1,1,1,1,1,1,1,1,1,1,1,1,2,1
6d9ff4d8,Israel,Non-English,Psychology,1st Year,22-25,Female/Woman,I do not have an SpLD,3,3,4,3,3,1,4,3,5,2,2,4,3,1
6f5986fd,Israel,Non-English,Psychology,1st Year,22-25,Male/Man,ADHD/ADD,3,2,2,1,4,1,3,2,3,3,1,2,4,1
6ffff188,Israel,Non-English,Psychology,1st Year,22-25,Male/Man,ADHD/ADD,2,3,2,2,2,2,3,2,2,2,1,2,5,1
71646cc3,Israel,Non-English,Psychology,1st Year,22-25,Female/Woman,I do not have an SpLD,3,3,4,2,4,3,4,3,4,2,2,3,2,3
71cd9151,Israel,Non-English,Psychology,1st Year,22-25,Female/Woman,I do not have an SpLD,3,3,4,2,5,1,4,4,5,2,2,2,4,3
7221bf6f,Israel,Non-English,Psychology,1st Year,22-25,Female/Woman,I do not have an SpLD,3,2,2,2,4,2,4,1,4,1,1,2,1,1
7359494d,Israel,Non-English,Psychology,2nd Year,22-25,Male/Man,I do not have an SpLD,1,5,1,5,5,1,1,1,1,5,1,5,1,1
747d6c60,Israel,Non-English,Psychology,1st Year,22-25,Female/Woman,I do not have an SpLD,4,4,4,4,5,3,5,4,5,3,3,4,5,4
771b66b5,Israel,Non-English,Psychology,1st Year,22-25,Male/Man,I do not have an SpLD,3,3,4,4,3,1,2,3,3,2,2,4,1,3
78454648,Israel,Non-English,Psychology,2nd Year,22-25,Male/Man,"ADHD/ADD, Dysgraphia/Dysorthography",2,3,1,2,3,1,3,2,3,1,1,2,1,1
7cd45b67,Israel,Non-English,Psychology,1st Year,22-25,Female/Woman,I do not have an SpLD,3,2,1,2,4,1,4,4,5,5,1,1,5,1
7f045779,Israel,Non-English,Psychology,1st Year,22-25,Female/Woman,I do not have an SpLD,5,2,3,3,5,1,5,5,5,2,1,2,5,1
7f4c9667,Israel,Non-English,Psychology,1st Year,22-25,Male/Man,I do not have an SpLD,1,2,2,2,2,2,2,2,2,1,1,2,1,1
7ff00c4c,Israel,Non-English,Psychology,1st Year,18-21,Female/Woman,I do not have an SpLD,3,1,1,1,3,1,4,2,3,1,1,1,1,1
80832b1d,Israel,Non-English,Psychology,1st Year,22-25,Female/Woman,ADHD/ADD,5,5,5,5,5,5,5,5,5,5,5,5,5,4
81f0a4a2,Israel,Non-English,Psychology,1st Year,22-25,Female/Woman,I do not have an SpLD,3,2,2,3,3,2,3,3,4,2,1,3,3,2
8327c15a,Israel,Non-English,Psychology,1st Year,22-25,Female/Woman,I do not have an SpLD,4,1,2,1,4,1,5,1,4,4,1,1,3,2
838fd02b,Israel,Non-English,Psychology,1st Year,22-25,Female/Woman,I do not have an SpLD,3,3,3,3,3,4,3,3,3,2,2,3,2,2
83a49a71,Israel,Non-English,Psychology,1st Year,22-25,Female/Woman,ADHD/ADD,5,3,3,4,5,2,5,4,5,4,4,4,4,4
85946df1,Israel,Non-English,Psychology,2nd Year,18-21,Female/Woman,"ADHD/ADD, Dyslexia",1,5,3,3,5,1,5,4,5,5,5,2,4,4
86af9f2c,Israel,Non-English,Psychology,1st Year,22-25,Female/Woman,ADHD/ADD,1,3,2,3,1,3,1,3,2,1,1,3,1,2
8a6fc768,Israel,Non-English,Psychology,1st Year,22-25,Male/Man,I do not have an SpLD,1,2,1,2,2,1,2,1,2,1,1,2,1,1
8b225d8d,Israel,Non-English,Psychology,1st Year,22-25,Female/Woman,ADHD/ADD,3,1,2,1,3,1,3,2,2,2,1,1,4,1
8bf76a8a,Israel,Non-English,Psychology,1st Year,22-25,Female/Woman,I do not have an SpLD,5,3,4,4,5,5,5,5,5,5,3,4,3,3
90df7a83,Israel,Non-English,Psychology,1st Year,22-25,Female/Woman,ADHD/ADD,3,3,1,3,5,1,4,3,5,1,2,4,2,1
94f4fb8a,Israel,Non-English,Psychology,1st Year,22-25,Female/Woman,ADHD/ADD,5,5,5,4,5,2,5,5,5,4,4,4,3,3
9673fa44,Israel,Non-English,Psychology,2nd Year,22-25,Female/Woman,ADHD/ADD,2,4,4,4,2,1,4,4,4,3,3,4,5,4
981b3275,Israel,Non-English,Psychology,1st Year,26+,Female/Woman,ADHD/ADD,1,1,2,1,3,1,2,1,3,1,1,1,1,1
9831f5af,Israel,Non-English,Psychology,1st Year,22-25,Male/Man,I do not have an SpLD,3,3,3,3,4,2,4,2,4,3,3,2,4,3
98ff7a57,Israel,Non-English,Psychology,1st Year,22-25,Female/Woman,I do not have an SpLD,4,2,1,1,4,2,2,1,4,1,3,1,1,3
9b1b4bd0,Israel,Non-English,Psychology,1st Year,22-25,Female/Woman,"Dyslexia, Dyscalculia, Dysgraphia/Dysorthography",4,2,2,3,4,1,4,2,4,2,2,2,5,1
9bf9f19f,Israel,Non-English,Psychology,1st Year,18-21,Female/Woman,ADHD/ADD,4,1,3,1,5,1,2,1,3,2,2,2,2,1
9f71549a,Israel,Non-English,Psychology,1st Year,22-25,Female/Woman,I do not have an SpLD,4,3,2,3,4,2,4,2,4,1,2,3,4,2
9f7fcf78,Israel,Non-English,Psychology,1st Year,22-25,Female/Woman,ADHD/ADD,4,3,3,3,4,4,5,2,4,2,2,3,2,3
9ff5361b,Israel,Non-English,Psychology,1st Year,22-25,Female/Woman,I do not have an SpLD,5,5,5,5,5,5,5,5,5,5,4,5,4,4
9ff8ab95,Israel,Non-English,Psychology,1st Year,22-25,Female/Woman,I do not have an SpLD,3,4,4,1,5,2,5,4,3,4,2,3,4,1
a022b11f,Israel,Non-English,Psychology,1st Year,22-25,Female/Woman,I do not have an SpLD,5,2,2,3,5,1,4,3,5,4,2,2,2,2
a0d94ba0,Israel,Non-English,Psychology,1st Year,22-25,Female/Woman,ADHD/ADD,5,3,2,3,5,4,5,3,5,5,2,2,3,3
a0f7a130,Israel,Non-English,Psychology,1st Year,22-25,Male/Man,ADHD/ADD,1,1,1,1,3,1,4,1,1,1,1,1,3,1
a205f32b,Israel,Non-English,Psychology,1st Year,22-25,Female/Woman,ADHD/ADD,5,5,5,5,5,5,5,5,5,4,4,5,5,4
a2d3f25c,Israel,Non-English,Psychology,1st Year,22-25,Female/Woman,NA,5,3,5,2,5,3,5,4,5,4,4,4,5,3
a645690a,Israel,Non-English,Psychology,1st Year,22-25,Female/Woman,ADHD/ADD,5,4,3,4,5,1,5,4,5,3,3,3,4,3
a6ab1124,Israel,Non-English,Psychology,1st Year,22-25,Female/Woman,I do not have an SpLD,4,1,1,2,3,1,3,1,5,1,1,2,1,2
a791f9f7,Israel,Non-English,Psychology,2nd Year,22-25,Male/Man,Other - Redacted,2,1,1,1,1,1,1,1,2,1,1,1,1,1
a9264078,Israel,Non-English,Psychology,1st Year,22-25,Female/Woman,I do not have an SpLD,4,4,2,4,5,1,5,4,5,3,3,4,4,3
abcff263,Israel,Non-English,Psychology,1st Year,18-21,Female/Woman,"ADHD/ADD, Dyscalculia",5,4,2,2,5,1,4,3,5,2,1,2,1,1
ac58dba8,Israel,Non-English,Psychology,1st Year,22-25,Male/Man,ADHD/ADD,1,1,1,1,1,1,1,1,2,2,1,2,1,1
af439f48,Israel,Non-English,Psychology,1st Year,22-25,Female/Woman,ADHD/ADD,4,4,4,4,5,2,5,4,4,3,3,5,5,3
af4f73d8,Israel,Non-English,Psychology,1st Year,22-25,Female/Woman,"Dyslexia, ADHD/ADD",2,1,1,1,2,1,1,1,3,1,1,2,1,1
b12c22da,Israel,Non-English,Psychology,1st Year,22-25,Female/Woman,NA,3,2,1,2,4,1,4,2,4,1,1,1,3,1
b14727f7,Israel,Non-English,Psychology,1st Year,22-25,Female/Woman,ADHD/ADD,1,2,2,2,1,1,1,1,2,1,1,1,1,1
b27a28ff,Israel,Non-English,Psychology,1st Year,22-25,Male/Man,ADHD/ADD,4,4,3,4,5,3,5,4,5,3,3,5,2,2
b2bcb292,Israel,Non-English,Psychology,1st Year,22-25,Female/Woman,I do not have an SpLD,5,2,2,2,5,2,4,2,4,2,1,2,2,1
b76848b5,Israel,Non-English,Psychology,1st Year,22-25,Female/Woman,I do not have an SpLD,2,2,2,2,4,1,3,2,5,1,1,2,1,1
b88d2fd6,Israel,Non-English,Psychology,1st Year,22-25,Female/Woman,I do not have an SpLD,3,1,1,1,4,1,4,2,4,1,1,1,1,1
b913d6cd,Israel,Non-English,Psychology,1st Year,22-25,Female/Woman,ADHD/ADD,1,1,1,1,3,1,3,1,3,1,1,1,3,1
b934bd37,Israel,Non-English,Psychology,1st Year,22-25,Male/Man,I do not have an SpLD,2,2,2,2,3,1,3,2,3,2,2,2,3,2
b9cb0a9b,Israel,Non-English,Psychology,1st Year,22-25,Female/Woman,I do not have an SpLD,5,5,3,4,5,1,5,2,5,4,3,5,5,3
ba038a1f,Israel,Non-English,Psychology,1st Year,22-25,Female/Woman,I do not have an SpLD,1,2,2,1,1,1,2,1,2,1,1,1,3,1
badbbf81,Israel,Non-English,Psychology,1st Year,22-25,Male/Man,I do not have an SpLD,1,4,3,4,4,2,4,3,3,2,2,4,2,2
bba67616,Israel,Non-English,Psychology,1st Year,22-25,Female/Woman,I do not have an SpLD,3,4,4,3,4,2,4,3,3,3,3,4,3,2
bf0104a5,Israel,Non-English,Psychology,1st Year,18-21,Female/Woman,I do not have an SpLD,1,2,3,2,1,2,1,1,1,1,1,3,1,2
bf1dddf7,Israel,Non-English,Psychology,1st Year,26+,Female/Woman,ADHD/ADD,3,3,3,2,4,2,4,3,4,2,1,3,1,1
bf59d4fb,Israel,Non-English,Psychology,1st Year,22-25,Female/Woman,ADHD/ADD,3,2,3,3,2,2,4,3,4,3,2,2,5,3
bffb609b,Israel,Non-English,Psychology,1st Year,26+,Female/Woman,I do not have an SpLD,3,5,2,3,5,1,3,3,4,4,4,3,5,4
c5d0ccc4,Israel,Non-English,Psychology,1st Year,NA,Female/Woman,I do not have an SpLD,3,4,3,4,5,3,4,3,4,4,3,3,5,2
c5faba57,Israel,Non-English,Psychology,1st Year,22-25,Male/Man,I do not have an SpLD,3,3,3,3,3,1,3,2,3,1,1,3,2,2
c78a21b8,Israel,Non-English,Psychology,1st Year,26+,Male/Man,I do not have an SpLD,2,1,2,1,3,1,3,2,2,1,1,2,2,1
c97bf879,Israel,Non-English,Psychology,1st Year,18-21,Female/Woman,I do not have an SpLD,4,4,4,4,4,3,4,4,4,4,1,4,3,1
ccd21609,Israel,Non-English,Psychology,2nd Year,22-25,Female/Woman,NA,2,2,4,3,3,3,3,3,3,3,2,3,2,2
cf919c2b,Israel,Non-English,Psychology,1st Year,18-21,Female/Woman,I do not have an SpLD,5,5,4,5,5,1,5,4,5,3,3,4,5,1
d123b85f,Israel,Non-English,Psychology,1st Year,22-25,Female/Woman,ADHD/ADD,4,5,4,4,4,4,4,4,3,3,2,5,3,1
d5fffad3,Israel,Non-English,Psychology,1st Year,22-25,Female/Woman,"ADHD/ADD, Dysgraphia/Dysorthography",2,2,2,3,3,1,3,2,1,4,3,3,1,3
da12db31,Israel,Non-English,Psychology,1st Year,22-25,Female/Woman,ADHD/ADD,4,2,2,2,4,2,5,4,4,5,5,2,4,4
dc6bcb5d,Israel,Non-English,Psychology,1st Year,22-25,Female/Woman,ADHD/ADD,4,2,4,3,5,3,3,4,3,2,2,2,5,3
dd8b2897,Israel,Non-English,Psychology,1st Year,18-21,Male/Man,"Dyslexia, Dysgraphia/Dysorthography",3,2,2,1,4,2,2,2,2,2,1,2,1,1
ddcb1a37,Israel,Non-English,Psychology,1st Year,22-25,Female/Woman,ADHD/ADD,5,1,3,2,4,1,5,1,5,1,2,1,1,1
ddf55fcf,Israel,Non-English,Psychology,1st Year,22-25,Female/Woman,ADHD/ADD,2,2,2,2,2,1,2,2,1,1,2,3,1,1
f1a9f16a,Israel,Non-English,Psychology,1st Year,22-25,Female/Woman,I do not have an SpLD,4,2,2,1,5,1,5,2,5,1,1,1,5,1
f2f36428,Israel,Non-English,Psychology,1st Year,26+,Male/Man,I do not have an SpLD,1,1,1,3,4,1,3,1,3,1,2,3,3,1
f31fd0b3,Israel,Non-English,Psychology,1st Year,22-25,Female/Woman,ADHD/ADD,3,3,2,2,5,2,4,2,5,1,1,2,2,1
f38dbfd8,Israel,Non-English,Psychology,1st Year,22-25,Female/Woman,NA,5,5,1,3,5,3,5,2,5,3,3,3,3,3
f5087001,Israel,Non-English,Psychology,1st Year,26+,Female/Woman,NA,4,4,4,3,4,2,4,4,3,3,5,4,4,4
f65aff12,Israel,Non-English,Psychology,1st Year,22-25,Female/Woman,ADHD/ADD,4,2,3,4,4,1,3,3,3,3,1,3,5,4
f670d65a,Israel,Non-English,Psychology,1st Year,22-25,Female/Woman,ADHD/ADD,4,1,1,1,5,1,5,1,5,3,3,2,2,5
f72bfa1a,Israel,Non-English,Psychology,1st Year,22-25,Female/Woman,I do not have an SpLD,4,3,3,3,5,2,4,4,4,4,3,4,4,3
f90a8b1f,Israel,Non-English,Psychology,1st Year,26+,Male/Man,ADHD/ADD,2,2,2,2,2,1,3,3,2,1,2,3,4,1
fa29ad00,Israel,Non-English,Psychology,1st Year,22-25,Female/Woman,I do not have an SpLD,3,1,1,1,4,1,4,2,4,1,1,1,3,1
fa40d9fa,Israel,Non-English,Psychology,1st Year,22-25,Female/Woman,I do not have an SpLD,2,4,5,3,3,1,4,4,3,4,3,4,2,2
faf82d7f,Israel,Non-English,Psychology,1st Year,22-25,Female/Woman,"Dyslexia, ADHD/ADD",4,4,4,3,5,4,4,4,4,5,5,4,3,4
fba1bc62,Israel,Non-English,Psychology,1st Year,22-25,Female/Woman,I do not have an SpLD,4,3,2,3,5,1,4,3,2,3,2,4,4,2
fbbdd837,Israel,Non-English,Psychology,1st Year,18-21,Female/Woman,ADHD/ADD,3,3,3,3,4,3,4,3,3,3,3,3,3,3
fc1b2ab8,Israel,Non-English,Psychology,1st Year,22-25,Female/Woman,I do not have an SpLD,3,3,2,2,4,2,4,4,3,2,1,2,3,2
fc82459f,Israel,Non-English,Psychology,1st Year,22-25,Male/Man,"Dyslexia, ADHD/ADD",2,1,1,2,2,1,2,1,2,1,2,2,2,1
fda1c7d6,Israel,Non-English,Psychology,1st Year,18-21,Female/Woman,ADHD/ADD,5,5,4,5,5,5,4,4,5,5,5,5,5,5
fdb46bf7,Israel,Non-English,Psychology,1st Year,22-25,Female/Woman,I do not have an SpLD,4,3,2,4,4,1,3,3,4,2,2,3,3,1
ffaab291,Israel,Non-English,Psychology,1st Year,18-21,Female/Woman,"Dyslexia, ADHD/ADD",4,5,4,4,4,3,5,5,4,3,5,5,3,2
ffd50365,Israel,Non-English,Psychology,1st Year,26+,Female/Woman,ADHD/ADD,4,2,1,2,4,1,5,2,5,3,4,2,5,4
064a5d8b,Germany,Non-English,Psychology,1st Year,18-21,Female/Woman,I do not have an SpLD,3,2,2,1,4,1,3,2,3,2,1,2,3,1
083f64cf,Germany,Non-English,Psychology,NA,NA,NA,NA,3,1,4,3,3,1,2,1,3,3,3,2,1,3
08d4c48a,Germany,Non-English,Psychology,2nd Year,NA,Female/Woman,NA,1,2,2,1,3,1,2,1,2,1,1,1,1,1
16b595dc,Germany,Non-English,Psychology,1st Year,18-21,Female/Woman,I do not have an SpLD,4,3,3,2,4,2,4,4,5,3,3,3,2,4
228fb678,Germany,Non-English,Psychology,1st Year,18-21,Female/Woman,I do not have an SpLD,2,2,1,1,2,1,1,1,2,2,1,1,1,1
244b064d,Germany,Non-English,Psychology,2nd Year,18-21,Female/Woman,I do not have an SpLD,3,3,3,4,4,1,3,1,3,3,2,2,2,3
2a3007bf,Germany,Non-English,Psychology,1st Year,18-21,Female/Woman,I do not have an SpLD,1,1,1,1,2,1,2,1,2,2,1,1,1,1
2d221f90,Germany,Non-English,Psychology,2nd Year,18-21,Female/Woman,I do not have an SpLD,4,3,3,4,1,2,3,4,3,3,3,4,4,3
51f66f7c,Germany,Non-English,Psychology,2nd Year,26+,Female/Woman,Dysgraphia/Dysorthography,2,2,2,1,4,1,3,1,3,1,1,2,1,2
526579ba,Germany,Non-English,Psychology,1st Year,22-25,Female/Woman,I do not have an SpLD,3,3,2,2,3,1,3,2,3,1,3,3,3,1
5f4daddc,Germany,Non-English,Psychology,1st Year,22-25,Male/Man,I do not have an SpLD,1,1,1,1,2,1,2,1,2,1,1,1,1,1
609d578b,Germany,Non-English,Psychology,1st Year,26+,Female/Woman,I do not have an SpLD,2,2,3,1,2,1,1,3,2,2,3,1,1,3
6ff68384,Germany,Non-English,Psychology,1st Year,18-21,Female/Woman,I do not have an SpLD,3,1,2,1,4,1,4,1,4,2,2,1,2,2
72f3849c,Germany,Non-English,Psychology,1st Year,18-21,Female/Woman,I do not have an SpLD,3,2,1,1,2,2,2,1,3,1,2,1,2,1
7b7dda99,Germany,Non-English,Psychology,1st Year,26+,Female/Woman,I do not have an SpLD,2,2,4,1,4,1,5,4,5,2,1,1,2,1
7f224ff9,Germany,Non-English,Psychology,1st Year,18-21,Female/Woman,I do not have an SpLD,1,3,1,1,3,1,3,2,1,5,1,1,1,1
7f55df4a,Germany,Non-English,Psychology,1st Year,22-25,Female/Woman,NA,4,4,4,3,4,4,5,5,5,3,3,3,5,3
8510f344,Germany,Non-English,Psychology,2nd Year,18-21,Female/Woman,I do not have an SpLD,2,2,1,1,2,1,2,1,2,1,1,1,1,1
8551fa95,Germany,Non-English,Psychology,2nd Year,18-21,Female/Woman,I do not have an SpLD,2,2,2,1,4,1,4,1,4,1,1,4,2,1
86555f33,Germany,Non-English,Psychology,1st Year,18-21,Female/Woman,I do not have an SpLD,3,4,1,2,5,2,5,4,5,3,2,4,4,2
8c9184f9,Germany,Non-English,Psychology,4th Year,22-25,Male/Man,I do not have an SpLD,4,5,5,3,5,1,5,4,5,4,3,4,5,3
946bb235,Germany,Non-English,Psychology,2nd Year,18-21,Female/Woman,I do not have an SpLD,2,1,1,1,3,1,3,1,3,1,1,1,1,1
96877b5f,Germany,Non-English,Psychology,2nd Year,18-21,Female/Woman,I do not have an SpLD,2,1,1,1,3,1,3,1,2,2,2,2,2,1
9a93621b,Germany,Non-English,Psychology,2nd Year,18-21,Female/Woman,I do not have an SpLD,3,3,5,4,5,3,5,4,5,4,4,3,5,4
9faff74d,Germany,Non-English,Psychology,2nd Year,18-21,Female/Woman,I do not have an SpLD,2,3,3,1,3,1,3,2,2,2,2,2,1,1
a09a66ba,Germany,Non-English,Psychology,1st Year,18-21,Female/Woman,I do not have an SpLD,2,3,1,1,1,1,2,1,1,1,2,2,1,1
aa1c46ff,Germany,Non-English,Psychology,2nd Year,22-25,Female/Woman,I do not have an SpLD,4,4,3,2,4,2,4,3,4,4,3,3,4,3
baac36db,Germany,Non-English,Psychology,1st Year,22-25,Female/Woman,I do not have an SpLD,3,2,2,1,4,1,5,1,4,1,1,1,1,1
c1565107,Germany,Non-English,Psychology,2nd Year,18-21,Female/Woman,I do not have an SpLD,2,1,1,1,2,1,2,1,2,2,2,1,1,2
c391156a,Germany,Non-English,Psychology,1st Year,18-21,Female/Woman,I do not have an SpLD,5,5,4,3,5,3,5,4,3,3,3,5,3,3
cf22f3d6,Germany,Non-English,Psychology,2nd Year,18-21,Female/Woman,I do not have an SpLD,2,4,2,3,5,3,5,4,3,2,2,4,2,2
cf9bd674,Germany,Non-English,Psychology,NA,22-25,Female/Woman,I do not have an SpLD,1,1,1,1,3,1,2,1,3,1,1,1,2,1
d1f25460,Germany,Non-English,Psychology,1st Year,18-21,Female/Woman,I do not have an SpLD,1,1,1,1,2,1,2,1,2,1,1,1,1,1
d2087418,Germany,Non-English,Psychology,1st Year,26+,Female/Woman,I do not have an SpLD,4,2,2,1,3,1,4,3,4,2,2,2,1,3
d75ffc22,Germany,Non-English,Psychology,1st Year,18-21,Female/Woman,I do not have an SpLD,3,3,2,2,3,1,3,1,4,1,1,2,1,1
d9dd3df1,Germany,Non-English,Psychology,1st Year,18-21,Female/Woman,I do not have an SpLD,2,2,1,1,4,1,3,1,2,3,1,1,1,1
dbfcfca5,Germany,Non-English,Psychology,1st Year,26+,Female/Woman,I do not have an SpLD,2,3,2,1,2,1,2,3,3,2,1,1,1,1
dff8a7f0,Germany,Non-English,Psychology,2nd Year,18-21,Female/Woman,I do not have an SpLD,2,1,1,1,4,1,3,1,3,1,1,1,1,1
f339f9ff,Germany,Non-English,Psychology,1st Year,22-25,Male/Man,I do not have an SpLD,1,1,1,1,1,1,1,1,1,2,1,1,1,1
fa7ff45f,Germany,Non-English,Psychology,2nd Year,22-25,Female/Woman,Other - Redacted,3,3,4,2,5,2,4,4,4,3,3,3,2,4
fc717966,Germany,Non-English,Psychology,1st Year,22-25,Female/Woman,I do not have an SpLD,5,1,3,1,5,1,5,3,5,1,1,2,1,1
fc93db52,Germany,Non-English,Psychology,3rd Year,22-25,Female/Woman,I do not have an SpLD,5,4,2,3,5,2,5,3,5,3,3,5,2,3
0b4c4f9d,Saudi Arabia,Non-English,Business & Finance,2nd Year,18-21,Female/Woman,I do not have an SpLD,3,5,3,2,4,3,4,3,3,4,4,4,5,2
0bd6a30b,Saudi Arabia,Non-English,Business & Finance,4th Year,18-21,Female/Woman,I do not have an SpLD,4,1,4,2,4,2,4,3,4,3,2,4,5,1
154735f9,Saudi Arabia,Non-English,Business & Finance,1st Year,18-21,Female/Woman,I do not have an SpLD,2,3,4,3,3,1,5,3,3,1,3,3,4,2
15ab0b49,Saudi Arabia,Non-English,Business & Finance,2nd Year,18-21,Female/Woman,I do not have an SpLD,3,1,1,1,3,1,3,1,3,1,1,1,1,1
17b72bfa,Saudi Arabia,Non-English,Business & Finance,1st Year,18-21,Female/Woman,I do not have an SpLD,2,4,1,3,3,2,3,2,3,3,1,3,2,1
1ab6d79d,Saudi Arabia,Non-English,Business & Finance,1st Year,18-21,Female/Woman,I do not have an SpLD,1,1,2,1,2,NA,2,1,1,2,2,1,2,2
1f4a16c1,Saudi Arabia,Non-English,Business & Finance,2nd Year,18-21,Female/Woman,I do not have an SpLD,2,3,2,3,1,5,2,4,1,1,3,3,2,1
227c0f23,Saudi Arabia,Non-English,Business & Finance,3rd Year,18-21,Female/Woman,I do not have an SpLD,5,1,2,1,4,5,4,4,5,4,2,1,4,2
252641f7,Saudi Arabia,Non-English,Business & Finance,1st Year,18-21,Female/Woman,I do not have an SpLD,3,3,3,2,4,3,4,3,3,2,3,3,4,2
2b4ff133,Saudi Arabia,Non-English,Business & Finance,NA,NA,NA,NA,1,2,2,2,1,1,1,1,1,1,1,2,1,1
33d17c53,Saudi Arabia,Non-English,Business & Finance,1st Year,18-21,Female/Woman,I do not have an SpLD,1,2,1,1,3,1,5,2,2,4,4,3,1,2
37b7a9f0,Saudi Arabia,Non-English,Business & Finance,3rd Year,18-21,Female/Woman,I do not have an SpLD,2,2,2,2,2,1,3,2,2,1,1,1,1,1
38011ff3,Saudi Arabia,Non-English,Business & Finance,3rd Year,NA,Female/Woman,I do not have an SpLD,5,4,4,5,5,5,5,5,4,5,4,5,5,5
429aab0f,Saudi Arabia,Non-English,Business & Finance,1st Year,18-21,Male/Man,I do not have an SpLD,1,1,1,1,1,1,1,3,1,3,3,1,1,1
42b64186,Saudi Arabia,Non-English,Business & Finance,2nd Year,18-21,Female/Woman,I do not have an SpLD,5,1,3,2,4,1,5,3,5,3,2,2,3,4
45f35ba7,Saudi Arabia,Non-English,Business & Finance,1st Year,18-21,Female/Woman,I do not have an SpLD,3,2,2,1,3,1,3,3,2,2,2,1,1,1
53b7857a,Saudi Arabia,Non-English,Business & Finance,NA,NA,Female/Woman,I do not have an SpLD,1,1,2,3,2,2,1,2,1,1,2,1,5,1
60bf0a12,Saudi Arabia,Non-English,Business & Finance,1st Year,18-21,Female/Woman,I do not have an SpLD,3,1,3,1,3,2,4,3,5,3,3,2,3,1
61612914,Saudi Arabia,Non-English,Business & Finance,1st Year,18-21,Female/Woman,I do not have an SpLD,5,1,3,1,5,1,5,2,5,3,1,3,1,4
67ccd3b0,Saudi Arabia,Non-English,Business & Finance,2nd Year,18-21,Male/Man,I do not have an SpLD,5,3,3,3,5,1,5,3,5,2,3,3,4,2
73c2887b,Saudi Arabia,Non-English,Business & Finance,2nd Year,18-21,Female/Woman,NA,3,5,3,4,2,3,2,5,2,3,3,5,3,2
77904fd0,Saudi Arabia,Non-English,Business & Finance,2nd Year,22-25,Female/Woman,I do not have an SpLD,3,2,2,2,4,1,3,2,1,2,2,1,4,2
7bd25b28,Saudi Arabia,Non-English,Business & Finance,NA,NA,NA,NA,3,2,2,2,2,1,1,2,2,1,1,3,4,1
7f3fdba0,Saudi Arabia,Non-English,Business & Finance,NA,18-21,Male/Man,NA,2,1,2,1,2,1,2,1,2,1,1,1,3,1
913f9ad6,Saudi Arabia,Non-English,Business & Finance,2nd Year,18-21,Female/Woman,I do not have an SpLD,2,2,3,1,2,2,2,2,2,1,1,2,2,1
92df1fbb,Saudi Arabia,Non-English,Business & Finance,2nd Year,18-21,Female/Woman,I do not have an SpLD,5,1,1,1,4,1,5,2,3,2,2,3,3,1
990fdc6d,Saudi Arabia,Non-English,Business & Finance,1st Year,18-21,Female/Woman,I do not have an SpLD,2,2,1,1,4,1,4,1,3,1,2,1,4,2
a0fa68ac,Saudi Arabia,Non-English,Business & Finance,1st Year,18-21,Female/Woman,I do not have an SpLD,4,3,3,2,5,1,5,2,5,2,3,3,3,1
a989f3ff,Saudi Arabia,Non-English,Business & Finance,3rd Year,22-25,Female/Woman,I do not have an SpLD,5,4,2,4,5,4,5,4,5,2,3,5,5,1
ac12c6ca,Saudi Arabia,Non-English,Business & Finance,1st Year,18-21,Female/Woman,I do not have an SpLD,2,1,2,1,2,1,2,1,2,1,1,3,3,1
b1796df1,Saudi Arabia,Non-English,Business & Finance,2nd Year,NA,Female/Woman,I do not have an SpLD,3,3,3,3,3,1,3,3,3,3,4,4,3,3
d7b61772,Saudi Arabia,Non-English,Business & Finance,1st Year,18-21,Female/Woman,I do not have an SpLD,1,1,5,1,1,1,1,1,1,1,1,1,1,1
df2c131f,Saudi Arabia,Non-English,Business & Finance,NA,NA,NA,NA,2,1,1,1,1,1,2,3,3,1,1,1,3,1
dfb05004,Saudi Arabia,Non-English,Business & Finance,2nd Year,18-21,Female/Woman,I do not have an SpLD,1,1,1,1,2,1,2,1,1,1,2,1,5,2
f1c04cb3,Saudi Arabia,Non-English,Business & Finance,1st Year,NA,Female/Woman,I do not have an SpLD,1,1,1,1,1,1,1,1,1,1,1,1,1,1
f35583dc,Saudi Arabia,Non-English,Business & Finance,2nd Year,18-21,Female/Woman,I do not have an SpLD,1,2,1,4,1,2,2,2,1,1,1,1,1,1
f4f7ba5d,Saudi Arabia,Non-English,Business & Finance,4th Year,18-21,Female/Woman,I do not have an SpLD,4,1,3,4,5,3,5,3,5,3,4,3,3,3
f56c48a0,Saudi Arabia,Non-English,Business & Finance,2nd Year,18-21,Female/Woman,I do not have an SpLD,1,2,2,3,2,3,2,2,2,2,2,2,3,2
fcc3f240,Saudi Arabia,Non-English,Business & Finance,2nd Year,NA,Female/Woman,I do not have an SpLD,1,1,4,3,2,1,4,3,1,5,4,1,2,1
ffb2d3bd,Saudi Arabia,Non-English,Business & Finance,2nd Year,18-21,Female/Woman,I do not have an SpLD,2,1,2,1,3,2,2,2,2,2,1,2,2,2
003df1fa,England,English,Psychology,1st Year,26+,Female/Woman,I do not have an SpLD,5,4,4,3,5,3,5,4,5,3,3,4,4,3
046d5164,England,English,Psychology,1st Year,18-21,Female/Woman,NA,4,3,4,3,5,3,4,2,4,4,3,3,4,3
054d976f,England,English,Psychology,2nd Year,18-21,Female/Woman,I do not have an SpLD,4,4,4,4,5,5,5,5,5,4,4,4,4,5
06a8cbfa,England,English,Psychology,2nd Year,18-21,Male/Man,I do not have an SpLD,1,1,1,1,2,1,2,1,1,1,1,1,1,1
072d2dfb,England,English,Psychology,2nd Year,18-21,Female/Woman,I do not have an SpLD,4,2,2,3,4,2,4,2,3,4,2,3,3,3
07b3fff5,England,English,Psychology,2nd Year,18-21,Female/Woman,I do not have an SpLD,5,1,2,1,5,1,3,2,5,3,2,2,2,2
0bb95fb6,England,English,Psychology,2nd Year,18-21,Female/Woman,I do not have an SpLD,4,2,3,2,5,3,5,3,4,2,2,2,4,3
0ccafbab,England,English,Psychology,1st Year,18-21,Female/Woman,NA,5,4,4,2,5,3,5,4,4,5,4,4,4,4
0f8ca9c4,England,English,Psychology,2nd Year,26+,Female/Woman,I do not have an SpLD,2,5,2,1,5,1,5,3,5,2,1,5,1,1
13d15df6,England,English,Psychology,1st Year,18-21,Female/Woman,I do not have an SpLD,1,1,1,1,2,1,3,1,2,1,1,1,1,1
155fa462,England,English,Psychology,1st Year,18-21,Male/Man,I do not have an SpLD,1,2,1,2,2,1,3,1,3,2,2,2,3,2
18c985dd,England,English,Psychology,2nd Year,18-21,Female/Woman,I do not have an SpLD,3,2,2,2,4,2,4,2,4,3,3,2,2,3
18f36c19,England,English,Psychology,3rd Year,22-25,Female/Woman,I do not have an SpLD,1,2,2,2,3,2,5,2,1,2,2,4,1,1
1bbb50fc,England,English,Psychology,2nd Year,NA,Female/Woman,"Dyslexia, Dyspraxia, Dysgraphia/Dysorthography",5,5,5,3,5,1,5,5,3,5,3,3,5,2
1c00f81a,England,English,Psychology,2nd Year,18-21,Female/Woman,I do not have an SpLD,3,2,2,2,3,2,5,3,5,4,4,4,3,3
1d2cb9cf,England,English,Psychology,1st Year,18-21,Female/Woman,I do not have an SpLD,4,3,4,3,3,2,5,4,4,4,4,4,2,3
1f7f3f6b,England,English,Psychology,2nd Year,18-21,Female/Woman,Dyslexia,3,2,1,2,5,1,5,1,4,5,5,1,3,2
1f9f1614,England,English,Psychology,2nd Year,26+,Female/Woman,I do not have an SpLD,4,4,3,3,5,3,5,2,5,2,3,3,5,3
20b924df,England,English,Psychology,2nd Year,18-21,Female/Woman,I do not have an SpLD,4,4,4,4,4,4,4,2,5,4,4,4,4,4
233c62a2,England,English,Psychology,2nd Year,18-21,Female/Woman,I do not have an SpLD,3,2,3,2,5,1,5,3,5,2,2,2,1,2
26b9ab25,England,English,Psychology,2nd Year,18-21,Female/Woman,I do not have an SpLD,3,5,4,4,4,5,5,3,4,3,4,3,5,4
2710cb06,England,English,Psychology,1st Year,18-21,Female/Woman,I do not have an SpLD,3,3,2,2,4,1,3,2,4,2,3,4,4,2
2792f1fd,England,English,Psychology,1st Year,26+,Male/Man,NA,1,1,1,1,2,1,1,1,2,1,1,1,1,1
27cf070a,England,English,Psychology,2nd Year,18-21,Male/Man,I do not have an SpLD,3,2,2,1,3,1,3,2,2,2,2,2,3,2
2a92a119,England,English,Psychology,2nd Year,18-21,Male/Man,I do not have an SpLD,2,2,2,2,3,1,3,2,2,1,3,2,2,2
2c64f75c,England,English,Psychology,2nd Year,18-21,Female/Woman,I do not have an SpLD,3,3,4,4,5,3,3,4,1,3,2,4,2,3
2f50096f,England,English,Psychology,1st Year,26+,Female/Woman,"Dyslexia, Dyspraxia",5,5,5,4,5,4,5,5,5,5,5,5,5,5
2f8d2fcc,England,English,Psychology,2nd Year,18-21,Female/Woman,I do not have an SpLD,3,4,5,3,4,3,4,4,5,4,4,2,5,3
2ffab049,England,English,Psychology,2nd Year,22-25,Female/Woman,I do not have an SpLD,4,4,4,4,5,2,5,5,4,5,5,5,4,5
31ba0926,England,English,Psychology,2nd Year,18-21,Female/Woman,Dyspraxia,2,4,3,3,4,1,5,2,3,3,2,3,3,2
33f94400,England,English,Psychology,2nd Year,26+,Female/Woman,I do not have an SpLD,5,5,5,4,5,2,5,5,5,5,5,5,5,5
35aa30c2,England,English,Psychology,2nd Year,18-21,Female/Woman,I do not have an SpLD,5,2,2,2,5,2,5,2,5,4,3,2,4,2
36bd3635,England,English,Psychology,1st Year,22-25,Male/Man,I do not have an SpLD,1,1,2,1,2,1,1,2,1,1,1,1,1,1
38c1330b,England,English,Psychology,1st Year,18-21,Female/Woman,I do not have an SpLD,2,3,2,3,2,1,4,1,3,2,2,3,4,2
39466fac,England,English,Psychology,2nd Year,18-21,Female/Woman,I do not have an SpLD,4,4,4,3,5,1,5,3,5,3,4,4,5,3
39c290b7,England,English,Psychology,2nd Year,18-21,Female/Woman,I do not have an SpLD,5,4,4,4,5,4,4,4,5,4,4,4,5,4
3a032387,England,English,Psychology,2nd Year,26+,Male/Man,NA,5,3,2,2,5,1,4,1,4,5,2,2,5,5
3aaf0b02,England,English,Psychology,2nd Year,18-21,Female/Woman,I do not have an SpLD,4,5,3,4,5,5,5,2,5,3,3,4,2,3
3f52b502,England,English,Psychology,2nd Year,18-21,Female/Woman,I do not have an SpLD,5,5,5,5,5,5,5,5,4,2,2,4,5,2
40787578,England,English,Psychology,2nd Year,18-21,Female/Woman,I do not have an SpLD,2,3,1,3,3,1,2,2,1,1,2,2,2,1
4509b6cf,England,English,Psychology,2nd Year,22-25,Female/Woman,I do not have an SpLD,5,5,5,4,5,4,5,4,4,1,3,5,5,4
496c45b2,England,English,Psychology,2nd Year,18-21,Female/Woman,I do not have an SpLD,5,2,4,2,3,2,5,3,5,3,3,3,4,3
4dcf0152,England,English,Psychology,2nd Year,18-21,Female/Woman,I do not have an SpLD,3,4,2,3,3,1,2,1,5,1,2,2,3,3
4ff9ff5b,England,English,Psychology,1st Year,18-21,Female/Woman,I do not have an SpLD,5,3,5,4,5,1,5,3,5,3,4,5,3,5
529c8bf1,England,English,Psychology,2nd Year,18-21,Female/Woman,I do not have an SpLD,5,3,4,3,5,4,4,3,4,3,5,4,3,3
53636350,England,English,Psychology,2nd Year,22-25,Female/Woman,I do not have an SpLD,3,3,2,3,3,4,2,2,3,1,1,3,2,1
553b90fb,England,English,Psychology,1st Year,22-25,Female/Woman,I do not have an SpLD,3,3,2,3,4,3,4,3,4,2,2,3,4,2
55f31270,England,English,Psychology,2nd Year,22-25,Female/Woman,I do not have an SpLD,5,3,4,5,4,4,5,4,5,4,4,5,3,5
56b3f33f,England,English,Psychology,2nd Year,18-21,Female/Woman,Other - Redacted,5,2,4,2,5,3,3,3,5,3,2,3,5,2
56d6f62c,England,English,Psychology,1st Year,18-21,Female/Woman,I do not have an SpLD,5,5,5,3,5,4,5,5,5,5,5,5,4,5
5abfaf38,England,English,Psychology,2nd Year,26+,Female/Woman,I do not have an SpLD,4,1,1,3,4,1,4,1,4,1,1,1,4,1
5af8f8d0,England,English,Psychology,2nd Year,18-21,Female/Woman,I do not have an SpLD,3,5,4,3,5,2,5,4,4,2,1,4,4,1
5cbf88bc,England,English,Psychology,1st Year,26+,Female/Woman,I do not have an SpLD,3,2,2,1,4,1,4,2,3,3,2,2,2,4
5d372429,England,English,Psychology,1st Year,18-21,Female/Woman,I do not have an SpLD,4,3,2,4,5,5,4,4,3,4,4,4,4,3
601111d2,England,English,Psychology,2nd Year,18-21,Female/Woman,I do not have an SpLD,3,4,4,3,4,3,3,3,4,3,4,4,5,4
653b5400,England,English,Psychology,2nd Year,18-21,Female/Woman,I do not have an SpLD,5,5,4,3,5,5,5,4,5,5,4,4,4,5
65ffc944,England,English,Psychology,1st Year,26+,Female/Woman,I do not have an SpLD,2,2,1,1,2,1,3,1,3,2,1,2,3,2
669f1cdf,England,English,Psychology,2nd Year,NA,Female/Woman,I do not have an SpLD,1,1,2,1,2,1,2,1,2,1,1,1,1,1
67a17bf1,England,English,Psychology,1st Year,18-21,Female/Woman,I do not have an SpLD,5,5,4,5,5,4,5,3,5,5,4,5,4,3
6a287d4c,England,English,Psychology,1st Year,18-21,Female/Woman,I do not have an SpLD,3,2,1,2,2,1,4,2,4,2,1,1,2,2
6b82c40f,England,English,Psychology,2nd Year,18-21,Female/Woman,I do not have an SpLD,2,1,1,1,2,1,2,1,2,1,1,1,1,1
6b948345,England,English,Psychology,2nd Year,22-25,Female/Woman,NA,5,4,3,4,5,3,5,3,5,4,3,4,5,4
7033d0c8,England,English,Psychology,2nd Year,18-21,Female/Woman,I do not have an SpLD,5,5,2,3,5,1,5,1,5,2,2,5,5,2
72cfabfa,England,English,Psychology,2nd Year,18-21,Female/Woman,I do not have an SpLD,2,3,2,4,5,3,5,4,5,3,4,4,5,3
7404cd99,England,English,Psychology,2nd Year,18-21,Female/Woman,NA,4,3,4,4,5,4,5,4,5,4,4,5,5,4
7558322c,England,English,Psychology,2nd Year,26+,Female/Woman,I do not have an SpLD,3,2,3,1,5,1,4,1,4,3,2,1,5,2
75fcb5fc,England,English,Psychology,1st Year,26+,Female/Woman,I do not have an SpLD,2,1,1,1,4,1,4,2,3,2,1,1,1,1
8011a1b9,England,English,Psychology,1st Year,18-21,Female/Woman,I do not have an SpLD,4,4,4,4,5,2,5,4,4,4,4,4,4,3
811bd6f9,England,English,Psychology,1st Year,18-21,Female/Woman,I do not have an SpLD,5,3,4,5,5,1,5,5,5,5,5,5,4,5
85752410,England,English,Psychology,1st Year,18-21,Female/Woman,I do not have an SpLD,4,5,4,4,5,2,3,5,4,1,3,4,4,3
8a55b5f6,England,English,Psychology,2nd Year,22-25,Male/Man,I do not have an SpLD,4,4,4,4,4,3,4,4,4,3,2,4,5,3
8fb12735,England,English,Psychology,2nd Year,18-21,Female/Woman,ADHD/ADD,5,5,5,4,5,5,5,5,5,5,3,5,5,3
95716f25,England,English,Psychology,2nd Year,18-21,Male/Man,I do not have an SpLD,4,3,3,3,4,2,4,3,4,3,3,3,4,3
96465f19,England,English,Psychology,NA,NA,NA,NA,4,1,2,2,5,3,5,2,5,4,4,2,5,4
980a7513,England,English,Psychology,2nd Year,18-21,Female/Woman,I do not have an SpLD,2,2,3,1,2,1,4,5,3,3,3,4,4,1
a0696677,England,English,Psychology,2nd Year,18-21,Male/Man,I do not have an SpLD,4,3,3,2,4,1,4,3,3,3,3,4,3,3
a3cb37d3,England,English,Psychology,1st Year,18-21,Female/Woman,I do not have an SpLD,5,2,4,2,5,1,5,4,5,3,3,3,3,2
a4ff162d,England,English,Psychology,2nd Year,18-21,Female/Woman,I do not have an SpLD,1,1,2,1,1,1,2,1,1,1,1,1,1,1
a5057975,England,English,Psychology,2nd Year,18-21,Female/Woman,I do not have an SpLD,3,2,3,2,3,4,3,3,4,3,3,2,1,2
a7798a57,England,English,Psychology,2nd Year,18-21,Female/Woman,I do not have an SpLD,3,5,2,2,5,4,5,4,5,2,4,4,4,2
a77a8924,England,English,Psychology,2nd Year,22-25,Another Gender,I do not have an SpLD,4,5,4,4,4,3,2,4,4,4,5,4,5,5
b07a155f,England,English,Psychology,2nd Year,22-25,Female/Woman,I do not have an SpLD,3,4,3,3,3,2,4,4,3,3,3,4,3,4
b0b12f67,England,English,Psychology,1st Year,18-21,Male/Man,I do not have an SpLD,2,2,2,1,2,1,1,2,2,1,1,2,1,1
b24b4fbc,England,English,Psychology,2nd Year,22-25,Female/Woman,I do not have an SpLD,5,2,3,2,5,5,5,3,4,2,1,2,3,1
b3a1c39c,England,English,Psychology,1st Year,18-21,Female/Woman,I do not have an SpLD,4,4,3,5,4,4,5,4,5,5,4,5,5,4
b6f9155a,England,English,Psychology,1st Year,18-21,Female/Woman,I do not have an SpLD,4,3,3,1,5,4,4,3,5,2,1,1,5,1
ba6dc64d,England,English,Psychology,1st Year,18-21,Female/Woman,I do not have an SpLD,3,1,1,1,4,1,4,1,3,1,1,1,2,1
bfa126ff,England,English,Psychology,1st Year,26+,Female/Woman,I do not have an SpLD,4,2,3,2,3,2,4,4,5,2,3,4,2,3
c31447f4,England,English,Psychology,2nd Year,18-21,Female/Woman,I do not have an SpLD,3,1,3,2,4,1,4,1,4,5,5,1,4,5
c616355c,England,English,Psychology,2nd Year,18-21,Female/Woman,I do not have an SpLD,1,3,3,3,3,1,2,1,2,1,2,4,4,1
c7bc7d98,England,English,Psychology,1st Year,18-21,Male/Man,I do not have an SpLD,4,3,2,3,5,1,5,3,5,3,3,3,5,2
c973265d,England,English,Psychology,2nd Year,18-21,Female/Woman,I do not have an SpLD,3,1,3,2,4,2,4,3,4,2,3,1,3,2
c997af74,England,English,Psychology,2nd Year,18-21,Female/Woman,I do not have an SpLD,4,4,4,2,5,1,3,2,4,1,1,3,3,1
ca407fb0,England,English,Psychology,1st Year,18-21,Female/Woman,I do not have an SpLD,1,1,1,1,3,1,3,1,3,1,1,1,2,1
caf8f9ff,England,English,Psychology,2nd Year,22-25,Male/Man,I do not have an SpLD,4,4,3,3,3,2,2,2,3,3,2,2,1,2
cc35af02,England,English,Psychology,1st Year,18-21,Female/Woman,I do not have an SpLD,5,5,5,4,5,5,5,5,5,4,4,4,5,4
cd2bffac,England,English,Psychology,2nd Year,18-21,Female/Woman,I do not have an SpLD,5,3,4,3,5,2,5,3,5,4,3,3,4,3
cf3bafa7,England,English,Psychology,2nd Year,22-25,Female/Woman,I do not have an SpLD,2,3,4,3,2,4,2,4,2,2,2,4,3,3
d0ff262f,England,English,Psychology,2nd Year,26+,Female/Woman,I do not have an SpLD,4,4,3,4,5,1,4,3,5,3,1,3,2,2
d394f5bf,England,English,Psychology,1st Year,18-21,Female/Woman,I do not have an SpLD,3,3,4,4,3,1,3,4,4,1,3,4,3,1
d3a47432,England,English,Psychology,2nd Year,18-21,Female/Woman,I do not have an SpLD,3,3,2,2,5,2,5,4,5,2,3,4,4,2
d4f8b00b,England,English,Psychology,2nd Year,18-21,Female/Woman,Dyslexia,3,3,5,3,5,5,4,3,5,4,4,3,5,4
d597197f,England,English,Psychology,2nd Year,18-21,Female/Woman,I do not have an SpLD,5,5,5,5,5,5,5,5,5,4,5,5,5,4
d6d2b256,England,English,Psychology,2nd Year,18-21,Female/Woman,I do not have an SpLD,1,1,2,1,5,1,5,1,5,5,5,1,4,4
d6d906da,England,English,Psychology,2nd Year,18-21,Female/Woman,I do not have an SpLD,4,1,3,3,4,1,4,3,4,3,3,1,5,4
d9f8d7f8,England,English,Psychology,2nd Year,18-21,Female/Woman,I do not have an SpLD,5,3,2,4,5,1,5,3,4,5,4,3,3,3
db3b1ddf,England,English,Psychology,1st Year,22-25,Female/Woman,ADHD/ADD,5,5,5,5,5,3,5,4,5,4,5,5,5,5
dbf0a310,England,English,Psychology,2nd Year,18-21,Female/Woman,I do not have an SpLD,4,4,5,4,5,5,3,5,4,5,3,4,4,4
dca77bcf,England,English,Psychology,2nd Year,18-21,Female/Woman,I do not have an SpLD,4,4,4,3,5,4,5,4,5,3,3,4,3,4
dcac7264,England,English,Psychology,2nd Year,18-21,Female/Woman,I do not have an SpLD,3,3,3,3,4,2,3,3,2,3,2,2,3,3
f19fa163,England,English,Psychology,1st Year,18-21,Male/Man,I do not have an SpLD,2,1,2,1,3,1,2,1,2,2,1,1,2,1
f2c61fa0,England,English,Psychology,2nd Year,18-21,Male/Man,I do not have an SpLD,3,1,2,1,3,1,1,2,3,1,1,2,4,1
f499bca7,England,English,Psychology,2nd Year,18-21,Female/Woman,NA,4,3,3,2,5,2,5,2,5,5,5,3,4,5
f7bc35b6,England,English,Psychology,1st Year,18-21,Female/Woman,I do not have an SpLD,4,1,1,1,4,2,4,1,1,1,1,1,2,1
f96a2392,England,English,Psychology,2nd Year,18-21,Male/Man,I do not have an SpLD,3,1,2,2,4,1,4,2,4,1,1,2,3,2
fa2dbdf0,England,English,Psychology,2nd Year,18-21,Female/Woman,I do not have an SpLD,5,4,4,5,4,4,5,4,4,4,4,4,4,3
fa999c81,England,English,Psychology,1st Year,18-21,Female/Woman,I do not have an SpLD,2,2,2,2,4,3,5,2,5,2,2,4,1,2
faaf39b9,England,English,Psychology,2nd Year,18-21,Female/Woman,I do not have an SpLD,3,3,4,3,5,3,4,5,4,4,4,5,5,4
fd313d5d,England,English,Psychology,1st Year,18-21,Female/Woman,I do not have an SpLD,5,3,5,1,2,1,5,5,5,4,1,4,1,1
ff13f3c4,England,English,Psychology,2nd Year,18-21,Female/Woman,I do not have an SpLD,5,5,5,5,5,1,5,5,5,4,5,5,4,4
ff1fbb73,England,English,Psychology,2nd Year,22-25,Female/Woman,I do not have an SpLD,3,1,1,1,3,1,4,1,3,3,3,1,1,3
ff275c90,England,English,Psychology,1st Year,22-25,Female/Woman,I do not have an SpLD,3,2,3,3,3,3,5,2,3,4,1,3,1,2
00dcc664,Germany,Non-English,Psychology,2nd Year,22-25,Male/Man,I do not have an SpLD,3,2,3,2,4,1,1,1,2,3,3,2,2,1
031dd83c,Germany,Non-English,Psychology,1st Year,18-21,Female/Woman,ADHD/ADD,1,1,2,1,2,1,2,1,2,1,1,1,1,1
0c7fbcb1,Germany,Non-English,Psychology,2nd Year,18-21,Female/Woman,I do not have an SpLD,1,2,4,1,4,1,4,2,1,2,3,2,4,1
0d712c7a,Germany,Non-English,Psychology,1st Year,18-21,Female/Woman,I do not have an SpLD,2,1,1,1,3,1,3,1,3,1,1,1,1,1
155363ac,Germany,Non-English,Psychology,1st Year,18-21,Female/Woman,I do not have an SpLD,1,3,2,1,2,2,2,2,2,2,1,2,1,1
22f577f2,Germany,Non-English,Psychology,1st Year,18-21,Female/Woman,I do not have an SpLD,3,2,1,2,4,1,4,1,5,1,1,1,1,1
24bd7599,Germany,Non-English,Psychology,1st Year,18-21,Female/Woman,I do not have an SpLD,4,2,3,1,5,1,5,3,5,3,2,1,2,2
2fa2f198,Germany,Non-English,Psychology,1st Year,26+,Male/Man,I do not have an SpLD,2,2,1,1,4,1,4,2,3,3,2,1,2,1
31d28c03,Germany,Non-English,Psychology,1st Year,18-21,Female/Woman,NA,5,3,1,1,5,1,4,3,4,2,2,2,2,1
362b10f2,Germany,Non-English,Psychology,1st Year,18-21,Female/Woman,I do not have an SpLD,3,1,1,1,4,1,3,2,4,2,1,1,4,1
3705504d,Germany,Non-English,Psychology,2nd Year,18-21,NA,I do not have an SpLD,4,1,1,2,5,1,5,2,5,5,1,2,2,2
37c01585,Germany,Non-English,Psychology,1st Year,26+,Female/Woman,NA,3,1,1,1,3,1,3,1,3,1,1,1,2,1
396ba667,Germany,Non-English,Psychology,2nd Year,26+,Male/Man,I do not have an SpLD,2,1,1,1,2,1,2,1,2,2,1,1,3,1
39866d23,Germany,Non-English,Psychology,1st Year,18-21,Female/Woman,I do not have an SpLD,1,1,2,1,2,1,2,2,1,2,1,1,1,1
3b92fcf7,Germany,Non-English,Psychology,1st Year,18-21,Female/Woman,I do not have an SpLD,2,2,3,1,3,1,2,2,2,2,1,2,2,1
3c9db260,Germany,Non-English,Psychology,1st Year,22-25,Female/Woman,I do not have an SpLD,3,1,2,1,5,1,5,3,5,2,2,2,1,1
440fb2b1,Germany,Non-English,Psychology,3rd Year,18-21,Female/Woman,I do not have an SpLD,1,2,2,1,3,1,3,1,2,2,3,2,1,1
4bfb9a85,Germany,Non-English,Psychology,1st Year,18-21,Female/Woman,I do not have an SpLD,3,4,2,1,4,1,4,1,5,3,2,1,1,1
5024c7f7,Germany,Non-English,Psychology,2nd Year,18-21,Female/Woman,I do not have an SpLD,2,1,2,2,3,2,1,2,2,1,2,2,1,3
553521b2,Germany,Non-English,Psychology,1st Year,18-21,Female/Woman,I do not have an SpLD,3,1,2,1,4,1,3,2,3,3,4,1,1,1
5ad2ddd6,Germany,Non-English,Psychology,1st Year,22-25,Female/Woman,I do not have an SpLD,5,3,2,3,5,3,5,3,5,4,3,3,3,3
5c87b10c,Germany,Non-English,Psychology,1st Year,18-21,Male/Man,I do not have an SpLD,3,2,3,1,4,1,3,2,4,2,2,1,2,1
5d106b73,Germany,Non-English,Psychology,1st Year,18-21,Female/Woman,I do not have an SpLD,1,1,1,1,2,1,2,1,1,1,1,1,1,1
5fdb20a0,Germany,Non-English,Psychology,2nd Year,18-21,Female/Woman,I do not have an SpLD,3,4,3,1,4,1,4,2,4,2,2,2,1,1
606185ff,Germany,Non-English,Psychology,1st Year,18-21,Female/Woman,I do not have an SpLD,4,3,3,2,4,3,4,2,4,2,2,3,1,2
60f13774,Germany,Non-English,Psychology,2nd Year,22-25,Female/Woman,I do not have an SpLD,5,3,3,1,5,1,5,2,5,2,1,2,5,2
69a397b5,Germany,Non-English,Psychology,3rd Year,18-21,Female/Woman,I do not have an SpLD,4,3,3,1,5,1,5,1,5,3,3,3,1,3
6d5d6f82,Germany,Non-English,Psychology,1st Year,18-21,Female/Woman,I do not have an SpLD,3,3,2,1,2,1,3,2,3,3,1,1,1,1
701514af,Germany,Non-English,Psychology,2nd Year,18-21,Another Gender,ADHD/ADD,4,5,3,1,5,1,3,5,5,5,2,2,3,2
742faafb,Germany,Non-English,Psychology,2nd Year,18-21,Female/Woman,I do not have an SpLD,3,2,2,1,5,1,5,2,5,3,2,1,2,1
777fcf28,Germany,Non-English,Psychology,2nd Year,22-25,Female/Woman,I do not have an SpLD,3,3,3,2,4,1,4,2,4,2,1,3,2,1
77a84b23,Germany,Non-English,Psychology,1st Year,18-21,Female/Woman,I do not have an SpLD,2,2,3,2,3,3,3,2,2,3,1,1,3,1
7824689c,Germany,Non-English,Psychology,1st Year,18-21,Female/Woman,I do not have an SpLD,5,1,2,1,5,1,5,3,5,2,3,1,2,2
7866dba2,Germany,Non-English,Psychology,1st Year,18-21,Female/Woman,I do not have an SpLD,2,1,3,1,4,2,4,1,5,2,1,1,4,1
78a269ac,Germany,Non-English,Psychology,2nd Year,22-25,Female/Woman,I do not have an SpLD,2,2,2,1,4,1,3,2,4,2,2,1,1,1
7af6c2dc,Germany,Non-English,Psychology,1st Year,22-25,Female/Woman,I do not have an SpLD,5,3,4,2,5,3,5,4,5,5,4,4,4,4
7d3ca436,Germany,Non-English,Psychology,4th Year,22-25,Female/Woman,I do not have an SpLD,3,2,2,2,4,1,4,3,4,5,4,2,3,4
8085029a,Germany,Non-English,Psychology,1st Year,18-21,Female/Woman,I do not have an SpLD,3,1,2,1,3,1,3,2,3,3,3,1,1,3
80d90b1a,Germany,Non-English,Psychology,1st Year,18-21,Female/Woman,I do not have an SpLD,5,4,3,2,5,1,5,2,5,3,2,2,4,2
8123040f,Germany,Non-English,Psychology,1st Year,18-21,Female/Woman,I do not have an SpLD,3,2,1,1,5,2,5,1,5,2,2,1,1,2
8a099fca,Germany,Non-English,Psychology,1st Year,18-21,Female/Woman,I do not have an SpLD,2,2,2,1,3,1,4,2,3,1,1,1,1,1
8a61b348,Germany,Non-English,Psychology,2nd Year,22-25,Female/Woman,I do not have an SpLD,3,1,1,1,4,1,4,2,4,2,1,1,1,2
8bb41bff,Germany,Non-English,Psychology,1st Year,18-21,Female/Woman,I do not have an SpLD,3,2,2,1,3,2,3,3,3,3,2,2,2,2
8cfcdfdd,Germany,Non-English,Psychology,1st Year,18-21,Male/Man,I do not have an SpLD,1,1,1,1,2,1,1,1,3,1,1,1,1,1
9130cca8,Germany,Non-English,Psychology,1st Year,18-21,Female/Woman,I do not have an SpLD,4,4,4,4,5,1,2,5,5,2,2,2,3,2
918fbcbf,Germany,Non-English,Psychology,1st Year,18-21,Female/Woman,I do not have an SpLD,5,4,3,2,5,1,5,3,5,4,2,2,2,1
941b9fd7,Germany,Non-English,Psychology,1st Year,18-21,Female/Woman,I do not have an SpLD,3,2,2,1,4,1,4,3,4,3,2,1,1,1
943c276b,Germany,Non-English,Psychology,1st Year,18-21,Female/Woman,I do not have an SpLD,3,1,1,1,4,1,3,1,4,2,1,1,1,2
957f04c5,Germany,Non-English,Psychology,1st Year,18-21,Female/Woman,I do not have an SpLD,2,1,2,1,4,1,3,2,4,2,1,1,2,1
985b0f77,Germany,Non-English,Psychology,1st Year,18-21,Female/Woman,I do not have an SpLD,2,1,2,1,3,1,3,1,3,1,1,1,2,1
98bf2cd2,Germany,Non-English,Psychology,1st Year,18-21,Female/Woman,I do not have an SpLD,2,2,1,1,3,1,3,1,3,2,2,1,2,2
9a59d1c1,Germany,Non-English,Psychology,4th Year,22-25,Female/Woman,I do not have an SpLD,1,1,1,1,2,1,1,1,1,2,1,1,1,1
9fb12caf,Germany,Non-English,Psychology,1st Year,18-21,Female/Woman,I do not have an SpLD,3,1,2,1,4,1,5,1,5,1,1,1,2,1
a1268da2,Germany,Non-English,Psychology,2nd Year,18-21,Female/Woman,I do not have an SpLD,5,4,3,2,5,1,5,3,4,4,3,1,4,2
a3bcb45a,Germany,Non-English,Psychology,4th Year,22-25,Female/Woman,I do not have an SpLD,2,3,1,1,3,1,3,2,2,2,1,1,1,1
a43cd350,Germany,Non-English,Psychology,1st Year,18-21,Female/Woman,I do not have an SpLD,2,1,1,1,3,1,2,1,1,2,2,1,1,1
a91afd2c,Germany,Non-English,Psychology,1st Year,18-21,Female/Woman,I do not have an SpLD,3,1,2,1,3,1,2,2,2,2,2,1,1,3
a938815a,Germany,Non-English,Psychology,2nd Year,18-21,Female/Woman,I do not have an SpLD,4,3,3,2,3,1,3,2,3,4,4,2,2,2
af5c29fb,Germany,Non-English,Psychology,1st Year,18-21,Female/Woman,I do not have an SpLD,2,1,1,1,2,1,2,1,3,2,1,1,1,1
b4d447a5,Germany,Non-English,Psychology,2nd Year,22-25,Male/Man,I do not have an SpLD,3,1,3,1,4,1,3,2,3,2,1,2,2,1
b730453d,Germany,Non-English,Psychology,1st Year,18-21,Male/Man,"Dyslexia, ADHD/ADD, Dysgraphia/Dysorthography",1,1,1,1,3,1,1,1,3,1,1,1,1,1
bafff5af,Germany,Non-English,Psychology,1st Year,18-21,Female/Woman,I do not have an SpLD,1,1,1,1,2,1,2,1,2,1,1,1,1,1
bc4f702f,Germany,Non-English,Psychology,1st Year,22-25,Male/Man,I do not have an SpLD,2,2,2,3,2,2,2,1,2,3,2,3,3,1
c1853fb3,Germany,Non-English,Psychology,1st Year,22-25,Male/Man,I do not have an SpLD,3,2,2,2,4,1,4,1,4,4,2,1,2,1
c1c1f6c5,Germany,Non-English,Psychology,1st Year,18-21,Female/Woman,I do not have an SpLD,2,3,2,1,3,1,2,2,3,2,1,2,1,1
c81a4cab,Germany,Non-English,Psychology,3rd Year,26+,Female/Woman,I do not have an SpLD,5,2,2,1,5,1,5,1,5,1,1,1,4,1
cf410d20,Germany,Non-English,Psychology,1st Year,18-21,Female/Woman,I do not have an SpLD,3,1,1,1,2,1,2,1,2,3,2,2,1,1
cf4af80f,Germany,Non-English,Psychology,1st Year,18-21,Female/Woman,I do not have an SpLD,5,4,4,4,4,5,4,3,4,3,2,4,1,2
d29fb437,Germany,Non-English,Psychology,1st Year,18-21,Female/Woman,I do not have an SpLD,4,3,4,2,3,1,4,4,4,1,4,3,3,4
d6618bf2,Germany,Non-English,Psychology,1st Year,18-21,Female/Woman,I do not have an SpLD,3,2,2,1,5,1,5,2,5,2,2,3,5,1
d919f727,Germany,Non-English,Psychology,1st Year,18-21,Female/Woman,I do not have an SpLD,1,1,2,1,3,1,3,2,3,3,2,1,1,2
da6985f1,Germany,Non-English,Psychology,1st Year,18-21,Female/Woman,I do not have an SpLD,3,3,3,2,5,1,5,4,4,3,2,2,1,2
f40a3723,Germany,Non-English,Psychology,1st Year,18-21,Female/Woman,I do not have an SpLD,3,3,3,1,5,1,4,3,5,4,3,2,2,2
f4da62f6,Germany,Non-English,Psychology,2nd Year,22-25,Female/Woman,I do not have an SpLD,2,2,1,1,3,1,3,1,2,2,1,1,1,1
f7ff5030,Germany,Non-English,Psychology,1st Year,18-21,Female/Woman,I do not have an SpLD,3,1,2,1,5,1,4,2,3,2,2,1,2,2
f9a76f94,Germany,Non-English,Psychology,1st Year,18-21,Female/Woman,I do not have an SpLD,2,1,1,1,4,1,4,1,4,1,1,1,1,1
fa130d24,Germany,Non-English,Psychology,1st Year,18-21,Female/Woman,I do not have an SpLD,1,2,1,1,2,1,2,1,2,2,2,1,1,1
fab2336f,Germany,Non-English,Psychology,2nd Year,18-21,Female/Woman,I do not have an SpLD,3,3,4,1,5,2,4,4,5,4,3,3,3,2
ffdfcd2f,Germany,Non-English,Psychology,2nd Year,18-21,Female/Woman,I do not have an SpLD,4,4,2,1,5,1,4,2,5,2,2,2,3,1
0db2f681,Germany,Non-English,Education,3rd Year,18-21,Female/Woman,I do not have an SpLD,3,1,2,1,4,2,4,2,4,4,2,1,1,2
156037af,Germany,Non-English,Psychology,1st Year,18-21,Female/Woman,I do not have an SpLD,1,1,1,1,2,1,3,1,2,2,1,1,2,1
2a05f1fb,Germany,Non-English,Psychology,2nd Year,18-21,Female/Woman,I do not have an SpLD,3,2,2,1,4,1,4,1,4,3,1,2,1,2
2d8fbc2d,Germany,Non-English,Psychology,4th Year,22-25,Male/Man,I do not have an SpLD,1,1,1,1,2,1,2,1,2,1,1,1,1,1
3344b1ff,Germany,Non-English,Psychology,1st Year,NA,Female/Woman,I do not have an SpLD,5,3,5,2,5,1,5,2,5,3,3,2,4,3
395168d6,Germany,Non-English,Social Sciences,1st Year,18-21,Female/Woman,I do not have an SpLD,2,1,1,1,2,1,2,1,3,3,2,2,2,2
3a53ff67,Germany,Non-English,Psychology,2nd Year,18-21,Male/Man,I do not have an SpLD,1,1,2,1,4,2,4,1,4,3,3,2,1,3
4910dbc6,Germany,Non-English,Psychology,1st Year,18-21,Female/Woman,I do not have an SpLD,1,3,2,2,1,4,1,1,2,3,2,2,1,1
55a3cfc4,Germany,Non-English,Psychology,4th Year,18-21,Female/Woman,I do not have an SpLD,2,1,2,1,2,1,2,1,2,1,1,1,1,1
5ac50af9,Germany,Non-English,Social Sciences,3rd Year,18-21,Female/Woman,I do not have an SpLD,3,2,2,1,3,1,4,2,4,3,2,2,1,2
6d3fa263,Germany,Non-English,Psychology,3rd Year,22-25,Female/Woman,"Dyslexia, Dysgraphia/Dysorthography",1,1,1,1,2,1,1,1,2,2,1,1,1,1
74dff69f,Germany,Non-English,Social Sciences,4th Year,22-25,Female/Woman,I do not have an SpLD,4,4,4,2,5,1,5,3,5,4,2,3,1,1
78b1bb23,Germany,Non-English,Psychology,4th Year,22-25,Female/Woman,I do not have an SpLD,2,1,2,1,3,1,2,1,2,2,2,1,1,1
8a64981f,Germany,Non-English,Psychology,2nd Year,18-21,Female/Woman,I do not have an SpLD,3,2,2,1,4,2,3,2,4,2,1,1,2,1
9c8196bb,Germany,Non-English,Psychology,1st Year,18-21,Female/Woman,I do not have an SpLD,4,1,2,2,4,1,4,3,4,3,2,2,1,2
9db6ca86,Germany,Non-English,Psychology,3rd Year,22-25,Female/Woman,I do not have an SpLD,1,2,1,1,2,1,1,2,2,2,1,1,1,1
9dc610cc,Germany,Non-English,Social Sciences,3rd Year,22-25,Male/Man,I do not have an SpLD,2,1,1,1,2,1,2,1,2,3,2,1,2,2
afc6b913,Germany,Non-English,Psychology,1st Year,18-21,Female/Woman,I do not have an SpLD,4,4,3,1,2,1,2,3,2,5,4,2,2,4
c5373cf5,Germany,Non-English,Psychology,2nd Year,22-25,Male/Man,I do not have an SpLD,2,1,2,1,3,1,3,2,3,2,1,1,2,1
c7898807,Germany,Non-English,Psychology,2nd Year,18-21,Female/Woman,I do not have an SpLD,2,1,2,1,3,1,3,1,3,3,2,2,1,1
d49f2fff,Germany,Non-English,Psychology,1st Year,18-21,Female/Woman,I do not have an SpLD,3,2,2,1,3,1,4,2,4,3,2,2,3,2
d98f5c77,Germany,Non-English,Psychology,2nd Year,18-21,Female/Woman,I do not have an SpLD,4,4,4,2,5,2,5,4,5,4,4,4,4,3
dbfac8c5,Germany,Non-English,Psychology,2nd Year,22-25,Female/Woman,NA,5,3,2,2,5,2,5,3,4,4,3,3,2,3
00053fb5,Spain,Non-English,Education,2nd Year,22-25,Female/Woman,I do not have an SpLD,3,4,3,3,4,4,4,4,3,1,2,3,4,2
009f77c7,Spain,Non-English,Education,2nd Year,18-21,Female/Woman,I do not have an SpLD,5,3,2,2,4,2,5,2,4,1,2,3,4,2
0634d0a4,Spain,Non-English,Education,2nd Year,26+,Male/Man,I do not have an SpLD,2,2,1,3,2,2,3,2,3,1,1,2,4,1
093df40b,Spain,Non-English,Education,1st Year,18-21,Female/Woman,I do not have an SpLD,4,4,1,1,5,4,5,3,5,1,1,4,4,2
0d6188b6,Spain,Non-English,Education,2nd Year,18-21,Female/Woman,I do not have an SpLD,3,5,3,5,3,1,4,3,4,3,3,4,4,5
10214ff1,Spain,Non-English,Education,2nd Year,18-21,Female/Woman,"Dyslexia, Dyscalculia",3,1,1,1,2,1,4,1,3,2,1,1,1,1
12652dfa,Spain,Non-English,Education,2nd Year,26+,Male/Man,I do not have an SpLD,3,3,3,2,3,1,3,3,3,1,1,3,2,1
15577949,Spain,Non-English,Education,2nd Year,18-21,Male/Man,I do not have an SpLD,2,1,1,1,3,1,3,1,2,1,1,1,3,1
1f55c334,Spain,Non-English,Education,2nd Year,18-21,Male/Man,Dyslexia,2,1,1,1,2,1,3,2,2,3,1,2,1,1
1f7f996b,Spain,Non-English,Education,4th Year,22-25,Female/Woman,I do not have an SpLD,5,5,5,1,5,1,5,4,5,5,5,5,3,4
2c7f979c,Spain,Non-English,Education,2nd Year,18-21,Female/Woman,I do not have an SpLD,3,3,2,2,4,2,3,2,3,1,3,3,4,1
2f699cf1,Spain,Non-English,Education,2nd Year,18-21,Male/Man,I do not have an SpLD,4,4,3,4,5,3,4,3,5,4,4,4,4,2
2fbcd8bb,Spain,Non-English,Education,2nd Year,18-21,Female/Woman,I do not have an SpLD,2,2,1,1,3,1,4,1,3,1,1,1,5,1
30586023,Spain,Non-English,Education,2nd Year,18-21,Female/Woman,I do not have an SpLD,5,1,3,3,5,1,5,1,5,1,3,1,5,1
30d30197,Spain,Non-English,Education,2nd Year,18-21,Female/Woman,I do not have an SpLD,5,4,4,1,5,1,5,4,5,4,3,5,5,4
33bf5c2f,Spain,Non-English,Education,2nd Year,18-21,Female/Woman,I do not have an SpLD,4,2,3,2,4,1,4,1,4,1,1,3,3,1
392afb11,Spain,Non-English,Education,2nd Year,18-21,Female/Woman,I do not have an SpLD,5,3,3,3,5,4,5,2,5,1,1,3,5,1
3f58ba00,Spain,Non-English,Education,2nd Year,18-21,Female/Woman,I do not have an SpLD,5,4,4,2,5,2,5,4,5,4,4,5,5,2
430ff415,Spain,Non-English,Education,2nd Year,18-21,Female/Woman,I do not have an SpLD,4,2,2,2,4,3,4,3,3,2,3,3,3,2
44f39714,Spain,Non-English,Education,2nd Year,18-21,Female/Woman,I do not have an SpLD,1,1,2,3,2,2,3,1,2,3,2,2,4,1
497a4c73,Spain,Non-English,Education,2nd Year,18-21,Female/Woman,I do not have an SpLD,3,4,3,3,4,3,3,4,4,4,3,3,4,2
4a3c47cf,Spain,Non-English,Education,2nd Year,18-21,Female/Woman,I do not have an SpLD,3,3,3,2,4,1,5,1,1,2,3,3,4,1
4c944ff7,Spain,Non-English,Education,2nd Year,18-21,Female/Woman,I do not have an SpLD,4,2,4,2,5,2,5,1,5,2,2,2,4,2
5096d78b,Spain,Non-English,Education,2nd Year,18-21,Female/Woman,I do not have an SpLD,4,3,3,3,5,2,4,3,4,2,2,3,4,2
52c9cf5a,Spain,Non-English,Education,2nd Year,22-25,Female/Woman,I do not have an SpLD,4,3,3,2,3,4,3,3,2,3,1,4,1,1
5c128590,Spain,Non-English,Education,2nd Year,18-21,Female/Woman,I do not have an SpLD,3,1,2,1,4,3,4,1,4,4,1,1,3,3
5df0ff47,Spain,Non-English,Education,2nd Year,22-25,Male/Man,I do not have an SpLD,2,2,4,1,1,1,2,2,1,1,1,3,1,1
5f122f27,Spain,Non-English,Education,2nd Year,18-21,Female/Woman,I do not have an SpLD,3,4,3,4,4,5,4,3,4,2,2,4,4,2
5f833850,Spain,Non-English,Education,2nd Year,18-21,Male/Man,I do not have an SpLD,4,1,2,1,5,1,4,1,3,2,2,1,5,3
5f913fd1,Spain,Non-English,Education,2nd Year,18-21,Female/Woman,I do not have an SpLD,4,4,3,2,5,2,5,4,5,3,3,3,4,1
656c5d9d,Spain,Non-English,Education,2nd Year,18-21,Female/Woman,I do not have an SpLD,4,1,1,1,5,1,3,1,3,2,2,1,5,1
6787736b,Spain,Non-English,Education,2nd Year,18-21,Female/Woman,I do not have an SpLD,4,3,2,3,4,5,5,2,3,1,3,3,4,1
694fd759,Spain,Non-English,Education,2nd Year,18-21,Female/Woman,I do not have an SpLD,1,2,2,2,1,1,1,2,2,1,1,2,1,1
704d705a,Spain,Non-English,Education,2nd Year,18-21,Female/Woman,I do not have an SpLD,2,3,2,2,4,3,3,2,3,1,3,2,2,2
71049f8c,Spain,Non-English,Education,2nd Year,22-25,Female/Woman,ADHD/ADD,4,2,4,3,4,3,3,3,3,4,3,3,4,2
71a34f31,Spain,Non-English,Education,2nd Year,22-25,Female/Woman,I do not have an SpLD,4,4,3,3,4,2,4,3,4,2,3,4,4,2
7203b4b6,Spain,Non-English,Education,2nd Year,18-21,Female/Woman,I do not have an SpLD,2,2,3,1,2,1,2,2,2,1,2,3,2,1
7230ca7c,Spain,Non-English,Education,2nd Year,18-21,Female/Woman,I do not have an SpLD,4,3,3,3,4,4,4,4,4,3,2,4,4,3
7473fc95,Spain,Non-English,Education,2nd Year,18-21,Male/Man,I do not have an SpLD,2,3,3,2,2,2,3,3,3,1,1,3,2,1
74888aba,Spain,Non-English,Education,2nd Year,NA,Female/Woman,I do not have an SpLD,4,2,3,1,4,1,4,2,3,3,3,2,5,2
7649a37a,Spain,Non-English,Education,2nd Year,18-21,Female/Woman,NA,3,3,5,4,4,3,3,4,4,3,2,4,3,4
7ad25d47,Spain,Non-English,Education,2nd Year,18-21,Female/Woman,I do not have an SpLD,4,2,2,3,3,2,3,2,4,3,3,4,4,3
7cdc6cf0,Spain,Non-English,Education,2nd Year,18-21,Female/Woman,I do not have an SpLD,2,2,1,1,4,1,4,1,3,1,1,2,5,1
80574d05,Spain,Non-English,Education,2nd Year,26+,Female/Woman,I do not have an SpLD,5,2,2,4,5,2,5,3,5,3,3,3,5,2
828b144d,Spain,Non-English,Education,2nd Year,22-25,Male/Man,I do not have an SpLD,2,2,3,1,2,1,2,2,2,3,2,3,4,2
828b989d,Spain,Non-English,Education,2nd Year,18-21,Male/Man,I do not have an SpLD,1,1,1,1,3,2,2,1,1,2,2,1,1,1
86183bf8,Spain,Non-English,Education,2nd Year,18-21,Female/Woman,I do not have an SpLD,3,3,4,4,5,4,4,4,3,5,3,4,3,5
869726d5,Spain,Non-English,Education,2nd Year,18-21,Female/Woman,NA,4,3,4,3,5,1,4,4,4,3,3,3,4,1
87340b6a,Spain,Non-English,Education,2nd Year,22-25,Female/Woman,I do not have an SpLD,4,3,5,3,5,2,5,4,5,3,3,3,5,3
879f7954,Spain,Non-English,Education,2nd Year,18-21,Female/Woman,I do not have an SpLD,4,3,3,2,4,2,5,3,5,4,4,2,3,4
87a7b530,Spain,Non-English,Education,2nd Year,18-21,Female/Woman,I do not have an SpLD,3,2,3,3,4,1,4,3,3,1,2,3,4,2
87f0149c,Spain,Non-English,Education,2nd Year,18-21,Female/Woman,I do not have an SpLD,5,4,2,3,5,2,5,4,5,2,4,4,5,1
8896a2c5,Spain,Non-English,Education,2nd Year,18-21,Female/Woman,I do not have an SpLD,2,2,4,2,2,5,2,2,2,2,2,3,3,2
90426f10,Spain,Non-English,Education,2nd Year,18-21,Female/Woman,I do not have an SpLD,5,4,3,2,4,2,4,3,4,3,3,3,3,3
9105cfa6,Spain,Non-English,Education,4th Year,22-25,Female/Woman,I do not have an SpLD,5,5,4,4,5,3,5,3,5,4,4,5,5,4
9124b448,Spain,Non-English,Education,2nd Year,18-21,Female/Woman,I do not have an SpLD,2,2,1,1,2,1,2,1,2,1,2,2,2,1
91410541,Spain,Non-English,Education,2nd Year,18-21,Male/Man,I do not have an SpLD,3,3,1,4,3,3,4,3,3,2,2,3,3,2
923dcf56,Spain,Non-English,Education,2nd Year,18-21,Female/Woman,I do not have an SpLD,4,4,3,2,5,5,4,4,5,2,2,4,4,1
92841939,Spain,Non-English,Education,2nd Year,18-21,Female/Woman,I do not have an SpLD,4,5,3,4,4,1,4,5,3,3,3,4,3,2
95d6af75,Spain,Non-English,Education,2nd Year,18-21,Female/Woman,I do not have an SpLD,5,4,4,3,2,2,5,2,5,2,2,3,4,2
98880945,Spain,Non-English,Education,2nd Year,18-21,Female/Woman,I do not have an SpLD,4,4,3,2,4,2,4,5,4,1,1,4,2,1
9942bb04,Spain,Non-English,Education,2nd Year,18-21,Female/Woman,I do not have an SpLD,3,2,1,1,5,1,3,1,2,4,3,1,5,3
9a550d56,Spain,Non-English,Education,2nd Year,18-21,Male/Man,I do not have an SpLD,2,3,3,2,4,3,4,3,3,1,2,3,2,2
9b43f1d4,Spain,Non-English,Education,2nd Year,18-21,Female/Woman,I do not have an SpLD,3,3,3,4,3,3,3,3,4,3,2,4,4,4
9d10bb37,Spain,Non-English,Education,2nd Year,22-25,Female/Woman,I do not have an SpLD,3,5,1,2,5,1,4,2,4,3,4,4,5,2
a0f3b5c7,Spain,Non-English,Education,2nd Year,18-21,Female/Woman,I do not have an SpLD,4,3,2,1,4,2,5,2,4,3,3,2,3,3
a1c7bc0f,Spain,Non-English,Education,2nd Year,18-21,Female/Woman,I do not have an SpLD,1,1,1,1,1,1,1,NA,1,1,2,1,1,2
a72f5750,Spain,Non-English,Education,2nd Year,18-21,Female/Woman,I do not have an SpLD,4,2,1,1,4,1,4,2,4,1,1,1,3,1
a844b2cd,Spain,Non-English,Education,2nd Year,18-21,Female/Woman,Other - Not an SpLD,1,1,2,1,2,1,1,1,1,1,1,1,1,1
a9da989d,Spain,Non-English,Education,2nd Year,18-21,Female/Woman,I do not have an SpLD,5,4,3,3,5,2,4,3,4,1,3,2,5,1
ad2f1ba4,Spain,Non-English,Education,2nd Year,18-21,Female/Woman,I do not have an SpLD,1,2,3,1,2,2,2,2,2,3,2,2,2,1
b2b1a667,Spain,Non-English,Education,2nd Year,22-25,Male/Man,I do not have an SpLD,2,4,4,2,2,1,2,2,2,1,4,2,2,3
b5f61994,Spain,Non-English,Education,1st Year,18-21,Female/Woman,I do not have an SpLD,4,3,3,3,4,2,4,3,4,2,2,3,2,2
bb111d73,Spain,Non-English,Education,2nd Year,18-21,Female/Woman,I do not have an SpLD,5,4,5,4,5,3,5,5,5,5,4,4,5,3
c1847259,Spain,Non-English,Education,2nd Year,18-21,Male/Man,I do not have an SpLD,4,1,1,1,3,1,5,1,5,2,4,1,5,4
c3811612,Spain,Non-English,Education,NA,22-25,Female/Woman,I do not have an SpLD,5,5,3,3,3,5,4,4,4,1,1,5,5,1
c422780b,Spain,Non-English,Education,2nd Year,18-21,Female/Woman,I do not have an SpLD,4,4,4,4,4,1,4,4,4,3,3,4,4,2
c4a6daa9,Spain,Non-English,Education,2nd Year,18-21,Female/Woman,I do not have an SpLD,4,3,2,1,5,2,5,2,5,1,1,4,5,1
c5550bb7,Spain,Non-English,Education,2nd Year,18-21,Female/Woman,I do not have an SpLD,4,3,4,2,5,3,4,2,4,1,2,3,5,1
c60f413d,Spain,Non-English,Education,2nd Year,18-21,Male/Man,I do not have an SpLD,3,3,3,2,4,2,3,3,3,3,3,2,3,3
c6f68bd7,Spain,Non-English,Education,2nd Year,18-21,Female/Woman,I do not have an SpLD,2,2,2,2,3,2,3,3,2,1,1,3,2,1
c833c2f1,Spain,Non-English,Education,2nd Year,18-21,Female/Woman,I do not have an SpLD,2,2,3,2,3,1,3,2,3,1,1,3,3,1
ccfb764f,Spain,Non-English,Education,2nd Year,18-21,Female/Woman,I do not have an SpLD,4,5,4,1,5,1,5,5,5,2,2,3,4,1
d01a2457,Spain,Non-English,Education,3rd Year,26+,Female/Woman,I do not have an SpLD,5,4,3,4,5,1,5,3,4,1,1,4,1,1
d25434b2,Spain,Non-English,Education,2nd Year,22-25,Male/Man,I do not have an SpLD,3,2,3,2,2,1,2,2,2,1,2,3,2,1
d5203fd4,Spain,Non-English,Education,2nd Year,18-21,Male/Man,I do not have an SpLD,5,4,3,2,5,3,5,3,5,3,3,3,3,2
d72d62a7,Spain,Non-English,Education,2nd Year,18-21,Female/Woman,I do not have an SpLD,1,1,1,1,1,1,1,1,1,2,1,1,3,2
db537537,Spain,Non-English,Education,2nd Year,18-21,Female/Woman,I do not have an SpLD,5,4,2,2,4,1,5,2,5,1,4,3,5,1
dc13f02a,Spain,Non-English,Education,2nd Year,18-21,Female/Woman,I do not have an SpLD,3,2,2,2,5,2,4,3,5,1,3,3,2,2
dd10704d,Spain,Non-English,Education,1st Year,18-21,Female/Woman,I do not have an SpLD,5,4,3,4,5,2,5,3,5,3,2,4,4,1
dd558051,Spain,Non-English,Education,2nd Year,18-21,Male/Man,I do not have an SpLD,1,1,1,1,1,2,1,2,1,2,2,1,1,1
f0f4f0b6,Spain,Non-English,Education,2nd Year,18-21,Female/Woman,I do not have an SpLD,1,4,1,4,4,3,2,1,3,1,1,5,1,1
f495dc9b,Spain,Non-English,Education,2nd Year,22-25,Female/Woman,I do not have an SpLD,3,2,2,3,3,2,4,3,4,1,1,2,5,1
f82c6d15,Spain,Non-English,Education,2nd Year,18-21,Female/Woman,I do not have an SpLD,2,1,1,1,2,1,2,1,2,1,1,1,1,1
f88dab0d,Spain,Non-English,Education,2nd Year,18-21,Female/Woman,I do not have an SpLD,3,1,1,2,3,1,3,1,3,1,1,1,2,1
fbd4d7d0,Spain,Non-English,Education,2nd Year,18-21,Female/Woman,I do not have an SpLD,2,2,2,2,3,2,3,2,3,2,2,2,3,2
fc8f0290,Spain,Non-English,Education,2nd Year,18-21,Male/Man,I do not have an SpLD,3,2,2,2,2,2,3,2,3,3,2,2,4,1
fd2c2c0d,Spain,Non-English,Education,2nd Year,18-21,Female/Woman,I do not have an SpLD,2,1,1,1,3,1,2,1,3,1,1,1,3,1
ffff289a,Spain,Non-English,Education,2nd Year,18-21,Female/Woman,I do not have an SpLD,5,1,3,1,5,2,5,2,5,3,3,5,5,2
4714cc52,England,English,Psychology,1st Year,18-21,Female/Woman,I do not have an SpLD,4,1,2,2,5,1,5,4,5,2,2,3,5,3
02bb3c9f,Republic of Ireland,English,Psychology,4th Year,18-21,Male/Man,I do not have an SpLD,3,1,1,1,3,1,4,1,3,1,2,1,3,3
0510116d,Republic of Ireland,English,Psychology,1st Year,18-21,Female/Woman,I do not have an SpLD,3,3,4,3,4,1,3,2,3,2,2,3,4,2
0f42a33d,Republic of Ireland,English,Psychology,1st Year,18-21,Male/Man,I do not have an SpLD,1,1,1,1,1,1,1,1,1,3,1,1,1,1
104b9302,Republic of Ireland,English,Psychology,3rd Year,18-21,Female/Woman,I do not have an SpLD,3,2,2,2,4,3,3,2,4,3,2,2,5,2
16a0d553,Republic of Ireland,English,Psychology,1st Year,26+,Female/Woman,I do not have an SpLD,4,3,3,3,4,1,5,2,4,2,3,4,3,1
1bf0cadb,Republic of Ireland,English,Psychology,1st Year,18-21,Male/Man,I do not have an SpLD,3,3,2,2,4,2,2,2,4,4,4,2,3,4
1d2141fd,Republic of Ireland,English,Psychology,3rd Year,26+,Female/Woman,I do not have an SpLD,4,3,5,2,4,2,5,4,4,3,3,3,2,2
22b1bca0,Republic of Ireland,English,Psychology,4th Year,26+,Female/Woman,I do not have an SpLD,5,5,5,4,5,4,5,5,5,4,4,5,5,4
28692414,Republic of Ireland,English,Psychology,2nd Year,18-21,Female/Woman,I do not have an SpLD,2,4,5,1,4,1,4,3,3,2,1,2,2,1
2885f0b4,Republic of Ireland,English,Psychology,3rd Year,18-21,Female/Woman,I do not have an SpLD,3,3,3,3,3,3,3,3,2,1,2,3,4,1
2f644a78,Republic of Ireland,English,Psychology,1st Year,18-21,Female/Woman,I do not have an SpLD,4,5,3,2,4,4,5,5,4,1,2,5,5,2
2fff0fcc,Republic of Ireland,English,Psychology,1st Year,18-21,Female/Woman,I do not have an SpLD,3,3,3,3,4,4,3,4,3,3,2,3,3,3
33193962,Republic of Ireland,English,Psychology,4th Year,22-25,Female/Woman,I do not have an SpLD,3,2,3,2,5,2,5,3,4,3,2,3,3,2
3ad49078,Republic of Ireland,English,Psychology,4th Year,18-21,Female/Woman,I do not have an SpLD,4,5,2,5,3,1,4,2,4,2,1,5,2,2
448b1037,Republic of Ireland,English,Psychology,1st Year,22-25,Female/Woman,I do not have an SpLD,5,3,3,1,5,2,5,3,5,3,3,1,3,1
45a4afa2,Republic of Ireland,English,Psychology,4th Year,22-25,Female/Woman,I do not have an SpLD,3,4,4,3,5,2,5,2,5,4,4,4,4,3
4b8fd5aa,Republic of Ireland,English,Psychology,4th Year,22-25,Male/Man,I do not have an SpLD,2,1,1,2,2,1,2,2,2,2,2,2,2,2
4bf9a7a9,Republic of Ireland,English,Psychology,1st Year,18-21,Female/Woman,I do not have an SpLD,4,4,5,2,5,1,4,5,4,5,4,2,3,3
53b25dfb,Republic of Ireland,English,Psychology,2nd Year,18-21,Female/Woman,NA,4,3,4,2,5,3,4,5,4,2,2,3,1,3
5610a266,Republic of Ireland,English,Psychology,3rd Year,18-21,Female/Woman,I do not have an SpLD,4,4,3,2,5,1,5,1,5,4,5,4,5,5
5ddb3552,Republic of Ireland,English,Psychology,1st Year,26+,Female/Woman,I do not have an SpLD,1,1,1,1,2,1,2,1,2,1,1,1,1,1
73942d0b,Republic of Ireland,English,Psychology,4th Year,22-25,Female/Woman,I do not have an SpLD,1,1,3,1,3,1,1,1,2,3,3,2,1,3
73acfc0f,Republic of Ireland,English,Psychology,1st Year,18-21,Male/Man,I do not have an SpLD,5,3,5,2,4,3,4,4,4,5,4,2,2,4
772fc7f4,Republic of Ireland,English,Psychology,3rd Year,18-21,Female/Woman,I do not have an SpLD,5,5,3,2,5,4,5,3,5,2,2,4,4,3
7c6a46d9,Republic of Ireland,English,Psychology,3rd Year,26+,Female/Woman,I do not have an SpLD,3,4,3,3,4,3,3,3,4,2,1,3,4,2
7cd72985,Republic of Ireland,English,Psychology,2nd Year,18-21,Male/Man,I do not have an SpLD,1,2,2,1,3,1,2,1,2,1,1,2,2,1
7f94bffb,Republic of Ireland,English,Psychology,4th Year,22-25,Female/Woman,I do not have an SpLD,5,1,2,1,4,4,4,3,4,4,4,1,4,4
939cfc1d,Republic of Ireland,English,Psychology,3rd Year,18-21,Female/Woman,I do not have an SpLD,5,5,5,3,5,5,5,5,5,5,5,5,5,5
94ac803f,Republic of Ireland,English,Psychology,3rd Year,18-21,Female/Woman,I do not have an SpLD,3,3,2,3,4,1,4,3,4,2,3,4,4,2
9faa7960,Republic of Ireland,English,Psychology,1st Year,18-21,Female/Woman,NA,2,4,3,2,5,2,5,3,4,3,3,3,4,1
a6c0ac39,Republic of Ireland,English,Psychology,2nd Year,18-21,Male/Man,"Dyslexia, Other - Redacted",4,5,4,4,4,3,4,3,4,4,4,3,4,4
a796af45,Republic of Ireland,English,Psychology,3rd Year,26+,Male/Man,I do not have an SpLD,1,2,1,1,3,1,2,1,2,1,1,5,1,2
a8fdfb47,Republic of Ireland,English,Psychology,4th Year,22-25,Female/Woman,I do not have an SpLD,5,4,2,3,4,2,5,4,5,1,1,4,4,1
ad44fc01,Republic of Ireland,English,Psychology,2nd Year,18-21,Female/Woman,I do not have an SpLD,4,5,3,3,5,2,4,2,4,4,4,4,4,1
af15691c,Republic of Ireland,English,Psychology,2nd Year,18-21,Male/Man,I do not have an SpLD,2,1,3,1,3,1,3,2,1,1,1,1,1,1
b52f0c1f,Republic of Ireland,English,Psychology,4th Year,18-21,Female/Woman,I do not have an SpLD,2,2,1,1,4,1,2,1,5,1,1,1,5,2
b5b82adc,Republic of Ireland,English,Psychology,1st Year,18-21,Female/Woman,I do not have an SpLD,4,3,2,3,5,1,4,2,4,2,2,3,4,3
b88fcf23,Republic of Ireland,English,Psychology,4th Year,22-25,Female/Woman,I do not have an SpLD,2,1,2,2,3,3,3,1,3,2,3,2,3,3
b99f8f4a,Republic of Ireland,English,Psychology,2nd Year,18-21,Female/Woman,I do not have an SpLD,5,3,3,4,5,5,5,3,5,5,4,4,5,4
bf59c4d6,Republic of Ireland,English,Psychology,4th Year,22-25,Female/Woman,I do not have an SpLD,5,2,4,1,4,1,5,4,5,3,1,2,3,1
c5bc46db,Republic of Ireland,English,Psychology,2nd Year,22-25,Female/Woman,I do not have an SpLD,4,3,2,4,4,4,3,3,4,2,2,4,3,4
c73d4975,Republic of Ireland,English,Psychology,2nd Year,18-21,Female/Woman,Dyslexia,2,2,3,2,3,2,4,2,3,3,4,2,4,4
cb498f4f,Republic of Ireland,English,Psychology,1st Year,18-21,Female/Woman,I do not have an SpLD,3,3,3,5,5,1,4,2,4,1,1,5,2,1
df3b50ff,Republic of Ireland,English,Psychology,1st Year,18-21,Female/Woman,I do not have an SpLD,4,3,2,3,4,2,4,3,5,3,3,3,5,2
f1934f9f,Republic of Ireland,English,Psychology,4th Year,18-21,Female/Woman,I do not have an SpLD,4,4,4,3,4,1,3,4,2,2,2,2,2,2
f227263d,Republic of Ireland,English,Psychology,3rd Year,22-25,Female/Woman,I do not have an SpLD,5,5,5,5,5,5,5,5,5,5,5,5,5,5
f5936f85,Republic of Ireland,English,Psychology,1st Year,18-21,Female/Woman,I do not have an SpLD,3,3,2,2,3,1,4,1,3,2,2,3,2,2
f67b4fdf,Republic of Ireland,English,Psychology,4th Year,22-25,Female/Woman,I do not have an SpLD,4,5,5,3,4,3,5,3,5,4,3,4,4,3
f960adf5,Republic of Ireland,English,Psychology,2nd Year,22-25,Female/Woman,Dyslexia,5,5,5,5,5,4,5,4,5,5,4,5,5,3
fa7fd516,Republic of Ireland,English,Psychology,2nd Year,18-21,Female/Woman,I do not have an SpLD,3,3,3,3,3,2,4,3,3,1,2,2,4,1
fdd34f14,Republic of Ireland,English,Psychology,3rd Year,18-21,Female/Woman,I do not have an SpLD,3,3,4,2,4,3,3,3,4,4,2,3,3,2
06cf54fa,England,English,Psychology,2nd Year,18-21,Male/Man,I do not have an SpLD,3,3,3,3,3,5,3,3,3,3,4,3,2,4
07160399,England,English,Psychology,1st Year,18-21,Female/Woman,I do not have an SpLD,4,2,3,2,5,1,5,3,5,3,4,2,5,4
0d253f9b,England,English,Psychology,2nd Year,18-21,Male/Man,I do not have an SpLD,1,4,1,2,1,2,1,2,1,3,3,1,4,2
122851a6,England,English,Psychology,3rd Year,18-21,Female/Woman,I do not have an SpLD,5,4,4,4,5,2,5,2,4,3,4,5,4,4
136d4f64,England,English,Psychology,3rd Year,18-21,Female/Woman,I do not have an SpLD,3,2,4,2,4,4,2,4,3,3,3,2,4,3
1a2ab33f,England,English,Psychology,3rd Year,18-21,Male/Man,I do not have an SpLD,2,2,3,2,3,2,4,2,4,1,2,2,1,1
1af11b75,England,English,Psychology,2nd Year,18-21,Male/Man,I do not have an SpLD,5,4,4,3,5,4,5,5,5,4,5,5,4,5
1cb47761,England,English,Psychology,2nd Year,18-21,Female/Woman,I do not have an SpLD,4,5,4,5,5,1,5,3,5,4,3,2,3,4
1d2b782c,England,English,Psychology,2nd Year,18-21,Female/Woman,I do not have an SpLD,4,4,3,3,3,2,4,4,4,3,3,4,3,3
253536a0,England,English,Psychology,3rd Year,18-21,Female/Woman,I do not have an SpLD,3,3,4,1,4,1,4,2,4,3,3,2,1,4
26788c96,England,English,Psychology,2nd Year,18-21,Female/Woman,I do not have an SpLD,5,3,3,3,5,1,5,3,5,4,4,3,3,3
28f627f6,England,English,Psychology,2nd Year,18-21,Male/Man,I do not have an SpLD,4,3,3,3,4,2,3,3,3,4,2,3,4,1
2a6d906d,England,English,Psychology,2nd Year,18-21,Male/Man,I do not have an SpLD,4,2,2,2,4,2,2,2,4,4,3,2,2,2
32d3c9f6,England,English,Psychology,2nd Year,18-21,Female/Woman,I do not have an SpLD,2,2,3,2,3,2,4,2,3,1,1,3,2,1
362a9f8f,England,English,Psychology,2nd Year,18-21,Female/Woman,I do not have an SpLD,3,4,3,4,3,1,4,3,4,3,3,4,4,3
3b1523f5,England,English,Psychology,2nd Year,18-21,Male/Man,I do not have an SpLD,3,3,3,3,3,2,2,2,2,4,4,3,2,4
3f8f53b3,England,English,Psychology,2nd Year,18-21,Male/Man,I do not have an SpLD,3,1,1,1,5,1,5,1,3,4,4,1,2,4
427133ff,England,English,Psychology,2nd Year,18-21,Female/Woman,I do not have an SpLD,2,2,2,2,3,1,3,2,2,2,3,2,2,3
42d0f292,England,English,Psychology,1st Year,18-21,Female/Woman,I do not have an SpLD,3,3,2,2,4,1,4,1,4,3,4,3,3,3
43569c2a,England,English,Psychology,2nd Year,18-21,Female/Woman,Dyslexia,2,3,2,3,3,4,1,1,3,1,2,1,2,1
4914b98f,England,English,Psychology,2nd Year,18-21,Female/Woman,I do not have an SpLD,3,2,2,2,4,2,4,1,4,3,3,2,2,2
5081ff96,England,English,Psychology,1st Year,18-21,Female/Woman,I do not have an SpLD,3,1,3,3,3,3,3,3,5,4,3,3,4,4
59317380,England,English,Psychology,2nd Year,18-21,Male/Man,I do not have an SpLD,2,1,1,2,3,1,2,1,2,2,1,1,1,1
5b692624,England,English,Psychology,2nd Year,18-21,Female/Woman,I do not have an SpLD,1,1,1,1,3,1,3,1,2,2,1,1,2,1
5c0c7f02,England,English,Psychology,2nd Year,18-21,Female/Woman,I do not have an SpLD,5,3,2,2,5,1,5,1,5,2,2,1,3,2
5c54b727,England,English,Psychology,1st Year,18-21,Female/Woman,NA,3,3,3,3,3,3,4,3,3,2,3,3,4,2
5c7094d5,England,English,Psychology,3rd Year,18-21,Female/Woman,I do not have an SpLD,4,5,5,5,4,3,5,5,5,5,2,5,4,2
61697cfa,England,English,Psychology,2nd Year,18-21,Female/Woman,I do not have an SpLD,5,4,3,3,5,3,5,3,5,5,5,4,5,4
6718444a,England,English,Psychology,2nd Year,18-21,Female/Woman,I do not have an SpLD,2,3,2,2,5,2,4,2,2,4,4,2,3,4
6c45818f,England,English,Psychology,2nd Year,18-21,Female/Woman,I do not have an SpLD,5,4,3,3,5,5,5,4,5,5,5,3,2,5
6f012fa0,England,English,Psychology,2nd Year,18-21,Female/Woman,I do not have an SpLD,2,2,4,2,5,1,4,3,4,4,4,2,5,4
6f104cf3,England,English,Psychology,2nd Year,18-21,Female/Woman,I do not have an SpLD,4,2,4,3,4,2,4,2,5,3,2,3,2,2
6fab1b86,England,English,Psychology,2nd Year,18-21,Female/Woman,I do not have an SpLD,4,2,3,2,5,2,5,2,5,3,2,1,4,2
704da4ff,England,English,Psychology,3rd Year,18-21,Female/Woman,ADHD/ADD,3,5,4,4,4,4,5,4,4,1,2,4,5,2
731ffff9,England,English,Psychology,1st Year,22-25,Female/Woman,Dyslexia,4,3,5,3,5,5,5,3,5,4,4,4,5,3
74c6ab95,England,English,Psychology,1st Year,18-21,Female/Woman,I do not have an SpLD,5,3,3,3,5,3,5,4,5,4,4,2,5,4
846c6571,England,English,Psychology,2nd Year,18-21,Female/Woman,I do not have an SpLD,3,4,5,4,5,4,5,4,5,5,5,4,3,5
847dd9f4,England,English,Psychology,2nd Year,18-21,Male/Man,I do not have an SpLD,2,4,4,2,3,2,4,4,3,4,3,4,3,3
8741f682,England,English,Psychology,2nd Year,18-21,Female/Woman,I do not have an SpLD,2,2,2,2,2,3,1,2,2,1,3,2,2,3
8a22fa3a,England,English,Psychology,2nd Year,18-21,Female/Woman,I do not have an SpLD,4,4,4,4,5,3,5,4,5,3,3,4,5,2
8c610983,England,English,Psychology,2nd Year,18-21,Female/Woman,I do not have an SpLD,5,4,4,3,5,3,5,4,5,4,5,3,3,5
9246facc,England,English,Psychology,1st Year,18-21,Male/Man,I do not have an SpLD,2,2,2,1,3,1,3,2,3,2,2,2,2,2
9374d83f,England,English,Psychology,2nd Year,26+,Female/Woman,I do not have an SpLD,3,3,3,2,3,3,4,2,3,2,2,2,3,2
93fcc41b,England,English,Psychology,3rd Year,18-21,Female/Woman,I do not have an SpLD,4,1,2,1,4,1,4,4,5,4,4,3,4,4
951199b8,England,English,Psychology,2nd Year,18-21,Male/Man,I do not have an SpLD,3,2,1,1,3,1,3,2,2,1,1,2,2,1
9afa657c,England,English,Psychology,2nd Year,18-21,Female/Woman,I do not have an SpLD,2,4,2,3,4,1,4,4,4,1,1,2,2,1
9b1a37a8,England,English,Psychology,2nd Year,18-21,Female/Woman,I do not have an SpLD,4,4,2,3,5,4,5,4,5,4,5,3,2,4
a7711262,England,English,Psychology,2nd Year,18-21,Female/Woman,I do not have an SpLD,4,3,3,2,4,4,5,2,4,5,5,3,4,5
a7b206c4,England,English,Psychology,3rd Year,18-21,Male/Man,I do not have an SpLD,5,5,1,3,5,2,5,3,5,3,5,3,3,2
aab142f1,England,English,Psychology,2nd Year,18-21,Female/Woman,I do not have an SpLD,4,3,3,2,5,2,5,3,5,4,4,3,4,3
afaad9b9,England,English,Psychology,2nd Year,18-21,Female/Woman,I do not have an SpLD,4,4,3,3,5,2,4,4,3,4,4,4,5,4
b06dc31a,England,English,Psychology,3rd Year,18-21,Female/Woman,I do not have an SpLD,4,4,4,3,5,2,5,4,5,3,3,3,4,4
b2bf4193,England,English,Psychology,2nd Year,18-21,Female/Woman,I do not have an SpLD,2,2,2,2,5,1,5,3,4,5,4,2,2,1
b31678c8,England,English,Psychology,2nd Year,18-21,Female/Woman,I do not have an SpLD,2,3,2,2,4,1,4,2,4,2,2,2,2,1
b435b642,England,English,Psychology,2nd Year,18-21,Female/Woman,Other - Autism Spectrum Disorder,3,4,3,5,5,2,3,3,4,5,5,3,5,3
b9df7bff,England,English,Psychology,2nd Year,18-21,Female/Woman,I do not have an SpLD,5,3,5,3,5,5,5,5,5,3,4,3,4,3
bff07307,England,English,Psychology,3rd Year,18-21,Female/Woman,I do not have an SpLD,5,4,4,3,5,2,5,4,5,5,4,3,5,4
c2f578f5,England,English,Psychology,2nd Year,18-21,Male/Man,I do not have an SpLD,1,1,1,1,4,1,4,2,3,2,3,1,1,3
c62f5fcb,England,English,Psychology,1st Year,18-21,Another Gender,I do not have an SpLD,3,1,1,1,3,3,4,2,3,4,4,1,3,3
c8f29252,England,English,Psychology,2nd Year,18-21,Female/Woman,I do not have an SpLD,4,2,2,2,4,2,5,3,4,3,3,1,2,3
c907f4f6,England,English,Psychology,2nd Year,18-21,Female/Woman,I do not have an SpLD,2,3,4,2,4,3,2,2,4,3,3,3,3,2
cb3f0129,England,English,Psychology,3rd Year,18-21,Male/Man,I do not have an SpLD,2,1,3,1,2,1,3,1,3,2,2,1,3,2
cdf2195d,England,English,Psychology,3rd Year,18-21,Female/Woman,NA,4,3,1,2,4,1,3,1,4,2,2,2,3,1
cf1b5d2c,England,English,Psychology,3rd Year,18-21,Female/Woman,I do not have an SpLD,3,3,4,3,3,3,2,3,3,2,4,4,3,4
cf5aa3b7,England,English,Psychology,2nd Year,18-21,Female/Woman,I do not have an SpLD,2,2,2,1,3,1,1,2,2,2,2,2,2,2
cf5f5370,England,English,Psychology,2nd Year,26+,Female/Woman,I do not have an SpLD,4,4,4,3,5,1,5,4,5,3,4,4,5,3
d5d7d88c,England,English,Psychology,3rd Year,18-21,Male/Man,I do not have an SpLD,3,1,2,2,5,1,5,1,5,2,2,2,2,2
d60a16ca,England,English,Psychology,2nd Year,18-21,Female/Woman,I do not have an SpLD,2,4,4,1,3,1,5,4,2,4,3,3,5,3
d6fd747f,England,English,Psychology,2nd Year,18-21,Female/Woman,I do not have an SpLD,3,2,3,2,3,2,3,2,3,1,2,1,3,1
d714bf15,England,English,Psychology,2nd Year,18-21,Female/Woman,I do not have an SpLD,2,2,2,2,3,1,3,1,3,3,3,2,2,2
f18d8f32,England,English,Psychology,2nd Year,22-25,Female/Woman,I do not have an SpLD,5,4,5,2,5,5,5,1,5,5,5,1,2,3
f22ffc34,England,English,Psychology,2nd Year,18-21,Female/Woman,I do not have an SpLD,4,2,1,1,5,2,5,2,3,1,1,1,1,1
f45a28d0,England,English,Psychology,1st Year,18-21,Female/Woman,I do not have an SpLD,4,2,3,2,4,3,4,3,5,4,3,3,4,4
f4f564cd,England,English,Psychology,1st Year,18-21,Male/Man,I do not have an SpLD,2,2,1,2,4,4,3,2,4,1,2,2,2,2
f6655850,England,English,Psychology,2nd Year,26+,Female/Woman,I do not have an SpLD,5,4,5,3,5,3,5,5,5,4,3,4,5,3
f82df190,England,English,Psychology,2nd Year,18-21,Female/Woman,I do not have an SpLD,2,3,3,3,4,1,3,3,3,2,2,3,4,2
f86abf9f,England,English,Psychology,1st Year,18-21,Female/Woman,I do not have an SpLD,1,2,2,1,2,1,2,1,3,1,2,2,2,2
ff0b06d8,England,English,Psychology,2nd Year,18-21,Female/Woman,I do not have an SpLD,4,2,1,1,4,3,5,2,5,5,5,2,2,5
ff5b77dd,England,English,Psychology,1st Year,18-21,Female/Woman,I do not have an SpLD,2,3,2,2,3,4,2,2,3,2,1,3,2,1
fffd5b99,England,English,Psychology,2nd Year,18-21,Female/Woman,I do not have an SpLD,3,2,3,3,3,4,4,3,4,2,3,2,3,3
00fb146c,England,English,Psychology,3rd Year,26+,Female/Woman,I do not have an SpLD,5,5,2,5,5,3,5,5,5,5,5,5,5,5
14d4f93d,England,English,Psychology,3rd Year,18-21,Male/Man,I do not have an SpLD,2,2,1,2,3,1,2,3,2,3,3,1,4,2
1d35a673,England,English,Psychology,3rd Year,18-21,Female/Woman,I do not have an SpLD,4,4,1,1,4,1,4,3,3,3,4,2,3,4
3c6268f4,England,English,Psychology,3rd Year,18-21,Female/Woman,I do not have an SpLD,2,2,2,1,3,1,3,1,3,1,2,1,2,1
3f52c272,England,English,Psychology,3rd Year,18-21,Female/Woman,I do not have an SpLD,3,2,3,2,4,2,4,3,3,2,2,2,2,2
52103d45,England,English,Psychology,3rd Year,18-21,Female/Woman,I do not have an SpLD,2,3,2,2,2,2,2,2,2,1,2,3,2,2
5f826d01,England,English,Psychology,2nd Year,18-21,Female/Woman,I do not have an SpLD,2,2,3,2,4,2,5,1,3,2,4,2,3,1
9284926d,England,English,Psychology,3rd Year,18-21,Female/Woman,I do not have an SpLD,4,3,2,1,5,1,5,2,5,3,3,3,4,2
9d8a11f5,England,English,Psychology,3rd Year,18-21,Female/Woman,I do not have an SpLD,4,2,3,3,4,1,2,4,4,3,3,2,4,2
9fc7f7f9,England,English,Psychology,3rd Year,18-21,Female/Woman,I do not have an SpLD,3,2,2,1,3,1,4,2,4,2,3,1,2,1
af445061,England,English,Psychology,2nd Year,18-21,Female/Woman,I do not have an SpLD,4,3,2,3,4,2,4,2,4,4,3,2,4,3
c547fff9,England,English,Psychology,3rd Year,18-21,Female/Woman,I do not have an SpLD,3,2,3,2,5,1,5,2,5,2,2,3,4,2
cc0aff43,England,English,Psychology,3rd Year,18-21,Female/Woman,I do not have an SpLD,3,2,2,2,4,1,4,2,4,5,5,3,2,2
cff0643c,England,English,Psychology,2nd Year,18-21,Female/Woman,I do not have an SpLD,3,4,3,4,4,3,4,2,4,3,3,4,3,2
dd6fad19,England,English,Psychology,3rd Year,22-25,Female/Woman,I do not have an SpLD,1,5,2,2,4,1,5,3,4,3,4,2,2,2
f025dd35,England,English,Psychology,3rd Year,18-21,Female/Woman,Other - Undiagnosed Dyscalculia,5,2,1,3,4,5,3,3,3,2,2,2,2,3
f0283d2d,England,English,Psychology,3rd Year,18-21,Female/Woman,I do not have an SpLD,1,2,1,1,2,1,3,1,2,1,1,2,1,1
1927a091,England,English,Psychology,2nd Year,18-21,Female/Woman,I do not have an SpLD,2,1,1,1,4,1,3,1,4,2,2,1,2,1
3450147a,England,English,Psychology,NA,NA,NA,NA,4,3,2,2,4,2,5,3,5,3,3,4,3,2
55d1a0aa,England,English,Psychology,2nd Year,18-21,Female/Woman,I do not have an SpLD,3,1,1,1,5,1,5,1,5,3,3,2,4,3
5816df67,England,English,Psychology,2nd Year,18-21,Female/Woman,I do not have an SpLD,4,2,4,2,5,2,5,2,4,4,4,3,3,4
823f0416,England,English,Psychology,2nd Year,22-25,Female/Woman,Other - Undiagnosed ADHD/ADD,3,3,2,2,4,2,3,2,4,2,2,3,2,2
85a2faff,England,English,Business & Finance,4th Year,22-25,Male/Man,I do not have an SpLD,1,3,1,2,1,1,1,1,2,1,1,3,3,3
96d84023,England,English,Psychology,2nd Year,18-21,Female/Woman,NA,5,3,2,1,5,1,5,3,5,4,4,3,5,3
9af98b44,England,English,Psychology,2nd Year,18-21,Female/Woman,I do not have an SpLD,3,3,2,3,4,2,2,3,3,2,2,3,3,3
a47cdd45,England,English,Psychology,NA,NA,NA,NA,2,1,1,1,1,1,3,1,4,3,3,1,3,2
c718f2b5,England,English,Psychology,4th Year,22-25,Female/Woman,I do not have an SpLD,4,2,3,2,4,5,4,4,4,2,4,3,2,2
003c8a18,England,English,Psychology,1st Year,18-21,Female/Woman,I do not have an SpLD,3,2,3,2,4,1,4,2,3,2,2,2,2,2
019761f5,England,English,Psychology,1st Year,18-21,Female/Woman,I do not have an SpLD,4,2,1,1,3,1,2,1,2,4,5,1,3,4
035c432f,England,English,Psychology,1st Year,18-21,Female/Woman,Dyslexia,5,5,5,5,5,4,4,5,4,4,4,5,4,4
0424c0d2,England,English,Psychology,1st Year,18-21,Female/Woman,I do not have an SpLD,2,3,2,3,4,1,4,3,4,3,2,3,1,2
0541f6c6,England,English,Psychology,1st Year,18-21,Male/Man,Dyslexia,2,2,2,3,3,2,2,2,2,1,2,2,2,2
08aa7fb3,England,English,Psychology,1st Year,18-21,Female/Woman,I do not have an SpLD,4,4,4,3,5,2,4,4,5,1,1,4,4,1
0f6747cd,England,English,Psychology,1st Year,18-21,Female/Woman,I do not have an SpLD,2,2,2,2,3,2,4,1,3,2,3,2,4,2
160a00cf,England,English,Psychology,1st Year,18-21,Female/Woman,I do not have an SpLD,3,1,3,3,4,1,4,1,4,3,4,4,2,1
17fd45fa,England,English,Psychology,1st Year,18-21,Male/Man,I do not have an SpLD,2,2,1,2,3,2,2,2,3,3,1,2,3,2
1c82a342,England,English,Psychology,1st Year,18-21,Female/Woman,I do not have an SpLD,2,3,3,2,5,3,5,3,5,4,4,3,4,4
1f9db214,England,English,Psychology,1st Year,18-21,Male/Man,I do not have an SpLD,2,2,2,2,3,3,2,2,2,2,2,2,1,2
207831a2,England,English,Psychology,1st Year,18-21,Female/Woman,I do not have an SpLD,4,4,3,5,5,2,4,2,5,5,5,5,4,4
25847397,England,English,Psychology,1st Year,18-21,Male/Man,I do not have an SpLD,1,1,1,1,2,1,2,1,2,2,1,2,3,1
2852d5ac,England,English,Psychology,1st Year,18-21,Female/Woman,I do not have an SpLD,4,4,4,4,5,2,5,2,5,4,4,3,5,3
28a1c09b,England,English,Psychology,1st Year,18-21,Female/Woman,I do not have an SpLD,1,1,1,1,3,2,5,1,4,5,5,1,2,5
2ada3fd5,England,English,Psychology,1st Year,18-21,Female/Woman,I do not have an SpLD,4,2,3,2,5,1,5,3,5,2,2,2,4,1
2c4cc7b8,England,English,Psychology,1st Year,18-21,Female/Woman,NA,2,3,2,2,2,1,2,2,2,2,2,3,3,2
2ff54f81,England,English,Psychology,1st Year,18-21,Female/Woman,I do not have an SpLD,5,5,4,3,5,2,5,4,5,3,2,3,4,3
31a2422f,England,English,Psychology,1st Year,18-21,Male/Man,I do not have an SpLD,2,2,1,1,3,1,4,1,3,2,2,2,1,2
3851a900,England,English,Psychology,1st Year,18-21,Female/Woman,I do not have an SpLD,2,4,4,3,3,2,3,1,2,2,4,2,2,2
390dd975,England,English,Psychology,1st Year,18-21,Female/Woman,I do not have an SpLD,3,4,4,3,3,3,3,2,3,3,3,3,3,3
3b548d87,England,English,Psychology,1st Year,18-21,Male/Man,I do not have an SpLD,2,3,2,2,4,4,4,3,4,2,2,4,3,3
3f2f00ba,England,English,Psychology,1st Year,18-21,Male/Man,I do not have an SpLD,2,2,2,3,3,2,3,2,3,4,4,2,3,4
3fd0d021,England,English,Psychology,1st Year,26+,Female/Woman,I do not have an SpLD,3,4,2,3,4,2,4,3,3,4,4,2,4,3
3ff9af5d,England,English,Psychology,1st Year,18-21,Male/Man,I do not have an SpLD,4,2,1,3,4,2,2,2,3,4,4,1,3,4
41b12c4a,England,English,Psychology,1st Year,18-21,Female/Woman,I do not have an SpLD,1,1,1,2,2,3,2,1,2,1,1,2,2,1
428fdf7d,England,English,Psychology,1st Year,18-21,Female/Woman,I do not have an SpLD,5,2,4,4,5,3,5,5,5,5,5,4,5,5
458da3f3,England,English,Psychology,1st Year,18-21,Female/Woman,I do not have an SpLD,4,2,2,2,4,1,3,3,2,2,3,3,3,1
49099df4,England,English,Psychology,1st Year,18-21,Female/Woman,I do not have an SpLD,3,3,3,4,4,3,5,3,5,5,5,3,4,5
49712ada,England,English,Psychology,1st Year,26+,Female/Woman,I do not have an SpLD,3,5,5,1,5,1,5,2,5,2,5,1,2,3
4cb88ca1,England,English,Psychology,1st Year,18-21,Male/Man,NA,5,3,4,5,4,3,3,4,3,2,2,4,4,2
5139f7bf,England,English,Psychology,1st Year,18-21,Male/Man,I do not have an SpLD,4,4,3,5,4,2,5,4,4,4,4,4,2,4
51886b59,England,English,Psychology,1st Year,18-21,Female/Woman,I do not have an SpLD,2,2,2,2,2,1,2,2,2,2,2,2,3,2
53f9a514,England,English,Psychology,1st Year,18-21,Female/Woman,I do not have an SpLD,4,3,2,3,4,2,4,3,4,4,3,4,2,2
5a2934f1,England,English,Psychology,1st Year,18-21,Female/Woman,I do not have an SpLD,2,3,3,1,3,1,2,1,2,3,2,3,2,2
5c33b038,England,English,Psychology,1st Year,18-21,Female/Woman,I do not have an SpLD,3,3,3,3,4,1,3,4,3,4,3,3,4,3
5f310fd1,England,English,Psychology,1st Year,18-21,Female/Woman,I do not have an SpLD,5,5,5,5,5,5,5,5,5,5,5,5,5,5
5f585450,England,English,Psychology,1st Year,18-21,Female/Woman,NA,4,4,3,4,4,2,4,3,4,4,3,4,2,3
60bc7a01,England,English,Psychology,1st Year,18-21,Male/Man,I do not have an SpLD,5,3,2,2,5,1,4,2,5,3,2,2,4,2
67047b66,England,English,Psychology,1st Year,18-21,Female/Woman,I do not have an SpLD,2,2,3,1,4,3,3,2,3,1,2,2,5,1
67149392,England,English,Psychology,1st Year,18-21,Female/Woman,I do not have an SpLD,4,5,4,3,4,3,4,2,4,2,4,3,4,2
6813084f,England,English,Psychology,1st Year,18-21,Female/Woman,Dyslexia,3,4,2,3,4,2,4,3,3,3,3,4,4,2
69b3afd3,England,English,Psychology,1st Year,18-21,Female/Woman,I do not have an SpLD,3,2,3,2,3,1,3,3,3,3,3,2,3,3
6d89f7bc,England,English,Psychology,1st Year,18-21,Male/Man,I do not have an SpLD,4,2,2,3,4,1,4,3,4,2,3,3,4,3
74c89fa1,England,English,Psychology,1st Year,18-21,Female/Woman,I do not have an SpLD,2,3,4,3,3,1,5,3,4,5,4,3,4,4
762c9795,England,English,Psychology,1st Year,18-21,Female/Woman,I do not have an SpLD,1,1,1,2,2,1,2,2,3,1,1,3,1,2
7a627797,England,English,Psychology,1st Year,18-21,Female/Woman,I do not have an SpLD,2,1,3,2,3,2,5,3,4,5,5,3,1,4
7cbf40b1,England,English,Psychology,1st Year,18-21,Female/Woman,I do not have an SpLD,5,3,5,3,5,2,5,5,5,5,4,5,5,4
7f4660cd,England,English,Psychology,1st Year,18-21,Male/Man,I do not have an SpLD,2,1,1,2,3,2,2,1,3,2,3,3,1,1
7f68fdc2,England,English,Psychology,1st Year,NA,Female/Woman,I do not have an SpLD,1,2,2,2,3,1,4,2,1,1,1,1,1,2
874b563f,England,English,Psychology,1st Year,18-21,Female/Woman,I do not have an SpLD,4,4,5,4,5,4,5,4,4,2,2,4,3,2
892b9cc8,England,English,Psychology,1st Year,18-21,Female/Woman,I do not have an SpLD,4,3,2,3,5,4,5,3,5,3,2,4,3,2
9892f45b,England,English,Psychology,1st Year,NA,Male/Man,I do not have an SpLD,3,3,1,2,3,1,3,2,3,1,2,3,2,2
9a9694a4,England,English,Psychology,1st Year,18-21,Male/Man,I do not have an SpLD,5,5,5,4,5,3,5,5,5,4,4,5,4,4
9af4f00a,England,English,Psychology,1st Year,18-21,Male/Man,I do not have an SpLD,3,4,3,4,3,3,4,3,3,4,3,3,2,3
9af6dfc7,England,English,Psychology,1st Year,18-21,Female/Woman,I do not have an SpLD,3,2,2,2,3,2,3,3,3,2,2,2,3,2
9bf500b4,England,English,Psychology,1st Year,18-21,Female/Woman,I do not have an SpLD,3,4,3,3,4,1,4,5,4,5,5,4,5,4
9c490cb3,England,English,Psychology,1st Year,18-21,Female/Woman,I do not have an SpLD,4,4,4,3,4,3,4,3,4,2,2,3,3,2
9c62f401,England,English,Psychology,1st Year,18-21,Female/Woman,I do not have an SpLD,4,4,4,5,4,2,3,5,4,4,4,3,4,3
9c74623f,England,English,Psychology,1st Year,18-21,Female/Woman,I do not have an SpLD,2,1,3,1,2,2,2,2,4,1,3,1,4,2
9f162c43,England,English,Psychology,1st Year,18-21,Female/Woman,I do not have an SpLD,3,2,1,2,4,1,2,2,3,3,4,2,1,3
9f47f6b5,England,English,Psychology,1st Year,18-21,Female/Woman,I do not have an SpLD,1,1,1,1,2,1,2,1,2,1,1,2,1,1
9ff00b16,England,English,Psychology,1st Year,18-21,Female/Woman,I do not have an SpLD,2,1,1,1,3,1,2,1,3,3,2,2,1,2
a06121b1,England,English,Psychology,1st Year,18-21,Female/Woman,I do not have an SpLD,3,3,3,2,3,2,3,3,4,3,2,4,2,2
a49d392a,England,English,Psychology,1st Year,18-21,Female/Woman,I do not have an SpLD,3,3,2,4,3,1,3,2,3,4,4,1,1,4
a65ffcf6,England,English,Psychology,1st Year,18-21,Female/Woman,I do not have an SpLD,3,3,3,3,3,2,3,3,3,2,2,3,3,2
a7a81152,England,English,Psychology,1st Year,18-21,Female/Woman,I do not have an SpLD,5,5,4,3,4,3,5,4,5,4,4,4,5,4
a900d7af,England,English,Psychology,1st Year,18-21,Female/Woman,I do not have an SpLD,3,2,2,2,5,1,4,2,4,2,1,3,2,1
aa8d2014,England,English,Psychology,1st Year,18-21,Male/Man,I do not have an SpLD,2,1,1,1,3,1,2,1,3,1,2,1,3,1
ab5cf1a8,England,English,Psychology,1st Year,18-21,Female/Woman,I do not have an SpLD,4,4,4,4,4,2,4,4,4,4,4,4,2,4
ac2f8a37,England,English,Psychology,1st Year,18-21,Female/Woman,I do not have an SpLD,4,2,4,2,4,2,4,3,4,5,5,2,5,5
aca7cf2f,England,English,Psychology,1st Year,18-21,Female/Woman,I do not have an SpLD,3,3,3,3,4,1,3,3,4,2,2,3,4,2
b00a31f2,England,English,Psychology,1st Year,18-21,Another Gender,I do not have an SpLD,4,3,2,2,4,1,4,3,3,5,5,3,2,5
b527686f,England,English,Psychology,1st Year,18-21,Male/Man,I do not have an SpLD,2,2,1,1,3,1,3,2,3,2,2,1,1,2
b84d4641,England,English,Psychology,1st Year,18-21,Male/Man,Dyslexia,1,3,3,2,4,4,5,3,1,3,2,2,2,1
bbb39460,England,English,Psychology,1st Year,18-21,Female/Woman,I do not have an SpLD,5,3,4,2,5,2,5,2,4,4,3,4,4,3
bc5a58f7,England,English,Psychology,1st Year,18-21,Female/Woman,I do not have an SpLD,3,4,2,4,5,1,5,4,5,4,4,3,3,3
bd8dd898,England,English,Psychology,1st Year,18-21,Female/Woman,I do not have an SpLD,2,1,1,1,2,1,4,1,3,1,2,2,2,1
bf0c4415,England,English,Psychology,1st Year,18-21,Female/Woman,I do not have an SpLD,4,5,4,5,4,3,4,4,4,4,2,4,4,1
c5cd7a60,England,English,Psychology,1st Year,18-21,Male/Man,I do not have an SpLD,2,1,2,1,4,1,3,2,3,1,3,1,3,2
c64c3d44,England,English,Psychology,1st Year,18-21,Female/Woman,NA,5,3,3,3,5,1,5,2,5,4,4,3,3,4
cc210a79,England,English,Psychology,1st Year,18-21,Male/Man,I do not have an SpLD,5,5,4,5,5,4,5,4,5,4,4,4,5,5
cf0d649d,England,English,Psychology,1st Year,18-21,Female/Woman,I do not have an SpLD,4,2,2,3,4,2,4,2,4,4,4,3,4,3
cf2d7c67,England,English,Psychology,1st Year,18-21,Female/Woman,I do not have an SpLD,2,3,4,2,3,2,4,2,3,1,1,3,2,2
f053cfc0,England,English,Psychology,1st Year,18-21,Female/Woman,I do not have an SpLD,4,2,3,4,4,3,3,2,1,2,2,3,3,2
f09cb61d,England,English,Psychology,1st Year,18-21,Male/Man,I do not have an SpLD,2,3,1,2,5,1,5,2,5,2,3,3,4,3
f16543d6,England,English,Psychology,1st Year,18-21,Male/Man,I do not have an SpLD,1,1,2,2,2,1,3,2,4,1,1,1,1,1
f1a7f7cc,England,English,Psychology,1st Year,18-21,Male/Man,I do not have an SpLD,3,2,3,2,4,3,4,2,4,3,2,3,3,3
f1f25a0a,England,English,Psychology,1st Year,18-21,Female/Woman,I do not have an SpLD,4,3,3,3,4,4,4,3,4,4,3,3,4,3
f43f28df,England,English,Psychology,1st Year,18-21,Female/Woman,I do not have an SpLD,5,5,5,5,5,5,5,5,5,5,4,5,5,5
f48bbc7c,England,English,Psychology,1st Year,18-21,Female/Woman,I do not have an SpLD,2,3,2,3,2,4,2,2,2,2,2,3,3,2
f4d2a63f,England,English,Psychology,1st Year,18-21,Female/Woman,I do not have an SpLD,4,5,4,2,5,2,4,3,4,2,3,4,2,3
f5c9d5c4,England,English,Psychology,1st Year,18-21,Female/Woman,Dyslexia,3,4,3,4,3,3,4,3,3,4,4,3,3,4
f8bcfc52,England,English,Psychology,1st Year,26+,Female/Woman,I do not have an SpLD,4,5,5,5,5,1,5,5,5,5,5,5,4,5
f99a125f,England,English,Psychology,1st Year,18-21,Female/Woman,I do not have an SpLD,4,2,3,2,5,2,5,3,5,2,2,2,2,2
fa2adfc4,England,English,Psychology,1st Year,18-21,Female/Woman,I do not have an SpLD,3,3,3,3,4,1,4,2,4,2,1,3,3,2
fad91606,England,English,Psychology,1st Year,18-21,Female/Woman,I do not have an SpLD,3,3,3,3,4,2,4,3,4,3,3,4,3,3
ff5a79b1,England,English,Psychology,1st Year,18-21,Female/Woman,I do not have an SpLD,3,2,2,3,3,1,3,2,3,1,1,3,2,1
00c90590,Italy,Non-English,Psychology,1st Year,18-21,Male/Man,I do not have an SpLD,3,2,2,1,4,1,2,2,3,3,3,4,3,1
16436310,Italy,Non-English,Psychology,1st Year,18-21,Female/Woman,I do not have an SpLD,3,3,3,3,3,4,3,4,5,4,4,3,2,2
170d8b68,Italy,Non-English,Psychology,1st Year,22-25,Female/Woman,I do not have an SpLD,3,2,1,1,4,3,2,2,5,2,1,3,1,1
19622644,Italy,Non-English,Psychology,1st Year,18-21,Female/Woman,"Dyslexia, ADHD/ADD, Dyscalculia, Dysgraphia/Dysorthography",2,2,5,1,3,1,3,5,5,3,3,3,5,2
24b31bf9,Italy,Non-English,Psychology,NA,NA,NA,NA,3,3,2,2,3,1,3,1,5,1,1,1,4,1
29290a40,Italy,Non-English,Psychology,2nd Year,18-21,Female/Woman,I do not have an SpLD,4,2,3,2,4,1,1,2,1,3,3,2,5,1
2d39187f,Italy,Non-English,Psychology,1st Year,18-21,Female/Woman,I do not have an SpLD,4,2,3,1,4,2,4,3,4,4,4,2,4,1
3494bd5a,Italy,Non-English,Psychology,1st Year,18-21,Female/Woman,Dyslexia,5,3,4,4,5,2,5,4,5,3,5,4,5,3
56774195,Italy,Non-English,Psychology,1st Year,18-21,Female/Woman,I do not have an SpLD,4,3,3,2,5,2,2,3,5,3,3,3,4,3
5793bdc9,Italy,Non-English,Psychology,2nd Year,22-25,Female/Woman,I do not have an SpLD,1,2,1,1,1,1,1,1,1,1,1,2,1,1
6623bd8f,Italy,Non-English,Psychology,1st Year,18-21,Female/Woman,"Dyslexia, Dyscalculia",2,2,3,2,5,2,3,2,4,2,2,2,2,1
738dad10,Italy,Non-English,Psychology,1st Year,18-21,Female/Woman,I do not have an SpLD,5,2,2,3,5,2,5,2,5,2,2,2,3,2
826314fa,Italy,Non-English,Psychology,2nd Year,22-25,Female/Woman,NA,2,1,4,1,2,2,3,3,2,4,4,2,2,2
83833cbf,Italy,Non-English,Psychology,1st Year,18-21,Female/Woman,I do not have an SpLD,2,1,1,1,3,1,1,1,3,1,1,2,1,1
918048f4,Italy,Non-English,Psychology,1st Year,18-21,Female/Woman,NA,4,2,1,1,5,1,2,1,5,3,3,2,3,1
92934f63,Italy,Non-English,Psychology,2nd Year,18-21,Female/Woman,I do not have an SpLD,1,1,4,1,4,1,3,1,4,1,1,1,4,1
a9f0b375,Italy,Non-English,Psychology,2nd Year,22-25,Female/Woman,I do not have an SpLD,4,2,2,1,3,1,1,4,4,2,1,1,2,1
acf29d59,Italy,Non-English,Psychology,1st Year,18-21,Female/Woman,I do not have an SpLD,3,4,2,2,3,3,3,2,4,4,3,3,3,1
b759086c,Italy,Non-English,Psychology,1st Year,18-21,Female/Woman,I do not have an SpLD,2,1,1,1,2,1,3,1,4,1,1,1,1,1
b90f3aa8,Italy,Non-English,Psychology,1st Year,18-21,Female/Woman,I do not have an SpLD,5,2,4,3,5,2,5,3,5,4,4,3,4,3
bd2f0b37,Italy,Non-English,Psychology,1st Year,18-21,Female/Woman,I do not have an SpLD,4,1,4,1,5,1,5,3,4,5,5,2,4,2
cc74f7d4,Italy,Non-English,Psychology,1st Year,18-21,Female/Woman,I do not have an SpLD,1,1,1,1,3,1,1,1,3,2,1,1,4,1
d46f8f06,Italy,Non-English,Psychology,1st Year,18-21,Female/Woman,I do not have an SpLD,2,3,2,2,5,3,3,4,5,1,1,3,4,1
d832f6f9,Italy,Non-English,Psychology,1st Year,22-25,Female/Woman,I do not have an SpLD,1,1,1,1,3,1,1,3,5,2,2,2,5,1
d87dc15f,Italy,Non-English,Psychology,1st Year,18-21,Female/Woman,I do not have an SpLD,2,1,2,2,3,1,1,1,3,1,1,2,2,1
f1086b51,Italy,Non-English,Psychology,2nd Year,22-25,Female/Woman,I do not have an SpLD,5,4,3,1,5,3,2,5,1,3,5,2,4,5
f334002f,Italy,Non-English,Psychology,1st Year,18-21,Female/Woman,I do not have an SpLD,4,3,3,4,5,4,1,2,5,1,2,4,2,2
f4f22fcf,Italy,Non-English,Psychology,1st Year,18-21,Female/Woman,I do not have an SpLD,2,3,4,2,3,5,1,3,5,5,4,5,3,2
f5459199,Italy,Non-English,Psychology,1st Year,18-21,Female/Woman,I do not have an SpLD,3,4,3,3,3,3,3,3,3,4,4,4,4,2
f72f6d53,Italy,Non-English,Psychology,1st Year,18-21,Another Gender,I do not have an SpLD,3,1,3,1,2,1,4,1,2,1,4,3,1,1
f876041d,Italy,Non-English,Psychology,1st Year,18-21,Female/Woman,I do not have an SpLD,4,2,4,3,5,2,3,4,5,4,4,2,3,3
f987f234,Italy,Non-English,Psychology,1st Year,18-21,Female/Woman,I do not have an SpLD,1,1,2,1,3,1,1,1,2,1,1,1,3,1
f9f65b80,Italy,Non-English,Psychology,2nd Year,18-21,Female/Woman,I do not have an SpLD,3,1,1,1,4,1,2,1,3,1,1,1,4,1
0289cb77,Australia,English,Psychology,1st Year,18-21,Female/Woman,I do not have an SpLD,2,3,3,2,4,1,4,2,2,3,4,3,2,4
039f7d07,Australia,English,Psychology,1st Year,26+,Male/Man,I do not have an SpLD,3,3,2,2,4,2,3,3,3,2,3,2,3,2
0488a2f6,Australia,English,Psychology,1st Year,18-21,Female/Woman,I do not have an SpLD,3,2,2,1,3,1,3,1,3,1,2,1,2,1
05fcfd14,Australia,English,Psychology,1st Year,22-25,Female/Woman,I do not have an SpLD,3,2,2,3,5,1,5,3,5,4,4,3,4,4
0a85c4f2,Australia,English,Education,1st Year,22-25,Female/Woman,I do not have an SpLD,5,2,3,2,5,1,5,3,5,2,5,2,2,4
0bff7175,Australia,English,Education,1st Year,18-21,Female/Woman,Dyslexia,5,5,5,5,5,5,5,5,5,5,5,5,5,5
0c885f0f,Australia,English,Psychology,1st Year,18-21,Male/Man,I do not have an SpLD,5,5,4,4,5,1,5,4,5,3,4,4,2,4
0f4bfa56,Australia,English,Psychology,1st Year,18-21,Male/Man,I do not have an SpLD,3,2,2,2,3,2,3,2,3,2,2,2,2,2
1002987f,Australia,English,Psychology,2nd Year,26+,Male/Man,I do not have an SpLD,1,1,1,1,3,1,3,1,2,2,2,2,2,2
11816a41,Australia,English,Psychology,1st Year,26+,Female/Woman,I do not have an SpLD,4,4,4,4,4,3,4,4,4,4,4,4,4,4
11fb761d,Australia,English,Psychology,1st Year,18-21,Female/Woman,I do not have an SpLD,5,4,4,4,5,4,4,4,4,5,5,5,5,5
1210a104,Australia,English,Psychology,1st Year,NA,Female/Woman,I do not have an SpLD,4,4,2,3,4,3,4,4,3,3,4,4,2,4
12db9754,Australia,English,Psychology,1st Year,18-21,Female/Woman,I do not have an SpLD,5,4,3,3,5,2,5,3,5,4,4,5,5,4
17f6095b,Australia,English,Business & Finance,3rd Year,26+,Female/Woman,I do not have an SpLD,1,1,1,1,2,1,1,1,1,3,3,1,1,3
1873b635,Australia,English,Psychology,1st Year,18-21,Female/Woman,Dyslexia,2,2,3,4,3,1,3,3,3,3,3,4,2,3
187751fc,Australia,English,Psychology,1st Year,18-21,Female/Woman,I do not have an SpLD,4,2,3,3,5,3,5,4,5,3,3,3,4,4
1b87a36f,Australia,English,Psychology,2nd Year,26+,Female/Woman,I do not have an SpLD,3,2,3,1,4,1,4,2,3,1,3,3,4,1
1bfa345b,Australia,English,Psychology,1st Year,26+,Female/Woman,I do not have an SpLD,5,1,2,1,5,1,5,1,5,3,3,3,5,3
1ca8d24d,Australia,English,Psychology,1st Year,18-21,Female/Woman,I do not have an SpLD,4,2,2,3,4,2,4,3,2,3,3,2,3,3
1ca97f8c,Australia,English,Psychology,2nd Year,22-25,Female/Woman,I do not have an SpLD,3,3,3,3,5,2,5,2,5,4,4,3,2,4
1d64b8d1,Australia,English,Social Sciences,1st Year,18-21,Female/Woman,I do not have an SpLD,3,2,2,2,4,3,4,2,3,3,2,2,4,2
1f2ba097,Australia,English,Psychology,1st Year,NA,Female/Woman,I do not have an SpLD,1,1,1,1,2,1,2,1,2,1,1,1,1,1
1f3536fc,Australia,English,Psychology,1st Year,18-21,Male/Man,I do not have an SpLD,5,1,1,2,5,1,5,2,5,3,2,2,3,2
1f4f17da,Australia,English,Psychology,1st Year,18-21,Female/Woman,I do not have an SpLD,5,3,5,5,4,2,5,5,5,5,5,5,3,3
1f5496db,Australia,English,Psychology,1st Year,18-21,Female/Woman,I do not have an SpLD,5,4,4,3,4,2,5,4,5,5,5,4,4,4
1f5fc46f,Australia,English,Psychology,1st Year,18-21,Female/Woman,I do not have an SpLD,4,2,3,3,4,2,4,2,4,3,2,3,4,3
1ffb8b66,Australia,English,Psychology,1st Year,22-25,Female/Woman,I do not have an SpLD,3,5,3,4,4,2,4,4,3,1,4,5,4,4
22798aaf,Australia,English,Psychology,2nd Year,26+,Female/Woman,"ADHD/ADD, Other - Autism Spectrum Disorder",3,2,2,1,4,1,4,2,4,3,3,2,2,3
22f9cf5c,Australia,English,Psychology,1st Year,NA,Female/Woman,I do not have an SpLD,2,1,2,1,3,1,3,2,2,2,1,1,2,1
23453912,Australia,English,Psychology,1st Year,18-21,Female/Woman,I do not have an SpLD,5,4,4,3,5,4,5,3,5,4,4,5,5,3
23970f3a,Australia,English,Psychology,1st Year,18-21,Female/Woman,I do not have an SpLD,1,1,1,1,4,1,3,2,3,4,3,1,4,2
24995ab4,Australia,English,Psychology,1st Year,NA,Female/Woman,I do not have an SpLD,2,3,3,3,2,1,2,4,2,3,3,4,4,2
2512f9bb,Australia,English,Psychology,1st Year,26+,Female/Woman,Other - Autism Spectrum Disorder,4,3,4,3,5,3,5,4,5,4,4,3,5,4
2680fc12,Australia,English,Psychology,2nd Year,18-21,Female/Woman,I do not have an SpLD,4,3,4,3,4,1,4,4,5,2,2,4,3,2
28916f36,Australia,English,Psychology,1st Year,26+,Female/Woman,I do not have an SpLD,5,5,3,5,5,2,5,1,5,1,1,5,1,1
28fc79c9,Australia,English,Psychology,1st Year,18-21,Female/Woman,I do not have an SpLD,4,2,2,2,5,2,5,2,5,4,4,3,3,4
29c30bdf,Australia,English,Psychology,1st Year,18-21,Female/Woman,I do not have an SpLD,4,2,2,2,4,2,4,2,4,3,3,2,2,2
29f4afaf,Australia,English,Psychology,2nd Year,26+,Female/Woman,I do not have an SpLD,5,4,5,4,5,3,5,5,5,5,5,5,5,5
2a7088a5,Australia,English,Psychology,1st Year,22-25,Female/Woman,I do not have an SpLD,2,2,2,1,2,2,4,2,2,3,1,2,2,2
2c89642c,Australia,English,Psychology,1st Year,18-21,Female/Woman,NA,5,5,4,4,5,5,5,5,5,4,3,5,5,5
2cfd1fc0,Australia,English,Psychology,1st Year,18-21,Female/Woman,I do not have an SpLD,4,3,3,3,5,2,5,2,5,3,3,3,3,3
300dfaf2,Australia,English,Psychology,1st Year,NA,Female/Woman,I do not have an SpLD,2,2,2,2,3,1,5,2,5,2,2,2,4,2
3072d6c7,Australia,English,Psychology,1st Year,18-21,Female/Woman,I do not have an SpLD,3,3,5,2,5,4,5,3,4,2,1,4,3,1
30ca1168,Australia,English,Psychology,1st Year,26+,Female/Woman,I do not have an SpLD,2,1,2,1,3,2,3,2,3,2,3,1,2,2
31f8adff,Australia,English,Psychology,1st Year,18-21,Female/Woman,I do not have an SpLD,4,3,4,3,4,4,3,3,3,4,3,3,4,4
352cfda4,Australia,English,Psychology,1st Year,18-21,Female/Woman,I do not have an SpLD,4,3,3,3,5,1,5,3,4,2,3,3,2,3
35878af9,Australia,English,Psychology,2nd Year,26+,Female/Woman,ADHD/ADD,3,3,3,2,4,2,4,5,3,1,1,4,3,1
39fa38d6,Australia,English,Psychology,1st Year,18-21,Female/Woman,I do not have an SpLD,5,4,3,4,5,3,5,4,5,4,3,4,4,4
39ff62d6,Australia,English,Psychology,1st Year,18-21,Female/Woman,I do not have an SpLD,5,3,4,3,5,3,5,3,5,5,5,4,5,5
41a17fca,Australia,English,Education,1st Year,18-21,Male/Man,I do not have an SpLD,2,2,2,2,2,2,2,2,2,2,2,2,3,2
41d6793f,Australia,English,Psychology,2nd Year,18-21,Female/Woman,I do not have an SpLD,5,4,5,3,5,3,5,5,5,3,4,4,3,4
42a2481f,Australia,English,Psychology,1st Year,26+,Female/Woman,I do not have an SpLD,5,4,4,3,5,3,5,4,5,4,5,4,3,4
431f6060,Australia,English,Social Sciences,1st Year,18-21,Female/Woman,Dyslexia,2,3,3,1,4,4,4,2,3,2,2,3,2,2
46bc3203,Australia,English,Psychology,1st Year,NA,Female/Woman,I do not have an SpLD,1,1,1,1,3,1,3,1,3,2,2,1,1,1
48cf8455,Australia,English,Psychology,1st Year,26+,Male/Man,NA,2,2,2,2,2,1,2,1,2,2,2,3,1,3
498f3aff,Australia,English,Psychology,1st Year,18-21,Female/Woman,I do not have an SpLD,1,2,3,2,3,1,3,3,4,2,3,3,1,2
49dfb6f6,Australia,English,Psychology,1st Year,18-21,Female/Woman,I do not have an SpLD,5,2,2,2,5,2,5,2,5,2,2,2,5,2
4a455da3,Australia,English,Psychology,1st Year,NA,Female/Woman,I do not have an SpLD,5,1,1,1,5,1,5,1,5,2,3,1,5,3
4aa5c871,Australia,English,Psychology,1st Year,18-21,Female/Woman,I do not have an SpLD,5,4,3,2,4,1,3,3,5,4,3,3,4,3
4c6368bf,Australia,English,Psychology,1st Year,26+,Female/Woman,I do not have an SpLD,5,4,4,4,5,1,5,4,5,2,4,5,5,4
4c92baf8,Australia,English,Psychology,1st Year,26+,Male/Man,I do not have an SpLD,1,1,1,1,2,1,2,3,2,2,1,1,4,2
4cf5376d,Australia,English,Psychology,1st Year,18-21,Female/Woman,I do not have an SpLD,2,2,2,3,3,1,4,2,4,2,1,3,4,2
4d28b8fd,Australia,English,Psychology,1st Year,18-21,Male/Man,ADHD/ADD,2,2,1,2,4,1,4,3,4,3,2,2,4,2
4d8b89af,Australia,English,Psychology,1st Year,18-21,Female/Woman,I do not have an SpLD,4,4,3,2,5,1,5,4,5,1,3,4,5,2
4f71f093,Australia,English,Psychology,2nd Year,26+,Male/Man,I do not have an SpLD,2,2,2,2,3,2,3,3,3,4,4,2,2,4
4fd31bd6,Australia,English,Psychology,1st Year,22-25,Female/Woman,ADHD/ADD,5,5,5,5,5,3,5,5,5,5,5,5,5,5
4ff2fd0c,Australia,English,Psychology,2nd Year,26+,Female/Woman,Other - Autism Spectrum Disorder,4,4,3,4,5,4,5,3,4,4,4,4,4,4
50cb08f6,Australia,English,Psychology,1st Year,18-21,Female/Woman,I do not have an SpLD,4,4,4,3,4,3,5,4,5,2,1,4,2,2
5311119f,Australia,English,Psychology,1st Year,18-21,Female/Woman,NA,2,1,3,3,4,1,4,2,5,1,1,2,3,1
550083f2,Australia,English,Psychology,1st Year,18-21,Female/Woman,I do not have an SpLD,2,1,2,2,4,2,3,2,3,2,2,1,3,3
558f6f8d,Australia,English,Psychology,1st Year,26+,Female/Woman,I do not have an SpLD,4,4,3,3,5,1,5,3,4,4,4,4,1,3
565f4c2a,Australia,English,Psychology,1st Year,22-25,Male/Man,I do not have an SpLD,2,2,2,1,2,1,3,2,2,2,3,2,3,3
56c7d561,Australia,English,Psychology,1st Year,22-25,Male/Man,I do not have an SpLD,3,4,2,3,5,1,5,2,5,5,5,4,4,4
577b6329,Australia,English,Psychology,4th Year,22-25,Female/Woman,I do not have an SpLD,3,1,1,1,4,1,4,3,4,5,5,1,4,5
5af65caa,Australia,English,Psychology,1st Year,NA,Female/Woman,I do not have an SpLD,3,4,4,4,4,3,3,4,3,5,4,4,4,4
5d84c26a,Australia,English,Psychology,2nd Year,26+,Male/Man,I do not have an SpLD,2,2,2,2,2,1,2,1,1,1,1,2,2,1
5f324c83,Australia,English,Psychology,1st Year,18-21,Female/Woman,I do not have an SpLD,4,4,2,3,4,4,5,4,4,5,2,4,5,2
5f4694cf,Australia,English,Psychology,1st Year,18-21,Female/Woman,ADHD/ADD,4,3,4,2,5,2,4,3,5,4,4,3,3,4
601ffb22,Australia,English,Psychology,1st Year,26+,Male/Man,I do not have an SpLD,5,2,4,2,5,1,5,5,5,4,4,4,5,3
60a53a1c,Australia,English,Psychology,1st Year,18-21,Female/Woman,I do not have an SpLD,3,2,2,3,3,2,3,2,3,2,2,3,3,2
616afc4b,Australia,English,Social Sciences,1st Year,NA,Female/Woman,I do not have an SpLD,4,2,3,1,3,1,3,3,4,2,1,1,2,2
62f524df,Australia,English,Psychology,1st Year,18-21,Male/Man,I do not have an SpLD,3,1,2,1,3,1,2,2,3,2,1,1,2,1
68fdf355,Australia,English,Psychology,1st Year,22-25,Female/Woman,I do not have an SpLD,5,2,4,5,5,2,5,3,5,3,3,5,2,3
69c37cf5,Australia,English,Social Sciences,1st Year,18-21,Male/Man,I do not have an SpLD,2,2,2,1,3,1,2,3,2,2,2,1,2,2
6b35f13b,Australia,English,Psychology,1st Year,18-21,Female/Woman,I do not have an SpLD,4,1,4,2,5,3,5,3,3,2,3,2,3,2
6f4691c4,Australia,English,Psychology,1st Year,18-21,Female/Woman,I do not have an SpLD,3,2,2,3,4,2,4,2,5,3,3,3,4,2
7179b401,Australia,English,Psychology,1st Year,18-21,Male/Man,I do not have an SpLD,4,2,1,1,2,2,4,1,4,1,2,1,5,2
71c19670,Australia,English,Psychology,2nd Year,26+,Female/Woman,I do not have an SpLD,3,4,3,2,4,1,4,2,3,1,2,3,2,1
728b182b,Australia,English,Psychology,1st Year,18-21,Female/Woman,NA,3,2,3,3,5,2,5,1,4,3,3,3,1,3
72a17a09,Australia,English,Psychology,1st Year,26+,Female/Woman,I do not have an SpLD,4,1,1,1,4,2,4,2,4,3,4,1,1,4
768aaf03,Australia,English,Psychology,1st Year,NA,Female/Woman,I do not have an SpLD,5,5,5,5,5,5,5,5,5,4,1,5,5,3
776115fc,Australia,English,Psychology,1st Year,18-21,Female/Woman,I do not have an SpLD,2,2,4,2,5,2,5,3,4,2,2,2,5,2
7792f013,Australia,English,Psychology,1st Year,18-21,Female/Woman,I do not have an SpLD,4,4,4,3,5,3,5,3,5,2,4,4,5,3
77d08fab,Australia,English,Psychology,1st Year,18-21,Female/Woman,I do not have an SpLD,4,4,4,5,5,1,4,3,4,4,5,5,3,5
78aa68da,Australia,English,Psychology,2nd Year,26+,Male/Man,I do not have an SpLD,5,5,4,3,5,1,5,4,5,4,4,5,4,3
790ff675,Australia,English,Psychology,1st Year,18-21,Female/Woman,I do not have an SpLD,4,3,3,2,4,2,5,3,4,2,2,2,2,2
7a01711f,Australia,English,Psychology,1st Year,22-25,Female/Woman,I do not have an SpLD,3,3,3,4,4,2,4,3,4,1,3,4,4,3
7b8ac219,Australia,English,Psychology,1st Year,26+,Female/Woman,I do not have an SpLD,3,4,4,3,5,3,5,4,5,4,4,5,4,3
7c26f4f1,Australia,English,Psychology,1st Year,18-21,Female/Woman,I do not have an SpLD,4,4,3,4,5,2,4,2,5,2,3,4,2,3
7f020584,Australia,English,Psychology,1st Year,18-21,Female/Woman,I do not have an SpLD,2,2,3,1,5,1,5,1,2,2,3,2,3,2
7f223167,Australia,English,Psychology,1st Year,18-21,Female/Woman,I do not have an SpLD,3,2,4,2,4,4,5,4,5,2,2,2,2,4
7ff1ddc8,Australia,English,Psychology,1st Year,18-21,Female/Woman,I do not have an SpLD,4,5,5,2,4,1,5,1,5,5,4,4,3,3
802cdf74,Australia,English,Business & Finance,1st Year,18-21,Female/Woman,I do not have an SpLD,4,1,1,1,2,1,2,1,2,2,1,1,1,1
8064309c,Australia,English,Psychology,1st Year,26+,Female/Woman,I do not have an SpLD,1,2,2,2,3,1,3,1,3,1,1,3,2,1
80d19f3b,Australia,English,Psychology,1st Year,NA,Female/Woman,I do not have an SpLD,4,4,5,3,5,2,5,4,5,5,5,5,3,5
827994f4,Australia,English,Psychology,1st Year,18-21,Female/Woman,I do not have an SpLD,5,4,4,3,5,2,5,4,5,3,2,5,5,3
877b0b73,Australia,English,Social Sciences,1st Year,18-21,Female/Woman,I do not have an SpLD,3,3,1,2,5,2,4,2,4,4,3,3,4,3
87b33cf5,Australia,English,Psychology,2nd Year,26+,Female/Woman,I do not have an SpLD,3,2,2,2,4,1,4,2,4,2,2,2,3,2
886f7bcd,Australia,English,Psychology,2nd Year,NA,Female/Woman,I do not have an SpLD,1,1,1,1,2,1,2,1,1,3,1,1,2,1
88f08f7f,Australia,English,Psychology,1st Year,18-21,Female/Woman,I do not have an SpLD,3,2,3,3,5,4,4,2,4,1,1,2,4,1
896f6af1,Australia,English,Psychology,2nd Year,26+,Female/Woman,I do not have an SpLD,1,2,2,2,2,1,1,1,2,1,2,2,1,1
89da7af9,Australia,English,Psychology,1st Year,18-21,Female/Woman,I do not have an SpLD,3,1,2,1,3,1,3,3,2,2,2,1,1,2
89dc87f4,Australia,English,Psychology,1st Year,18-21,Female/Woman,I do not have an SpLD,3,3,2,3,4,2,3,2,3,4,3,2,3,3
8ac12767,Australia,English,Psychology,1st Year,18-21,Female/Woman,I do not have an SpLD,2,2,1,3,4,1,4,2,4,3,3,3,1,3
8ca96fc0,Australia,English,Psychology,1st Year,18-21,Female/Woman,Dyslexia,4,4,4,2,4,2,5,2,4,1,2,3,4,2
8dcff0f4,Australia,English,Psychology,1st Year,18-21,Female/Woman,NA,5,4,3,3,5,3,5,2,5,5,5,5,4,3
90210199,Australia,English,Psychology,1st Year,18-21,Female/Woman,I do not have an SpLD,4,3,3,5,5,2,5,3,5,4,4,3,4,3
90ff6ff2,Australia,English,Psychology,1st Year,18-21,Female/Woman,I do not have an SpLD,5,3,4,4,5,5,5,1,5,5,5,3,5,5
91d598f9,Australia,English,Psychology,2nd Year,26+,Male/Man,ADHD/ADD,1,1,1,1,2,1,2,2,1,1,1,1,3,1
9204800f,Australia,English,Psychology,1st Year,18-21,Male/Man,I do not have an SpLD,4,2,3,2,4,3,5,3,4,4,3,2,4,3
92fa2528,Australia,English,Psychology,1st Year,18-21,Female/Woman,I do not have an SpLD,4,3,3,2,5,2,5,3,5,2,3,3,3,2
934381b9,Australia,English,Psychology,2nd Year,26+,Female/Woman,I do not have an SpLD,3,5,4,4,4,2,4,3,4,4,3,5,4,3
94c0bfc7,Australia,English,Psychology,1st Year,18-21,Male/Man,I do not have an SpLD,1,2,2,3,1,2,1,2,1,1,1,3,1,1
9605182b,Australia,English,Psychology,1st Year,18-21,Female/Woman,I do not have an SpLD,4,1,2,1,4,2,3,2,4,1,1,1,1,1
9841b7f4,Australia,English,Psychology,1st Year,NA,Female/Woman,I do not have an SpLD,2,2,3,1,2,1,2,3,2,2,3,2,4,2
992f0c91,Australia,English,Psychology,1st Year,22-25,Female/Woman,I do not have an SpLD,2,1,2,1,4,1,4,1,5,1,1,2,2,1
9b441bf5,Australia,English,Psychology,1st Year,26+,Male/Man,I do not have an SpLD,4,1,2,1,5,1,5,2,5,2,4,1,3,4
9f3f1400,Australia,English,Psychology,2nd Year,26+,Female/Woman,I do not have an SpLD,1,1,2,1,2,1,2,1,2,1,1,2,2,1
9f74db0d,Australia,English,Psychology,1st Year,18-21,Female/Woman,I do not have an SpLD,3,5,4,4,4,3,5,4,5,3,4,5,3,4
a0873dbd,Australia,English,Psychology,1st Year,18-21,Female/Woman,I do not have an SpLD,3,3,4,2,3,1,4,3,3,5,3,3,2,3
a483b8a9,Australia,English,Psychology,2nd Year,26+,Male/Man,I do not have an SpLD,2,3,2,2,2,1,2,2,2,4,4,2,2,3
a71851ba,Australia,English,Psychology,1st Year,18-21,Female/Woman,I do not have an SpLD,3,4,3,4,5,3,3,4,4,2,2,4,3,1
a72f8844,Australia,English,Psychology,1st Year,18-21,Female/Woman,I do not have an SpLD,4,5,3,5,5,4,5,4,5,3,3,3,5,2
a77fd286,Australia,English,Psychology,1st Year,18-21,Male/Man,I do not have an SpLD,4,2,2,2,4,1,5,3,5,4,3,2,5,3
a965a1af,Australia,English,Psychology,2nd Year,26+,Male/Man,I do not have an SpLD,2,3,2,3,5,2,3,4,3,5,4,3,5,4
aa516c20,Australia,English,Psychology,1st Year,18-21,Another Gender,I do not have an SpLD,3,3,2,2,5,2,5,2,3,2,3,2,2,2
ab804ff1,Australia,English,Psychology,1st Year,18-21,Male/Man,I do not have an SpLD,4,4,4,3,5,3,5,4,5,3,3,3,4,3
abf857a0,Australia,English,Psychology,1st Year,18-21,Male/Man,I do not have an SpLD,5,4,5,4,5,5,5,5,4,4,5,5,4,5
aca2ff17,Australia,English,Psychology,1st Year,NA,Female/Woman,I do not have an SpLD,4,3,4,4,5,2,5,4,4,4,5,3,3,4
acc87f7a,Australia,English,Education,1st Year,NA,Female/Woman,ADHD/ADD,5,4,4,4,5,1,5,4,5,5,5,4,2,4
b0a2c91a,Australia,English,Psychology,2nd Year,26+,Female/Woman,NA,2,2,2,2,5,2,5,3,4,3,3,3,3,3
b2768c84,Australia,English,Psychology,1st Year,18-21,Female/Woman,I do not have an SpLD,5,5,4,2,5,1,4,2,4,5,2,3,4,2
b38f7778,Australia,English,Psychology,1st Year,18-21,Female/Woman,I do not have an SpLD,3,3,3,2,3,2,4,3,3,2,3,4,3,2
b5b9f6ff,Australia,English,Psychology,1st Year,18-21,Female/Woman,I do not have an SpLD,5,2,1,2,5,1,5,2,5,3,3,2,5,2
b5b9fb66,Australia,English,Psychology,1st Year,26+,Female/Woman,NA,2,2,3,2,2,1,5,2,4,2,1,2,3,2
b7c9fcbb,Australia,English,Education,1st Year,18-21,Female/Woman,NA,4,2,4,2,4,1,4,1,5,3,3,3,3,3
b89b25b4,Australia,English,Psychology,1st Year,26+,Female/Woman,I do not have an SpLD,4,3,2,4,5,3,5,2,5,4,4,4,5,4
b92091da,Australia,English,Psychology,2nd Year,22-25,Female/Woman,I do not have an SpLD,3,3,4,4,3,4,4,3,4,3,4,3,3,3
bb001ca5,Australia,English,Psychology,1st Year,18-21,Female/Woman,I do not have an SpLD,5,4,3,3,5,5,5,4,5,3,2,4,4,2
bba0d68a,Australia,English,Psychology,1st Year,18-21,Female/Woman,I do not have an SpLD,3,1,1,1,3,1,1,2,5,3,2,1,4,2
bcf339f6,Australia,English,Psychology,1st Year,NA,Female/Woman,I do not have an SpLD,2,2,3,2,5,2,4,4,4,2,3,2,4,2
bf6281cf,Australia,English,Psychology,1st Year,NA,Female/Woman,I do not have an SpLD,4,4,3,4,4,3,4,4,5,2,2,4,4,4
bf7fb68a,Australia,English,Psychology,1st Year,18-21,Male/Man,I do not have an SpLD,2,2,1,3,3,1,3,3,3,2,3,3,2,3
c0a05a65,Australia,English,Psychology,1st Year,18-21,Female/Woman,I do not have an SpLD,5,2,2,1,5,1,5,3,5,5,5,3,5,5
c0f77032,Australia,English,Psychology,1st Year,18-21,Female/Woman,I do not have an SpLD,3,2,3,1,5,1,5,3,5,2,4,2,2,3
c0f9162a,Australia,English,Psychology,1st Year,18-21,Female/Woman,I do not have an SpLD,5,2,2,1,5,1,5,2,5,2,2,1,4,2
c23d971c,Australia,English,Psychology,1st Year,18-21,Female/Woman,I do not have an SpLD,2,3,3,2,3,3,3,3,2,2,3,3,4,3
c4579a26,Australia,English,Psychology,1st Year,26+,Female/Woman,I do not have an SpLD,2,2,2,1,3,1,2,1,2,1,2,2,1,1
c516507d,Australia,English,Education,1st Year,NA,Female/Woman,I do not have an SpLD,4,3,3,2,4,2,4,3,4,2,4,3,2,3
c5c6678f,Australia,English,Psychology,1st Year,26+,Female/Woman,I do not have an SpLD,4,2,2,2,5,1,5,2,5,2,2,2,3,2
c977dc5c,Australia,English,Psychology,1st Year,18-21,Female/Woman,I do not have an SpLD,4,3,4,4,5,1,4,3,2,2,2,4,3,2
c9c52cac,Australia,English,Psychology,2nd Year,26+,Female/Woman,I do not have an SpLD,5,4,5,4,5,3,5,4,5,4,4,4,4,4
cc364f6a,Australia,English,Psychology,1st Year,26+,Male/Man,I do not have an SpLD,3,1,2,2,4,1,3,2,4,3,3,2,3,3
cf82920c,Australia,English,Psychology,1st Year,26+,Male/Man,I do not have an SpLD,4,2,3,3,4,2,4,3,4,2,2,3,3,2
d3ff51b5,Australia,English,Social Sciences,1st Year,18-21,Female/Woman,I do not have an SpLD,3,2,4,2,4,1,4,3,4,5,4,2,3,4
d43c5fa4,Australia,English,Psychology,1st Year,18-21,Female/Woman,I do not have an SpLD,5,5,3,5,5,3,5,5,5,4,4,4,4,5
da083252,Australia,English,Psychology,1st Year,NA,Female/Woman,I do not have an SpLD,3,3,3,3,5,3,4,3,4,2,2,4,3,2
db27c21c,Australia,English,Psychology,1st Year,18-21,Female/Woman,I do not have an SpLD,5,3,2,3,4,2,5,3,5,1,2,4,3,1
dd0993dc,Australia,English,Social Sciences,1st Year,26+,Female/Woman,I do not have an SpLD,3,5,3,2,4,1,3,4,3,2,1,2,5,2
dd13d574,Australia,English,Psychology,1st Year,26+,Female/Woman,I do not have an SpLD,4,3,4,4,4,3,3,1,4,2,3,2,3,3
df4c8505,Australia,English,Psychology,1st Year,22-25,Female/Woman,I do not have an SpLD,4,5,4,5,5,5,5,4,5,4,5,5,4,4
f0fd1100,Australia,English,Psychology,NA,NA,NA,NA,4,4,4,3,4,3,4,3,4,2,2,4,5,2
f158a54f,Australia,English,Psychology,1st Year,18-21,Female/Woman,I do not have an SpLD,4,1,2,1,3,1,4,3,2,3,3,4,2,1
f164bf15,Australia,English,Business & Finance,3rd Year,18-21,Female/Woman,ADHD/ADD,4,3,5,3,5,1,5,3,5,4,4,4,5,2
f26f3a4f,Australia,English,Psychology,1st Year,NA,Female/Woman,I do not have an SpLD,3,2,4,3,4,1,4,3,4,2,4,2,2,4
f286258c,Australia,English,Psychology,2nd Year,22-25,Female/Woman,I do not have an SpLD,4,2,4,4,5,2,5,4,5,4,2,5,5,2
f32c549f,Australia,English,Psychology,1st Year,18-21,Female/Woman,I do not have an SpLD,2,3,4,3,5,3,5,2,5,2,4,4,2,2
f453a436,Australia,English,Psychology,1st Year,18-21,Female/Woman,I do not have an SpLD,5,4,5,4,5,4,5,5,5,4,4,4,5,4
f51faf5c,Australia,English,Psychology,1st Year,18-21,Female/Woman,I do not have an SpLD,4,1,2,1,5,3,4,1,5,1,1,2,4,1
f5235f21,Australia,English,Psychology,1st Year,18-21,Female/Woman,I do not have an SpLD,5,3,4,1,5,2,5,2,5,3,2,3,5,2
f5740cd3,Australia,English,Psychology,1st Year,18-21,Female/Woman,I do not have an SpLD,2,3,3,3,3,1,3,2,2,3,3,3,3,3
f5a3c162,Australia,English,Psychology,1st Year,26+,Female/Woman,I do not have an SpLD,3,3,4,3,5,2,5,3,5,4,5,3,3,3
f64f0712,Australia,English,Psychology,1st Year,18-21,Female/Woman,I do not have an SpLD,5,3,4,2,5,2,4,4,5,4,4,3,5,4
f6c2191f,Australia,English,Psychology,1st Year,18-21,Female/Woman,I do not have an SpLD,4,1,1,1,4,1,5,3,5,5,5,1,5,4
f744f53b,Australia,English,Psychology,2nd Year,26+,Female/Woman,I do not have an SpLD,5,4,4,5,5,1,5,4,5,4,4,4,5,4
f7f38bc8,Australia,English,Psychology,1st Year,26+,Female/Woman,I do not have an SpLD,2,4,4,4,3,2,4,3,4,2,2,3,4,2
f82cc503,Australia,English,Psychology,2nd Year,26+,Female/Woman,I do not have an SpLD,2,2,2,3,4,2,2,2,3,1,1,3,2,1
f841ffa3,Australia,English,Psychology,1st Year,18-21,Female/Woman,I do not have an SpLD,2,3,3,3,5,3,5,2,5,4,4,2,4,3
f8699d92,Australia,English,Psychology,1st Year,18-21,Female/Woman,I do not have an SpLD,5,3,3,2,5,3,5,3,5,2,3,3,5,3
f9b149d9,Australia,English,Psychology,1st Year,18-21,Female/Woman,I do not have an SpLD,4,4,5,4,5,5,4,4,4,3,2,5,2,2
f9b6f186,Australia,English,Psychology,1st Year,NA,Female/Woman,I do not have an SpLD,3,3,2,3,4,1,4,3,3,5,5,3,4,4
fb8a4cca,Australia,English,Psychology,1st Year,18-21,Female/Woman,ADHD/ADD,3,2,2,1,3,1,3,2,2,2,2,1,1,2
fba1096f,Australia,English,Psychology,1st Year,26+,Female/Woman,I do not have an SpLD,4,3,1,2,4,2,4,3,4,1,2,2,4,1
fbdcc0ff,Australia,English,Psychology,1st Year,18-21,Female/Woman,I do not have an SpLD,4,4,4,3,5,1,5,4,5,2,2,3,4,2
fc75d58d,Australia,English,Psychology,1st Year,26+,Female/Woman,I do not have an SpLD,4,4,1,3,5,3,5,2,5,2,2,4,4,3
ffdfbd84,Australia,English,Psychology,1st Year,18-21,Female/Woman,NA,4,2,1,4,5,3,4,2,4,2,4,4,4,3
fff3112f,Australia,English,Psychology,2nd Year,22-25,Female/Woman,I do not have an SpLD,4,4,3,4,5,4,4,3,3,1,3,4,3,1
0239f9a2,England,English,Psychology,1st Year,18-21,Female/Woman,I do not have an SpLD,4,2,3,2,5,3,5,2,5,2,2,3,4,2
075cf5da,England,English,Psychology,1st Year,18-21,Female/Woman,I do not have an SpLD,3,2,3,2,4,5,5,3,4,2,4,2,4,3
3a94993c,England,English,Psychology,2nd Year,18-21,Female/Woman,I do not have an SpLD,4,2,2,2,5,2,5,2,4,4,3,2,5,3
4065b8f0,England,English,Psychology,2nd Year,18-21,Male/Man,I do not have an SpLD,4,2,2,2,4,3,5,3,5,3,2,2,4,2
40f3433b,England,English,Psychology,1st Year,26+,Female/Woman,I do not have an SpLD,4,4,3,3,5,3,5,2,4,2,2,3,2,2
507b5f6f,England,English,Psychology,1st Year,18-21,Female/Woman,I do not have an SpLD,4,3,4,1,5,1,5,5,5,4,5,3,5,4
599f9854,England,English,Psychology,1st Year,18-21,Female/Woman,I do not have an SpLD,4,2,2,2,3,1,2,2,2,1,1,2,2,1
6d918cf2,England,English,Psychology,2nd Year,18-21,Female/Woman,I do not have an SpLD,4,4,2,3,4,4,3,3,4,3,3,4,3,2
6ff87035,England,English,Psychology,2nd Year,18-21,Male/Man,I do not have an SpLD,3,3,3,2,3,3,3,2,4,3,3,4,3,3
7df42f95,England,English,Psychology,2nd Year,18-21,Female/Woman,I do not have an SpLD,4,2,3,1,5,2,2,3,5,2,1,3,3,1
8adfd522,England,English,Psychology,3rd Year,18-21,Female/Woman,I do not have an SpLD,5,4,3,3,5,4,4,4,5,5,4,5,5,4
93fba1af,England,English,Psychology,3rd Year,18-21,Female/Woman,I do not have an SpLD,4,3,3,3,4,1,5,3,4,1,1,3,3,1
9611bdda,England,English,Psychology,2nd Year,18-21,Female/Woman,"Dyslexia, Other - Redacted",5,3,3,3,5,3,5,3,4,5,4,5,4,4
9f9bfaa2,England,English,Psychology,1st Year,18-21,Female/Woman,I do not have an SpLD,3,5,3,5,4,3,4,4,4,1,1,5,2,1
a47aab0d,England,English,Psychology,3rd Year,18-21,Male/Man,I do not have an SpLD,2,4,3,3,3,3,4,3,3,2,3,5,4,1
a6c583d2,England,English,Psychology,1st Year,18-21,Another Gender,NA,5,2,3,3,5,2,5,5,4,5,4,5,5,5
a921fa31,England,English,Psychology,2nd Year,18-21,Female/Woman,I do not have an SpLD,5,5,5,5,5,5,5,5,5,5,5,4,4,5
b693fb84,England,English,Psychology,2nd Year,18-21,Male/Man,I do not have an SpLD,3,2,2,2,3,2,3,2,3,3,3,1,2,2
bfb1cf4d,England,English,Psychology,2nd Year,18-21,Female/Woman,I do not have an SpLD,4,4,4,4,5,2,5,4,5,3,4,4,4,5
c54fa2a1,England,English,Psychology,2nd Year,18-21,Female/Woman,I do not have an SpLD,5,5,5,4,5,2,5,4,5,4,3,5,4,3
d8b1f40f,England,English,Psychology,2nd Year,18-21,Female/Woman,I do not have an SpLD,4,4,3,3,5,3,2,4,5,1,2,4,4,1
f40d54df,England,English,Psychology,2nd Year,18-21,Female/Woman,I do not have an SpLD,5,3,4,4,5,3,5,3,5,3,4,4,5,4
f5508fbc,England,English,Psychology,3rd Year,18-21,Female/Woman,I do not have an SpLD,4,3,4,3,5,2,5,3,5,2,2,3,3,3
f8a89b18,England,English,Psychology,2nd Year,18-21,Female/Woman,I do not have an SpLD,4,3,3,2,4,2,5,2,4,3,4,2,4,2
fa66b457,England,English,Psychology,2nd Year,18-21,Male/Man,I do not have an SpLD,2,4,1,2,4,2,2,2,4,1,4,2,3,2
ffc67177,England,English,Psychology,NA,18-21,Female/Woman,NA,4,4,2,4,5,4,4,5,4,5,5,5,5,4
008cc902,Canada,English,Business & Finance,3rd Year,18-21,Female/Woman,I do not have an SpLD,3,2,4,3,4,2,4,3,4,4,4,4,4,3
1110bf15,Canada,English,Psychology,2nd Year,18-21,Female/Woman,I do not have an SpLD,3,2,1,2,3,2,3,1,4,1,1,2,1,1
212d8f00,Canada,English,Psychology,4th Year,18-21,Another Gender,ADHD/ADD,5,3,4,3,5,2,5,4,5,5,5,3,3,4
21b6d029,Canada,English,Psychology,NA,22-25,Female/Woman,I do not have an SpLD,2,2,1,1,5,3,5,1,5,5,4,1,4,2
2483d3d6,Canada,English,Psychology,3rd Year,18-21,Female/Woman,NA,2,1,2,1,3,4,3,2,3,1,1,2,2,1
2873fff2,Canada,English,Psychology,2nd Year,18-21,Female/Woman,I do not have an SpLD,3,2,2,1,4,1,3,3,4,3,2,3,2,2
2db26439,Canada,English,Psychology,NA,NA,NA,NA,3,1,1,1,2,1,2,1,1,1,1,1,1,1
2f9cf606,Canada,English,Business & Finance,4th Year,26+,Female/Woman,I do not have an SpLD,2,1,2,1,3,1,4,1,3,2,3,1,1,2
352163f6,Canada,English,Business & Finance,NA,NA,NA,NA,5,4,4,3,4,3,4,3,4,3,4,2,3,5
391acb30,Canada,English,Psychology,2nd Year,18-21,Female/Woman,I do not have an SpLD,2,1,2,2,3,2,3,3,3,3,2,3,1,1
3f00c5b9,Canada,English,Psychology,3rd Year,22-25,Female/Woman,I do not have an SpLD,2,2,2,2,4,1,5,2,4,4,3,3,4,3
43c39436,Canada,English,Psychology,3rd Year,18-21,Female/Woman,I do not have an SpLD,3,2,3,1,3,2,3,3,2,3,3,1,1,3
43f36154,Canada,English,Psychology,4th Year,22-25,Another Gender,I do not have an SpLD,3,1,2,1,5,1,5,2,5,5,5,1,5,4
4acf2634,Canada,English,Psychology,4th Year,18-21,Female/Woman,I do not have an SpLD,2,1,4,2,2,1,4,3,4,3,3,2,3,3
52938672,Canada,English,Business & Finance,2nd Year,18-21,Male/Man,I do not have an SpLD,3,1,1,1,4,1,3,3,2,2,2,1,2,2
5610f5f3,Canada,English,Psychology,4th Year,18-21,Female/Woman,I do not have an SpLD,2,2,1,2,2,2,2,3,2,1,1,2,1,1
56681432,Canada,English,Business & Finance,2nd Year,18-21,Female/Woman,I do not have an SpLD,2,2,3,1,3,1,3,1,3,1,1,3,3,1
580f5f73,Canada,English,Business & Finance,4th Year,18-21,Female/Woman,I do not have an SpLD,3,3,4,4,3,3,3,1,1,1,1,5,3,3
5dcf1f0a,Canada,English,Psychology,3rd Year,18-21,Female/Woman,I do not have an SpLD,2,2,2,2,4,1,5,2,2,3,3,1,3,4
5fa9f361,Canada,English,Psychology,3rd Year,26+,Male/Man,I do not have an SpLD,2,1,2,1,4,1,1,1,3,1,1,1,3,1
5fbfd07b,Canada,English,Psychology,4th Year,22-25,Female/Woman,I do not have an SpLD,4,4,4,4,5,2,4,3,5,4,4,4,3,3
63cf1306,Canada,English,Psychology,4th Year,22-25,Female/Woman,ADHD/ADD,3,5,5,4,5,5,5,4,5,4,4,5,3,3
65fd2087,Canada,English,Psychology,4th Year,26+,Male/Man,I do not have an SpLD,2,2,4,2,4,1,4,2,4,2,3,3,2,2
6b905684,Canada,English,Psychology,3rd Year,22-25,Female/Woman,I do not have an SpLD,5,5,5,1,5,4,4,5,3,4,5,3,2,5
6d51c88c,Canada,English,Psychology,2nd Year,18-21,Female/Woman,I do not have an SpLD,4,4,3,2,5,1,5,1,3,2,2,3,5,2
6f6cddf3,Canada,English,Psychology,3rd Year,18-21,Female/Woman,I do not have an SpLD,4,2,3,2,5,2,4,3,4,2,2,3,3,2
701b7879,Canada,English,Psychology,4th Year,22-25,Male/Man,ADHD/ADD,2,4,3,2,4,1,2,5,4,3,4,3,1,4
750341f2,Canada,English,Psychology,3rd Year,18-21,Female/Woman,I do not have an SpLD,4,2,3,1,4,1,4,3,4,4,4,2,4,4
7797ff93,Canada,English,Psychology,4th Year,22-25,Female/Woman,NA,3,3,3,2,4,3,4,2,4,3,2,3,2,2
77fbbf10,Canada,English,Business & Finance,3rd Year,22-25,Female/Woman,I do not have an SpLD,5,3,5,4,4,1,4,3,5,3,3,3,3,3
7dfab74b,Canada,English,Psychology,4th Year,22-25,Female/Woman,I do not have an SpLD,3,1,2,2,3,1,3,1,2,4,2,2,1,5
7f8f5b5d,Canada,English,Psychology,4th Year,22-25,Female/Woman,I do not have an SpLD,4,4,4,4,5,3,5,4,5,4,4,2,4,3
823794fa,Canada,English,Psychology,4th Year,22-25,Male/Man,I do not have an SpLD,2,3,2,2,4,1,2,2,4,2,2,2,1,3
8b218999,Canada,English,Psychology,4th Year,18-21,Female/Woman,I do not have an SpLD,3,4,3,2,4,3,4,4,4,4,4,2,5,3
8f912567,Canada,English,Psychology,3rd Year,18-21,Female/Woman,I do not have an SpLD,3,2,2,2,4,1,4,3,3,3,3,2,4,5
9dbcbd6f,Canada,English,Psychology,2nd Year,18-21,Female/Woman,I do not have an SpLD,2,2,1,1,3,2,1,2,1,2,2,1,2,2
a383f707,Canada,English,Business & Finance,2nd Year,18-21,Female/Woman,I do not have an SpLD,3,3,3,1,4,1,3,3,3,1,1,2,3,1
a3ff49bf,Canada,English,Business & Finance,3rd Year,18-21,Female/Woman,I do not have an SpLD,4,3,3,2,5,3,5,3,3,2,3,3,1,2
a7427f4a,Canada,English,Psychology,2nd Year,18-21,Female/Woman,I do not have an SpLD,3,3,3,2,3,1,1,2,3,3,3,3,4,2
aa864c9a,Canada,English,Psychology,2nd Year,18-21,Male/Man,I do not have an SpLD,2,2,2,2,3,3,3,2,2,2,2,3,2,1
aa8bdd67,Canada,English,Psychology,3rd Year,18-21,Female/Woman,I do not have an SpLD,4,2,2,2,4,1,4,2,4,2,2,2,3,2
ab8f3642,Canada,English,Business & Finance,4th Year,18-21,Male/Man,I do not have an SpLD,4,4,4,3,4,2,4,4,4,4,4,4,4,3
b2127f82,Canada,English,Psychology,NA,NA,NA,NA,2,1,1,1,3,1,2,1,3,1,4,1,1,1
b5f6fc55,Canada,English,Psychology,3rd Year,22-25,Female/Woman,I do not have an SpLD,3,2,2,1,3,1,2,3,2,2,1,3,3,4
bda9c40f,Canada,English,Business & Finance,3rd Year,18-21,Female/Woman,I do not have an SpLD,5,4,4,4,5,1,5,3,5,4,3,3,5,2
c9417c32,Canada,English,Business & Finance,4th Year,22-25,Female/Woman,I do not have an SpLD,4,5,3,5,4,3,4,3,3,4,3,5,3,3
d3838736,Canada,English,Psychology,2nd Year,18-21,Female/Woman,I do not have an SpLD,2,4,3,1,4,1,3,2,3,2,2,4,2,2
d42fb058,Canada,English,Psychology,2nd Year,22-25,Male/Man,NA,2,1,1,1,3,1,2,1,2,2,2,1,2,2
d5a79185,Canada,English,Psychology,2nd Year,18-21,Female/Woman,I do not have an SpLD,3,3,2,2,4,3,4,3,3,4,4,3,4,4
f01f5f91,Canada,English,Psychology,2nd Year,18-21,Female/Woman,I do not have an SpLD,1,1,2,1,2,1,1,1,3,2,1,1,3,1
f53fb890,Canada,English,Psychology,NA,NA,NA,NA,4,2,2,2,5,3,4,2,3,2,2,1,3,2
f7886554,Canada,English,Psychology,2nd Year,18-21,Male/Man,I do not have an SpLD,1,1,1,1,1,1,2,1,2,3,4,1,1,4
f81b3023,Canada,English,Psychology,4th Year,18-21,Female/Woman,ADHD/ADD,1,1,1,1,2,1,1,1,2,1,1,1,2,1
f9bd6af9,Canada,English,Psychology,4th Year,22-25,Female/Woman,ADHD/ADD,4,2,4,2,5,1,5,3,5,3,3,2,3,3
fd263c41,Canada,English,Psychology,4th Year,22-25,Female/Woman,I do not have an SpLD,3,2,2,2,3,1,3,2,2,4,2,2,1,1
fdf02884,Canada,English,Psychology,4th Year,18-21,Female/Woman,I do not have an SpLD,3,3,4,2,3,2,4,2,4,3,2,3,3,3
07fbf7f6,Canada,English,Psychology,3rd Year,18-21,Female/Woman,I do not have an SpLD,2,4,3,3,3,4,3,4,3,3,3,3,2,3
28c15ff2,Canada,English,Psychology,2nd Year,18-21,Female/Woman,I do not have an SpLD,3,3,2,2,3,1,1,3,3,1,1,3,2,1
2a19a8b5,Canada,English,Psychology,2nd Year,18-21,Female/Woman,I do not have an SpLD,3,1,2,1,5,1,4,2,3,1,1,1,2,1
6918680d,Canada,English,Psychology,3rd Year,18-21,Female/Woman,I do not have an SpLD,2,2,2,2,4,3,4,4,4,1,1,3,1,1
9a0a6bff,Canada,English,Psychology,3rd Year,18-21,Male/Man,I do not have an SpLD,2,2,1,2,2,1,2,1,2,3,3,2,1,2
19a8fac9,Egypt,Non-English,Psychology,3rd Year,NA,Female/Woman,Dyscalculia,5,3,1,3,5,1,4,2,5,2,3,3,5,2
0036af3d,France,Non-English,Psychology,2nd Year,26+,Female/Woman,I do not have an SpLD,5,2,1,3,5,1,5,4,5,1,1,4,2,1
00c8fd98,France,Non-English,Psychology,3rd Year,18-21,Female/Woman,I do not have an SpLD,4,3,3,2,5,2,4,2,4,4,3,3,4,3
0748d8f3,France,Non-English,Psychology,1st Year,18-21,Female/Woman,I do not have an SpLD,4,3,5,3,5,4,4,4,4,4,3,4,4,3
0981845a,France,Non-English,Psychology,1st Year,18-21,Female/Woman,I do not have an SpLD,2,1,1,1,2,1,4,4,3,3,2,1,2,2
0f607cb7,France,Non-English,Psychology,1st Year,18-21,Female/Woman,I do not have an SpLD,5,5,4,5,5,5,3,4,4,5,3,5,5,4
0f8fb130,France,Non-English,Psychology,2nd Year,18-21,Female/Woman,I do not have an SpLD,2,4,3,4,3,2,4,4,3,3,4,4,3,2
111c5957,France,Non-English,Psychology,1st Year,18-21,Female/Woman,I do not have an SpLD,1,1,1,1,1,1,1,1,1,1,1,1,1,1
14997638,France,Non-English,Psychology,1st Year,18-21,Female/Woman,I do not have an SpLD,1,4,2,1,3,1,3,2,2,1,1,2,4,1
1619a538,France,Non-English,Psychology,2nd Year,18-21,Female/Woman,I do not have an SpLD,4,3,4,3,5,2,5,3,4,1,1,3,2,1
17b8fadc,France,Non-English,Psychology,2nd Year,18-21,Female/Woman,I do not have an SpLD,4,2,3,2,3,1,4,2,4,1,1,2,1,1
1a857df0,France,Non-English,Psychology,2nd Year,18-21,Female/Woman,I do not have an SpLD,5,3,2,3,5,1,5,4,5,3,1,3,1,1
1afb89a6,France,Non-English,Psychology,2nd Year,18-21,Female/Woman,I do not have an SpLD,5,3,2,3,5,2,5,3,5,3,3,4,2,2
1c5f96a4,France,Non-English,Psychology,1st Year,18-21,Female/Woman,I do not have an SpLD,2,1,1,1,5,1,5,1,2,2,3,2,2,2
1c971bab,France,Non-English,Psychology,3rd Year,22-25,Male/Man,I do not have an SpLD,4,3,2,2,4,1,3,2,3,2,1,3,3,1
1ff5bd00,France,Non-English,Psychology,2nd Year,18-21,Female/Woman,"Dyslexia, Dysgraphia/Dysorthography",2,3,2,3,5,1,5,2,4,4,3,3,4,3
21b88f44,France,Non-English,Psychology,2nd Year,18-21,Female/Woman,I do not have an SpLD,2,2,1,2,4,1,4,2,3,2,2,2,3,1
234c7ac7,France,Non-English,Psychology,2nd Year,18-21,Female/Woman,I do not have an SpLD,5,5,4,4,5,3,5,5,5,4,4,4,4,5
28cfb52c,France,Non-English,Psychology,2nd Year,18-21,Female/Woman,I do not have an SpLD,4,3,3,3,4,1,5,4,4,2,2,3,2,2
2c0fc511,France,Non-English,Psychology,2nd Year,18-21,Female/Woman,I do not have an SpLD,3,1,2,2,4,1,4,2,5,2,2,3,3,2
2c1818d6,France,Non-English,Psychology,NA,NA,NA,NA,3,5,3,5,5,2,4,3,4,4,3,5,3,3
2f7aa4df,France,Non-English,Psychology,2nd Year,18-21,Female/Woman,I do not have an SpLD,1,1,1,1,2,1,3,2,2,1,1,1,1,1
2fc97b0b,France,Non-English,Psychology,2nd Year,18-21,Female/Woman,I do not have an SpLD,3,2,2,2,4,1,3,2,3,2,2,1,1,1
2fd98762,France,Non-English,Psychology,2nd Year,18-21,Female/Woman,I do not have an SpLD,4,2,3,1,4,1,3,2,4,2,2,2,5,1
303a7692,France,Non-English,Psychology,1st Year,18-21,Female/Woman,I do not have an SpLD,3,2,3,3,4,3,4,3,4,2,2,2,2,1
314ac0f9,France,Non-English,Psychology,1st Year,18-21,Male/Man,I do not have an SpLD,4,2,4,1,3,1,4,2,4,4,2,1,1,2
32540fcf,France,Non-English,Psychology,1st Year,18-21,Female/Woman,I do not have an SpLD,5,2,3,2,5,1,5,1,5,3,1,2,5,1
328698bf,France,Non-English,Psychology,2nd Year,22-25,Female/Woman,I do not have an SpLD,4,2,3,2,5,1,4,2,4,2,2,2,4,1
34063cb6,France,Non-English,Psychology,2nd Year,18-21,Female/Woman,I do not have an SpLD,2,3,1,2,4,2,4,3,4,1,1,2,2,1
36848af8,France,Non-English,Psychology,1st Year,18-21,Female/Woman,NA,4,2,1,1,3,2,3,2,2,1,3,1,4,1
3754aac7,France,Non-English,Psychology,2nd Year,26+,Female/Woman,NA,5,4,5,3,5,5,3,5,5,2,2,3,4,2
3fcffd14,France,Non-English,Psychology,3rd Year,18-21,Female/Woman,I do not have an SpLD,1,1,2,1,3,1,3,1,3,1,2,2,4,1
412a2322,France,Non-English,Psychology,2nd Year,18-21,Female/Woman,I do not have an SpLD,2,2,2,1,3,1,3,2,2,1,2,2,1,1
419d4f6c,France,Non-English,Psychology,1st Year,18-21,Female/Woman,I do not have an SpLD,3,3,3,3,4,1,4,2,4,2,1,3,2,2
4252faa6,France,Non-English,Psychology,1st Year,18-21,Female/Woman,I do not have an SpLD,4,1,3,1,5,1,4,3,4,1,2,2,4,1
44abad4a,France,Non-English,Psychology,1st Year,18-21,Female/Woman,ADHD/ADD,3,3,5,4,5,3,5,2,5,1,1,3,1,1
471ff6dd,France,Non-English,Psychology,2nd Year,18-21,Male/Man,I do not have an SpLD,1,1,1,1,3,1,1,1,1,1,1,1,1,1
48b96cc3,France,Non-English,Psychology,1st Year,18-21,Female/Woman,I do not have an SpLD,1,2,3,1,2,1,3,1,2,1,1,1,1,1
4cdd149c,France,Non-English,Psychology,1st Year,18-21,Female/Woman,"Dyslexia, Dysgraphia/Dysorthography",2,2,3,1,3,1,3,4,3,2,2,3,1,1
4d109610,France,Non-English,Psychology,2nd Year,18-21,Female/Woman,I do not have an SpLD,4,1,2,1,5,1,5,1,4,3,2,1,2,2
51fb4831,France,Non-English,Psychology,1st Year,18-21,Female/Woman,I do not have an SpLD,4,3,2,2,5,2,4,3,2,3,2,2,3,2
5409a89a,France,Non-English,Psychology,3rd Year,22-25,Male/Man,I do not have an SpLD,5,4,3,3,5,3,5,4,5,3,3,4,4,4
55240f3f,France,Non-English,Psychology,2nd Year,18-21,Female/Woman,I do not have an SpLD,3,2,2,1,4,1,3,2,2,1,1,2,1,1
5adf2ff5,France,Non-English,Psychology,1st Year,18-21,Female/Woman,I do not have an SpLD,4,4,4,4,5,2,5,4,5,4,2,4,1,2
5b57f3f2,France,Non-English,Psychology,2nd Year,18-21,Another Gender,I do not have an SpLD,2,5,4,3,2,1,2,2,3,1,3,5,4,3
62769f49,France,Non-English,Psychology,2nd Year,18-21,Male/Man,I do not have an SpLD,2,1,2,1,4,1,4,2,3,4,3,1,2,3
657c6d14,France,Non-English,Psychology,1st Year,18-21,Female/Woman,I do not have an SpLD,5,1,3,1,5,1,5,1,5,5,5,3,3,5
66951c08,France,Non-English,Psychology,2nd Year,22-25,Female/Woman,NA,5,4,5,4,5,4,5,5,5,5,5,5,5,4
6884f802,France,Non-English,Psychology,2nd Year,22-25,Female/Woman,I do not have an SpLD,5,5,5,4,5,1,5,4,5,5,1,5,4,4
69446bb8,France,Non-English,Psychology,2nd Year,18-21,Female/Woman,I do not have an SpLD,4,4,3,3,4,2,3,3,3,2,2,4,1,2
6c2a3668,France,Non-English,Psychology,2nd Year,NA,Female/Woman,I do not have an SpLD,5,4,3,3,5,3,5,4,5,2,2,4,2,2
6d6101c8,France,Non-English,Psychology,2nd Year,18-21,Female/Woman,I do not have an SpLD,5,2,3,1,5,1,5,3,5,3,2,2,3,1
6f66bb38,France,Non-English,Psychology,1st Year,18-21,Female/Woman,I do not have an SpLD,4,2,2,1,5,2,5,1,4,3,3,1,2,1
72257fc3,France,Non-English,Psychology,1st Year,18-21,Male/Man,I do not have an SpLD,2,1,2,1,4,1,3,1,2,2,2,1,1,2
74ff40cc,France,Non-English,Psychology,1st Year,18-21,Female/Woman,NA,5,3,5,2,5,1,5,5,5,5,4,3,2,4
77bbbc7d,France,Non-English,Psychology,2nd Year,18-21,Female/Woman,I do not have an SpLD,4,3,5,3,5,1,5,4,4,3,3,3,3,2
78fbc466,France,Non-English,Psychology,2nd Year,18-21,Female/Woman,I do not have an SpLD,5,2,3,1,5,1,5,2,5,1,3,2,1,2
7c5f0b9c,France,Non-English,Psychology,1st Year,18-21,Female/Woman,I do not have an SpLD,4,5,5,5,5,1,5,1,3,1,1,5,4,1
7d08439b,France,Non-English,Psychology,2nd Year,18-21,Female/Woman,I do not have an SpLD,3,4,3,4,4,3,5,3,3,3,3,4,2,3
7dc163d8,France,Non-English,Psychology,2nd Year,18-21,Female/Woman,I do not have an SpLD,3,2,1,2,4,1,4,1,3,1,2,2,3,1
80841a75,France,Non-English,Psychology,1st Year,18-21,Female/Woman,I do not have an SpLD,2,2,2,2,3,2,4,2,2,5,3,2,1,3
827adaf7,France,Non-English,Psychology,2nd Year,18-21,Female/Woman,I do not have an SpLD,5,1,3,1,5,1,5,3,5,2,4,1,4,2
85f139b5,France,Non-English,Psychology,3rd Year,18-21,Female/Woman,I do not have an SpLD,3,3,2,3,5,2,5,2,4,2,3,3,4,2
88556cb7,France,Non-English,Psychology,2nd Year,18-21,Female/Woman,I do not have an SpLD,3,2,3,1,5,1,5,3,3,5,3,2,2,3
88fb1832,France,Non-English,Psychology,2nd Year,18-21,Female/Woman,NA,3,3,3,3,5,3,4,2,3,5,3,3,4,2
926d1579,France,Non-English,Psychology,2nd Year,18-21,Female/Woman,I do not have an SpLD,2,2,4,2,3,5,2,4,2,1,1,3,1,1
945d50a5,France,Non-English,Psychology,3rd Year,18-21,Female/Woman,I do not have an SpLD,3,2,2,2,5,1,5,1,5,2,1,2,5,1
953841df,France,Non-English,Psychology,2nd Year,NA,Female/Woman,I do not have an SpLD,5,4,5,1,5,1,5,3,5,2,1,4,1,1
9757fd5b,France,Non-English,Psychology,2nd Year,18-21,Male/Man,"I do not have an SpLD, Other - Depression",5,2,3,2,5,1,5,5,5,1,1,4,3,5
98a7aafd,France,Non-English,Psychology,1st Year,18-21,Female/Woman,I do not have an SpLD,4,3,4,4,4,3,5,3,3,4,4,4,3,4
98b714b1,France,Non-English,Psychology,2nd Year,18-21,Female/Woman,I do not have an SpLD,4,4,3,4,5,1,5,4,5,2,2,4,3,2
9902510b,France,Non-English,Psychology,2nd Year,18-21,Female/Woman,I do not have an SpLD,4,2,4,3,5,1,5,1,5,2,3,3,2,1
9b4fd633,France,Non-English,Psychology,2nd Year,18-21,Female/Woman,"Dyslexia, Dysgraphia/Dysorthography",2,2,2,2,5,1,4,4,1,2,2,3,3,2
9fb1a49a,France,Non-English,Psychology,2nd Year,18-21,Female/Woman,I do not have an SpLD,2,3,2,2,2,1,2,1,2,2,1,3,1,1
a042642f,France,Non-English,Psychology,3rd Year,22-25,Female/Woman,Dyslexia,3,1,1,1,4,1,4,1,4,1,1,2,1,1
a0dca26a,France,Non-English,Psychology,2nd Year,18-21,Female/Woman,I do not have an SpLD,4,4,3,2,4,1,4,4,4,5,5,3,1,1
a1d4d947,France,Non-English,Psychology,1st Year,18-21,Female/Woman,I do not have an SpLD,4,1,3,1,5,1,5,2,5,5,3,1,4,2
a6230078,France,Non-English,Psychology,2nd Year,18-21,Female/Woman,I do not have an SpLD,2,2,4,2,4,2,5,2,2,1,1,2,1,1
aa95f86f,France,Non-English,Psychology,1st Year,18-21,Female/Woman,I do not have an SpLD,2,1,2,2,3,1,3,2,3,2,2,2,2,2
ab01d40b,France,Non-English,Psychology,3rd Year,26+,Male/Man,I do not have an SpLD,5,5,1,5,5,1,5,5,5,3,5,5,5,1
ab34f6fa,France,Non-English,Psychology,3rd Year,NA,Male/Man,I do not have an SpLD,2,1,2,2,3,1,2,2,2,2,2,3,1,2
adcc3082,France,Non-English,Psychology,1st Year,18-21,Female/Woman,I do not have an SpLD,4,2,2,1,4,2,4,2,4,3,2,2,3,1
b172af0f,France,Non-English,Psychology,2nd Year,18-21,Female/Woman,I do not have an SpLD,1,1,2,2,2,1,2,1,1,1,1,1,1,1
b25f9df0,France,Non-English,Psychology,2nd Year,18-21,Female/Woman,I do not have an SpLD,5,3,3,4,5,2,5,4,3,4,4,3,3,3
b27aa92a,France,Non-English,Psychology,1st Year,18-21,Female/Woman,I do not have an SpLD,4,3,4,5,5,5,5,2,4,4,4,5,2,2
b6f23722,France,Non-English,Psychology,NA,NA,NA,NA,2,2,2,1,4,1,2,3,1,2,2,2,1,2
b77713fa,France,Non-English,Psychology,1st Year,18-21,Female/Woman,I do not have an SpLD,3,2,2,4,5,3,5,4,2,4,3,4,4,1
b851af02,France,Non-English,Psychology,NA,18-21,Female/Woman,I do not have an SpLD,5,4,4,4,5,2,4,5,4,4,4,5,4,2
ba090725,France,Non-English,Psychology,2nd Year,18-21,Female/Woman,I do not have an SpLD,3,3,3,2,5,1,5,1,4,3,2,2,1,1
bc6428c6,France,Non-English,Psychology,2nd Year,18-21,Female/Woman,I do not have an SpLD,2,1,1,1,3,1,3,1,3,2,2,1,1,1
bfa7fd59,France,Non-English,Psychology,2nd Year,26+,Female/Woman,I do not have an SpLD,2,2,1,2,2,1,2,1,3,1,1,2,1,1
c2f8ff71,France,Non-English,Psychology,1st Year,18-21,Female/Woman,I do not have an SpLD,4,2,1,1,5,1,5,1,4,3,2,1,2,2
c341119f,France,Non-English,Psychology,3rd Year,22-25,Female/Woman,I do not have an SpLD,5,2,4,3,5,1,5,5,5,4,5,4,5,2
c657bf93,France,Non-English,Psychology,2nd Year,26+,Male/Man,I do not have an SpLD,4,1,1,1,5,2,5,1,4,2,3,1,3,3
c681851f,France,Non-English,Psychology,2nd Year,18-21,Female/Woman,I do not have an SpLD,3,1,1,1,4,1,4,1,2,1,2,1,3,1
c864bd2f,France,Non-English,Psychology,1st Year,18-21,Female/Woman,I do not have an SpLD,5,2,3,1,5,1,4,2,4,2,2,3,2,1
c9865d56,France,Non-English,Psychology,1st Year,18-21,Female/Woman,I do not have an SpLD,5,3,4,4,5,4,5,4,5,4,4,3,4,4
c98dd9b5,France,Non-English,Psychology,2nd Year,18-21,Female/Woman,I do not have an SpLD,3,2,3,1,5,1,5,4,5,5,2,2,5,1
cf4d09b7,France,Non-English,Psychology,NA,NA,NA,NA,4,3,4,3,5,2,5,3,5,4,4,4,3,2
cff2f7db,France,Non-English,Psychology,2nd Year,26+,Female/Woman,I do not have an SpLD,4,1,4,1,5,1,4,2,4,1,1,1,1,1
d1b87df0,France,Non-English,Psychology,3rd Year,18-21,Female/Woman,I do not have an SpLD,3,2,2,1,4,1,4,1,2,2,1,2,2,1
d241d913,France,Non-English,Psychology,2nd Year,26+,Female/Woman,I do not have an SpLD,2,2,2,2,3,1,3,4,2,1,2,4,1,2
d5055b96,France,Non-English,Psychology,1st Year,18-21,Female/Woman,I do not have an SpLD,2,2,2,2,3,1,2,1,2,1,1,2,1,1
dc4ac79a,France,Non-English,Psychology,1st Year,18-21,Female/Woman,I do not have an SpLD,5,2,3,3,5,1,5,2,5,2,2,4,4,1
dccd5949,France,Non-English,Psychology,1st Year,18-21,Female/Woman,I do not have an SpLD,2,2,2,1,4,1,5,1,4,3,4,2,1,4
f1b295bf,France,Non-English,Psychology,1st Year,18-21,Female/Woman,I do not have an SpLD,5,4,5,1,5,2,5,5,5,4,4,4,3,3
f26f7952,France,Non-English,Psychology,2nd Year,18-21,Female/Woman,I do not have an SpLD,5,4,4,3,5,3,5,4,5,4,4,4,4,3
f27a14f6,France,Non-English,Psychology,NA,NA,NA,NA,3,3,3,2,5,4,5,2,4,3,4,1,4,3
f3c1cf9d,France,Non-English,Psychology,2nd Year,18-21,Female/Woman,ADHD/ADD,3,3,1,2,5,3,5,3,5,2,4,2,4,1
f3f9b5d3,France,Non-English,Psychology,1st Year,18-21,Female/Woman,I do not have an SpLD,4,3,3,3,5,2,5,4,5,4,3,4,3,1
f40b8af2,France,Non-English,Psychology,NA,NA,NA,NA,3,3,2,4,5,1,5,2,5,3,4,4,3,4
f55bb9bb,France,Non-English,Psychology,2nd Year,18-21,Female/Woman,I do not have an SpLD,3,2,4,2,5,3,3,3,3,1,1,2,1,1
f579a7d7,France,Non-English,Psychology,1st Year,26+,Female/Woman,I do not have an SpLD,1,1,1,1,3,1,3,1,3,1,1,1,1,1
f5df3489,France,Non-English,Psychology,1st Year,18-21,Female/Woman,I do not have an SpLD,3,3,4,3,4,3,3,3,3,1,2,3,2,1
f7182259,France,Non-English,Psychology,2nd Year,18-21,Female/Woman,I do not have an SpLD,5,4,5,2,5,2,5,4,5,2,3,4,1,2
f82d3f3d,France,Non-English,Psychology,1st Year,18-21,Female/Woman,I do not have an SpLD,3,1,2,1,4,1,4,1,4,1,1,1,1,1
f8af7610,France,Non-English,Psychology,2nd Year,18-21,Female/Woman,I do not have an SpLD,5,1,5,3,5,1,5,5,5,1,1,5,5,1
f9888b90,France,Non-English,Psychology,2nd Year,26+,Female/Woman,I do not have an SpLD,2,1,3,1,4,1,4,3,3,2,2,1,1,2
f9f31563,France,Non-English,Psychology,2nd Year,22-25,Female/Woman,I do not have an SpLD,4,4,5,3,4,1,4,4,4,3,3,3,3,2
fa623b5f,France,Non-English,Psychology,1st Year,18-21,Female/Woman,I do not have an SpLD,1,1,1,1,1,1,1,1,1,1,1,1,1,1
fa7d2b4d,France,Non-English,Psychology,2nd Year,18-21,Female/Woman,I do not have an SpLD,3,4,4,3,5,1,5,3,5,2,3,5,1,2
fb0604b9,France,Non-English,Psychology,3rd Year,18-21,Female/Woman,I do not have an SpLD,4,2,3,3,4,2,4,2,4,4,4,3,2,3
fbff148f,France,Non-English,Psychology,2nd Year,18-21,Female/Woman,I do not have an SpLD,3,2,2,2,5,1,5,2,5,1,1,3,4,1
fcbb6897,France,Non-English,Psychology,1st Year,18-21,Female/Woman,I do not have an SpLD,4,3,3,3,3,2,4,4,4,2,2,3,2,2
fffb1440,France,Non-English,Psychology,3rd Year,18-21,Female/Woman,I do not have an SpLD,3,3,3,3,5,1,5,1,4,1,1,3,2,1
fffdf55a,France,Non-English,Psychology,2nd Year,18-21,Female/Woman,I do not have an SpLD,3,4,4,3,4,1,3,3,3,1,1,4,3,1
003cd180,Nigeria,English,Business & Finance,3rd Year,18-21,Female/Woman,I do not have an SpLD,3,3,3,3,4,3,3,3,3,3,1,3,4,1
00bb45f8,Nigeria,English,Business & Finance,3rd Year,18-21,Female/Woman,I do not have an SpLD,3,3,4,3,3,3,3,3,2,3,4,4,4,3
03949c2b,Nigeria,English,Psychology,3rd Year,22-25,Female/Woman,I do not have an SpLD,3,2,2,4,5,1,4,2,4,1,1,4,4,1
045d09f9,Nigeria,English,Business & Finance,NA,NA,NA,NA,5,3,4,3,5,4,5,4,5,3,3,5,5,3
06af0c6d,Nigeria,English,Business & Finance,3rd Year,18-21,Female/Woman,I do not have an SpLD,2,3,4,2,3,1,3,2,3,5,1,5,4,1
0a40c4d4,Nigeria,English,Business & Finance,3rd Year,22-25,Male/Man,I do not have an SpLD,2,2,3,2,2,4,3,3,2,3,3,3,3,1
0ac7db24,Nigeria,English,Psychology,3rd Year,18-21,Female/Woman,I do not have an SpLD,1,1,1,1,1,3,1,1,1,1,1,1,1,1
0f44f870,Nigeria,English,Psychology,3rd Year,NA,Male/Man,I do not have an SpLD,1,4,1,1,4,1,4,3,4,2,1,2,2,1
14422aa2,Nigeria,English,Psychology,3rd Year,22-25,Female/Woman,NA,5,1,1,5,5,1,1,1,3,5,2,1,1,1
17d0c980,Nigeria,English,Psychology,3rd Year,18-21,Male/Man,NA,3,2,2,2,4,1,3,1,3,2,1,2,4,2
19f360ca,Nigeria,English,Business & Finance,3rd Year,22-25,Female/Woman,NA,5,1,1,2,4,5,1,2,2,1,2,2,2,2
1bb65216,Nigeria,English,Psychology,3rd Year,22-25,Female/Woman,I do not have an SpLD,3,4,3,4,3,3,4,2,4,5,3,3,4,1
1d15ffbd,Nigeria,English,Psychology,3rd Year,NA,Male/Man,I do not have an SpLD,3,2,3,2,3,1,3,3,3,4,2,3,3,1
22f5dfbd,Nigeria,English,Business & Finance,3rd Year,18-21,Female/Woman,I do not have an SpLD,3,2,3,3,3,3,3,3,1,4,2,3,3,2
24602704,Nigeria,English,Business & Finance,3rd Year,NA,Female/Woman,I do not have an SpLD,5,3,4,3,4,3,4,4,5,1,1,3,3,1
25c2c760,Nigeria,English,Psychology,3rd Year,NA,Male/Man,I do not have an SpLD,3,2,1,2,1,1,3,3,2,2,3,2,3,4
26946a76,Nigeria,English,Psychology,3rd Year,22-25,Male/Man,I do not have an SpLD,5,1,5,1,5,1,5,5,5,1,1,1,5,1
27dcbf0f,Nigeria,English,Psychology,3rd Year,18-21,Female/Woman,NA,2,3,1,3,1,5,1,3,1,5,3,5,3,4
35b642d4,Nigeria,English,Psychology,3rd Year,18-21,Female/Woman,I do not have an SpLD,5,5,5,5,5,5,5,5,5,5,5,5,1,1
35f98aab,Nigeria,English,Psychology,3rd Year,26+,Male/Man,I do not have an SpLD,3,3,2,2,3,3,4,2,5,3,2,2,5,2
3ad2ac08,Nigeria,English,Business & Finance,3rd Year,18-21,Male/Man,NA,4,4,5,1,4,1,4,2,5,5,3,4,4,3
3fc21597,Nigeria,English,Psychology,3rd Year,NA,Female/Woman,I do not have an SpLD,2,2,1,1,1,2,2,2,1,3,2,1,1,1
4032328f,Nigeria,English,Psychology,3rd Year,22-25,Female/Woman,I do not have an SpLD,1,3,3,2,3,1,2,3,2,2,1,3,5,1
41c3f664,Nigeria,English,Business & Finance,3rd Year,NA,Female/Woman,NA,1,1,1,1,5,1,5,1,5,5,1,5,5,1
429ba8f2,Nigeria,English,Psychology,3rd Year,18-21,Female/Woman,I do not have an SpLD,1,1,1,1,1,1,2,1,2,3,1,1,2,1
44a16683,Nigeria,English,Psychology,3rd Year,22-25,Female/Woman,NA,5,3,3,3,5,1,5,3,5,5,5,4,5,5
4973ab36,Nigeria,English,Psychology,3rd Year,18-21,Female/Woman,I do not have an SpLD,1,1,1,1,2,1,1,2,1,3,1,1,1,1
4d89111b,Nigeria,English,Psychology,3rd Year,18-21,Male/Man,I do not have an SpLD,3,3,4,4,4,4,4,4,3,3,4,4,4,3
4f00afa9,Nigeria,English,Psychology,3rd Year,22-25,Female/Woman,NA,4,2,3,2,5,3,5,2,5,1,1,1,4,2
53309bcc,Nigeria,English,Business & Finance,3rd Year,22-25,Male/Man,I do not have an SpLD,1,1,1,1,1,1,1,5,5,1,1,5,1,1
5a926b20,Nigeria,English,Business & Finance,3rd Year,18-21,Female/Woman,I do not have an SpLD,3,3,2,2,4,2,4,3,4,1,1,3,4,1
5aca27d6,Nigeria,English,Psychology,3rd Year,18-21,Female/Woman,I do not have an SpLD,1,2,2,3,1,1,3,2,1,2,3,3,1,2
5b406a97,Nigeria,English,Psychology,3rd Year,18-21,Female/Woman,I do not have an SpLD,5,3,5,5,4,4,5,4,5,4,5,5,5,2
5fdf7740,Nigeria,English,Psychology,3rd Year,18-21,Male/Man,I do not have an SpLD,4,4,4,4,4,3,4,3,4,4,4,4,3,4
72c91934,Nigeria,English,Business & Finance,NA,NA,NA,NA,4,3,3,4,5,2,5,3,5,1,1,5,5,1
7adb7468,Nigeria,English,Psychology,3rd Year,18-21,Male/Man,NA,5,3,3,3,5,3,5,3,5,4,5,4,5,1
7c73940a,Nigeria,English,Psychology,3rd Year,26+,Female/Woman,NA,3,3,2,2,4,1,5,1,4,3,3,1,1,1
7d3dfc8d,Nigeria,English,Business & Finance,3rd Year,NA,Female/Woman,I do not have an SpLD,5,5,4,4,5,5,4,1,5,2,1,5,5,1
825c2675,Nigeria,English,Business & Finance,3rd Year,18-21,Female/Woman,I do not have an SpLD,3,2,4,3,4,4,3,4,3,2,2,4,4,3
836311f0,Nigeria,English,Business & Finance,NA,NA,NA,NA,5,1,1,5,5,1,5,1,5,5,1,1,5,1
847ff77a,Nigeria,English,Psychology,3rd Year,22-25,Male/Man,I do not have an SpLD,5,4,4,3,5,2,5,4,4,4,4,4,3,2
8a0cbfbf,Nigeria,English,Psychology,3rd Year,18-21,Female/Woman,I do not have an SpLD,5,1,2,1,5,2,5,2,5,4,2,2,5,1
8a30fd76,Nigeria,English,Psychology,3rd Year,22-25,Male/Man,I do not have an SpLD,2,1,1,2,2,1,1,1,1,2,2,2,2,1
8c876b8b,Nigeria,English,Psychology,3rd Year,NA,Male/Man,I do not have an SpLD,3,3,3,2,3,2,2,3,3,3,2,3,4,2
8d1c1011,Nigeria,English,Psychology,3rd Year,18-21,Female/Woman,I do not have an SpLD,4,4,4,3,5,4,4,4,4,1,3,3,5,2
8d69cc14,Nigeria,English,Business & Finance,3rd Year,NA,Female/Woman,I do not have an SpLD,3,4,2,4,2,2,5,5,5,5,4,5,3,1
928cfdf6,Nigeria,English,Business & Finance,3rd Year,NA,Female/Woman,I do not have an SpLD,2,2,3,3,1,1,5,3,5,1,1,5,5,1
9769dff0,Nigeria,English,Business & Finance,3rd Year,NA,Male/Man,NA,3,2,2,2,2,2,3,2,2,2,2,2,3,2
9c592a26,Nigeria,English,Psychology,3rd Year,NA,Female/Woman,I do not have an SpLD,5,2,1,3,5,3,5,2,5,5,5,5,5,1
a6967171,Nigeria,English,Business & Finance,3rd Year,18-21,Female/Woman,I do not have an SpLD,5,1,2,1,4,1,4,3,4,3,4,1,3,1
aa375f6c,Nigeria,English,Psychology,3rd Year,26+,Male/Man,I do not have an SpLD,2,1,2,1,3,1,2,1,3,2,1,2,3,1
ab79af52,Nigeria,English,Business & Finance,3rd Year,18-21,Male/Man,I do not have an SpLD,1,1,1,1,5,1,5,1,5,1,1,1,5,1
add97f4f,Nigeria,English,Psychology,3rd Year,22-25,Male/Man,I do not have an SpLD,1,4,3,3,1,4,1,2,1,3,5,4,4,2
b06d27d9,Nigeria,English,Psychology,3rd Year,NA,Female/Woman,I do not have an SpLD,2,4,3,3,2,4,2,3,2,4,3,4,2,3
b3f68418,Nigeria,English,Psychology,3rd Year,22-25,Female/Woman,I do not have an SpLD,3,3,4,2,3,4,3,3,3,3,3,3,2,2
bf978733,Nigeria,English,Psychology,3rd Year,NA,Female/Woman,I do not have an SpLD,1,2,2,1,1,2,1,2,1,1,1,1,1,2
bfb0f76a,Nigeria,English,Psychology,3rd Year,NA,Male/Man,I do not have an SpLD,3,4,3,3,2,3,3,4,3,2,3,2,3,3
c090119c,Nigeria,English,Business & Finance,3rd Year,26+,Male/Man,NA,5,1,1,1,5,1,5,1,5,1,1,1,1,1
c2b4f7fd,Nigeria,English,Psychology,3rd Year,22-25,Male/Man,Other - Redacted,2,2,2,2,1,2,2,2,2,2,2,2,2,2
cdaa3a77,Nigeria,English,Psychology,3rd Year,22-25,Female/Woman,NA,3,2,4,1,3,2,2,2,4,3,3,3,3,1
d094a1d0,Nigeria,English,Business & Finance,3rd Year,22-25,Female/Woman,I do not have an SpLD,2,5,1,2,1,4,1,3,1,2,3,2,2,2
d405b063,Nigeria,English,Psychology,3rd Year,NA,Male/Man,I do not have an SpLD,2,3,3,3,2,3,2,2,2,2,1,3,4,3
d54f5376,Nigeria,English,Psychology,3rd Year,22-25,Another Gender,I do not have an SpLD,1,1,2,1,2,1,2,1,2,1,3,1,1,1
d6f42ff1,Nigeria,English,Business & Finance,3rd Year,NA,Male/Man,NA,3,4,3,3,4,2,5,4,5,4,4,3,5,2
df037f0a,Nigeria,English,Psychology,3rd Year,22-25,Female/Woman,I do not have an SpLD,5,5,5,5,5,5,5,5,5,1,1,1,5,1
df880771,Nigeria,English,Business & Finance,3rd Year,22-25,Female/Woman,I do not have an SpLD,3,5,4,3,3,4,5,4,3,1,5,4,4,3
df975a5f,Nigeria,English,Business & Finance,3rd Year,22-25,Male/Man,I do not have an SpLD,4,2,2,1,4,1,4,3,4,3,1,3,3,1
f0f301a4,Nigeria,English,Business & Finance,3rd Year,NA,Female/Woman,I do not have an SpLD,3,5,3,4,3,4,4,4,4,3,5,3,4,2
f16d18a2,Nigeria,English,Business & Finance,3rd Year,NA,Female/Woman,I do not have an SpLD,5,4,4,2,5,1,5,4,5,2,1,3,5,1
f205f27f,Nigeria,English,Psychology,3rd Year,22-25,Male/Man,I do not have an SpLD,3,3,3,3,2,2,3,3,2,3,3,2,2,3
f8ab9c2f,Nigeria,English,Psychology,3rd Year,26+,Male/Man,I do not have an SpLD,3,2,2,2,3,2,4,2,3,4,4,2,3,4
fc976521,Nigeria,English,Business & Finance,3rd Year,26+,Female/Woman,I do not have an SpLD,3,2,5,2,3,3,2,4,5,1,1,3,5,1
ff15a3f4,Nigeria,English,Business & Finance,3rd Year,22-25,Male/Man,NA,5,5,1,5,5,5,5,1,5,1,5,5,5,5
ffb6f9f6,Nigeria,English,Psychology,NA,NA,NA,NA,2,3,3,2,1,1,2,1,2,1,1,2,3,4
fff64b43,Nigeria,English,Psychology,3rd Year,22-25,Female/Woman,NA,5,5,5,5,5,5,5,5,5,5,5,5,5,5
0229faf2,England,English,Psychology,2nd Year,18-21,Female/Woman,I do not have an SpLD,5,2,3,2,5,2,5,3,5,4,4,3,4,5
0259815b,England,English,Psychology,2nd Year,18-21,Female/Woman,I do not have an SpLD,5,3,3,4,5,2,5,5,5,2,2,3,5,2
0863b9d1,England,English,Psychology,2nd Year,18-21,Female/Woman,I do not have an SpLD,4,4,4,4,5,5,5,4,5,2,4,4,3,2
08862c41,England,English,Psychology,1st Year,18-21,Female/Woman,I do not have an SpLD,3,2,2,2,4,2,4,1,3,1,1,2,4,1
099c947b,England,English,Psychology,1st Year,18-21,Female/Woman,I do not have an SpLD,1,2,2,1,2,1,2,1,2,2,2,1,2,2
0aa582f4,England,English,Psychology,2nd Year,18-21,Female/Woman,I do not have an SpLD,2,3,4,2,3,3,3,4,3,1,1,3,3,1
0d02450c,England,English,Psychology,3rd Year,18-21,Female/Woman,I do not have an SpLD,4,4,4,1,4,1,5,4,4,5,2,2,4,4
0f915ff6,England,English,Psychology,1st Year,22-25,Female/Woman,Dyslexia,3,3,4,5,5,4,5,3,5,3,3,4,3,3
15c6aa1f,England,English,Psychology,3rd Year,18-21,Female/Woman,I do not have an SpLD,5,4,4,2,5,2,4,3,5,1,2,4,5,2
19da80f6,England,English,Psychology,2nd Year,18-21,Female/Woman,I do not have an SpLD,2,2,3,2,3,1,3,2,3,2,3,3,3,2
1a60aacf,England,English,Psychology,3rd Year,18-21,Female/Woman,I do not have an SpLD,4,5,4,5,4,2,4,3,5,5,5,4,3,5
1a959cff,England,English,Psychology,3rd Year,18-21,Male/Man,I do not have an SpLD,4,1,3,3,4,2,4,3,5,4,2,5,3,2
1f06848c,England,English,Psychology,2nd Year,18-21,Female/Woman,I do not have an SpLD,2,2,3,3,4,1,5,3,5,2,2,3,3,3
1f08dff9,England,English,Psychology,2nd Year,18-21,Female/Woman,I do not have an SpLD,4,3,4,2,5,1,4,3,4,2,3,4,5,4
2057932c,England,English,Psychology,1st Year,18-21,Female/Woman,"Dyslexia, Dyspraxia",4,2,4,3,5,2,5,3,4,2,3,2,4,4
22f321bf,England,English,Psychology,3rd Year,18-21,Male/Man,I do not have an SpLD,1,1,2,1,3,1,3,2,3,1,2,2,1,1
24bfa6d4,England,English,Psychology,1st Year,18-21,Female/Woman,I do not have an SpLD,5,4,4,5,5,2,5,3,5,3,3,3,5,3
25dff144,England,English,Psychology,1st Year,18-21,Female/Woman,I do not have an SpLD,5,4,4,2,4,3,5,3,5,4,4,4,4,3
271bbba4,England,English,Psychology,1st Year,18-21,Female/Woman,I do not have an SpLD,4,2,4,2,4,2,5,1,4,2,2,4,3,3
2a6ca5c1,England,English,Psychology,2nd Year,18-21,Female/Woman,I do not have an SpLD,3,2,1,1,5,1,5,1,4,2,5,1,4,3
2aa8af2c,England,English,Psychology,2nd Year,18-21,Female/Woman,I do not have an SpLD,2,1,2,2,5,1,4,3,5,3,3,2,5,2
2ada8d01,England,English,Psychology,3rd Year,18-21,Female/Woman,I do not have an SpLD,4,5,3,4,5,1,5,3,5,4,4,5,2,4
2bffac76,England,English,Psychology,1st Year,18-21,Female/Woman,I do not have an SpLD,3,3,4,3,4,3,4,4,4,5,4,4,3,3
2c8d044c,England,English,Psychology,1st Year,18-21,Female/Woman,I do not have an SpLD,2,2,2,1,3,2,3,1,4,4,4,2,3,4
2ca86357,England,English,Psychology,2nd Year,18-21,Female/Woman,I do not have an SpLD,3,2,3,2,4,1,5,3,4,1,2,2,3,2
2dd7424d,England,English,Psychology,2nd Year,18-21,Female/Woman,"Dyslexia, Other - Redacted",5,5,4,4,5,2,5,5,5,4,2,5,5,3
2f3bffa6,England,English,Psychology,1st Year,22-25,Female/Woman,I do not have an SpLD,5,4,2,4,5,5,5,4,5,5,5,5,5,4
31fad2f2,England,English,Psychology,2nd Year,18-21,Male/Man,I do not have an SpLD,4,2,2,2,3,1,4,3,3,4,4,2,4,3
32f0d6f4,England,English,Psychology,3rd Year,18-21,Female/Woman,I do not have an SpLD,4,2,1,2,5,1,5,4,5,4,4,4,3,2
339845fa,England,English,Psychology,1st Year,18-21,Female/Woman,I do not have an SpLD,4,4,5,3,5,3,5,4,5,4,5,5,5,5
33ff69f0,England,English,Psychology,2nd Year,18-21,Female/Woman,I do not have an SpLD,3,3,3,3,4,2,5,3,5,2,2,3,3,2
346d5c5f,England,English,Psychology,3rd Year,22-25,Female/Woman,I do not have an SpLD,5,4,4,3,5,3,5,4,5,4,3,3,4,4
37cb9d28,England,English,Psychology,2nd Year,18-21,Male/Man,I do not have an SpLD,5,4,4,3,5,3,5,2,5,3,4,4,3,4
3866726d,England,English,Psychology,3rd Year,18-21,Female/Woman,I do not have an SpLD,4,3,4,2,5,3,2,3,5,4,4,4,2,4
3894b54d,England,English,Psychology,1st Year,18-21,Another Gender,I do not have an SpLD,2,2,2,2,2,1,3,3,2,2,2,2,3,2
3b679d3c,England,English,Psychology,1st Year,18-21,Female/Woman,I do not have an SpLD,2,2,3,3,4,2,4,2,3,4,4,3,3,2
3cfb687d,England,English,Psychology,3rd Year,18-21,Female/Woman,I do not have an SpLD,4,3,2,3,5,2,5,3,5,3,4,2,3,3
403f2fc5,England,English,Psychology,2nd Year,18-21,Female/Woman,I do not have an SpLD,2,2,5,4,3,5,2,4,1,4,3,2,4,4
40a30163,England,English,Psychology,2nd Year,18-21,Male/Man,I do not have an SpLD,4,5,2,3,5,1,5,2,5,4,4,5,4,4
424b85cb,England,English,Psychology,3rd Year,18-21,Female/Woman,NA,4,3,2,2,5,2,5,2,5,2,3,3,4,2
42f28375,England,English,Psychology,2nd Year,18-21,Female/Woman,I do not have an SpLD,2,2,2,1,3,1,3,4,3,1,1,2,1,1
42f9f3a2,England,English,Psychology,1st Year,18-21,Female/Woman,I do not have an SpLD,4,4,2,3,4,1,4,3,4,4,4,3,2,2
43705853,England,English,Psychology,2nd Year,18-21,Female/Woman,I do not have an SpLD,2,4,3,1,4,1,3,2,3,1,1,3,3,1
450bf1aa,England,English,Psychology,2nd Year,18-21,Female/Woman,I do not have an SpLD,5,5,5,3,5,4,5,5,5,3,3,5,4,3
4599cfaa,England,English,Psychology,1st Year,18-21,Female/Woman,I do not have an SpLD,4,4,4,3,5,3,5,4,5,3,5,4,2,4
4707a74b,England,English,Psychology,1st Year,18-21,Female/Woman,I do not have an SpLD,3,3,3,3,4,3,3,5,5,3,3,3,2,3
4a56c305,England,English,Psychology,1st Year,18-21,Female/Woman,I do not have an SpLD,4,4,3,3,5,3,4,3,5,3,4,4,4,4
4b683705,England,English,Psychology,2nd Year,18-21,Female/Woman,I do not have an SpLD,5,5,4,5,5,4,5,5,5,5,3,5,3,2
4f3632da,England,English,Psychology,1st Year,18-21,Female/Woman,I do not have an SpLD,5,4,4,1,4,2,4,5,5,1,2,5,3,2
50f91730,England,English,Psychology,2nd Year,18-21,Female/Woman,I do not have an SpLD,5,1,5,1,5,1,5,5,5,5,4,1,1,2
518ffac1,England,English,Psychology,1st Year,18-21,Female/Woman,I do not have an SpLD,4,1,4,3,5,4,5,2,5,2,3,3,3,3
51fb1431,England,English,Psychology,2nd Year,18-21,Female/Woman,I do not have an SpLD,5,3,3,2,5,1,4,3,4,3,3,3,4,4
52bd8294,England,English,Psychology,2nd Year,18-21,Male/Man,NA,4,3,3,3,4,2,4,4,4,2,2,4,4,2
59d6f9f8,England,English,Psychology,2nd Year,18-21,Female/Woman,I do not have an SpLD,4,2,2,3,5,1,5,1,4,5,4,3,2,4
5dc73168,England,English,Psychology,3rd Year,18-21,Female/Woman,Dyslexia,5,4,4,4,5,3,5,5,5,3,3,4,3,4
61409916,England,English,Psychology,1st Year,18-21,Female/Woman,I do not have an SpLD,4,5,4,4,5,1,4,1,5,2,2,4,4,1
616bf5f6,England,English,Psychology,2nd Year,18-21,Female/Woman,NA,1,2,2,2,4,4,4,1,3,1,1,2,2,1
61a2f07a,England,English,Psychology,3rd Year,18-21,Male/Man,I do not have an SpLD,5,3,3,3,5,1,5,2,5,5,5,3,4,5
646f56b2,England,English,Psychology,2nd Year,18-21,Female/Woman,"Dyslexia, Dyspraxia",5,4,5,3,5,3,5,5,3,5,4,3,4,4
67611043,England,English,Psychology,2nd Year,18-21,Male/Man,I do not have an SpLD,5,2,2,2,4,1,3,2,4,2,2,2,2,2
6868d8b9,England,English,Psychology,1st Year,18-21,Female/Woman,I do not have an SpLD,4,5,4,3,5,3,5,4,5,3,5,4,5,3
696f3f1f,England,English,Psychology,1st Year,18-21,Female/Woman,I do not have an SpLD,2,1,2,2,3,2,4,3,3,1,2,3,2,1
6a033c94,England,English,Psychology,3rd Year,18-21,Female/Woman,I do not have an SpLD,4,3,2,2,3,1,5,3,4,3,4,3,1,4
70c15f33,England,English,Psychology,1st Year,18-21,Female/Woman,I do not have an SpLD,3,2,2,2,2,2,3,2,3,5,5,3,2,5
71a8d7fd,England,English,Psychology,1st Year,18-21,Female/Woman,I do not have an SpLD,4,3,1,2,4,2,4,3,4,3,4,3,3,1
71dcbba1,England,English,Psychology,2nd Year,18-21,Male/Man,I do not have an SpLD,3,3,3,3,3,2,3,2,3,4,4,4,3,4
72fff780,England,English,Psychology,2nd Year,18-21,Female/Woman,NA,4,5,5,4,5,2,4,5,3,4,4,5,3,3
73060da4,England,English,Psychology,2nd Year,18-21,Female/Woman,I do not have an SpLD,5,3,5,2,5,2,4,5,5,2,5,5,4,5
7485b6c2,England,English,Psychology,2nd Year,22-25,Male/Man,ADHD/ADD,3,4,3,3,5,1,5,3,5,4,3,4,3,4
75648356,England,English,Psychology,1st Year,18-21,Female/Woman,I do not have an SpLD,4,2,3,4,5,5,5,1,5,4,4,1,3,3
76b0c77b,England,English,Psychology,1st Year,18-21,Male/Man,I do not have an SpLD,3,1,2,1,3,1,3,2,3,2,4,1,2,2
7718f436,England,English,Psychology,3rd Year,18-21,Female/Woman,I do not have an SpLD,4,3,4,3,5,5,4,4,5,3,4,4,3,4
787498b1,England,English,Psychology,1st Year,18-21,Female/Woman,I do not have an SpLD,4,3,3,3,5,2,4,2,5,4,4,5,4,4
79f03f5b,England,English,Psychology,1st Year,18-21,Female/Woman,I do not have an SpLD,1,2,2,2,3,1,3,1,3,2,3,3,3,2
7a4f0c75,England,English,Psychology,1st Year,18-21,Female/Woman,I do not have an SpLD,5,3,4,4,5,1,5,3,5,4,4,4,1,2
7afc9f4b,England,English,Psychology,1st Year,18-21,Female/Woman,I do not have an SpLD,2,3,2,2,5,1,5,2,4,1,2,3,1,1
7fdf504b,England,English,Psychology,2nd Year,18-21,Female/Woman,ADHD/ADD,5,3,2,3,5,2,5,4,5,4,4,2,5,3
810d29c4,England,English,Psychology,1st Year,18-21,Female/Woman,I do not have an SpLD,5,2,2,3,5,2,5,3,4,3,3,3,5,3
8146c9f9,England,English,Psychology,2nd Year,18-21,Female/Woman,I do not have an SpLD,3,2,1,4,4,2,3,1,4,4,4,4,2,3
819f494b,England,English,Psychology,2nd Year,18-21,Male/Man,I do not have an SpLD,5,1,2,3,3,1,3,1,2,4,3,3,3,3
82606ff9,England,English,Psychology,2nd Year,18-21,Female/Woman,I do not have an SpLD,3,2,3,1,5,1,5,1,5,3,3,2,1,1
837f63c4,England,English,Psychology,2nd Year,18-21,Female/Woman,NA,5,5,5,5,5,2,5,4,5,4,5,5,5,5
854cc58d,England,English,Psychology,2nd Year,22-25,Female/Woman,I do not have an SpLD,2,2,1,2,2,2,3,1,3,1,1,2,1,1
8878398a,England,English,Psychology,2nd Year,18-21,Female/Woman,I do not have an SpLD,4,4,4,4,4,4,4,2,5,1,1,4,2,2
88899af4,England,English,Psychology,3rd Year,22-25,Female/Woman,I do not have an SpLD,4,3,3,3,5,3,5,2,5,4,3,3,4,3
88d2cda4,England,English,Psychology,2nd Year,18-21,Female/Woman,I do not have an SpLD,5,3,4,3,5,1,5,2,5,5,5,3,3,4
8b7f7b34,England,English,Psychology,1st Year,18-21,Male/Man,I do not have an SpLD,3,1,2,1,5,1,4,2,4,4,4,2,2,4
8c7abc3a,England,English,Psychology,2nd Year,18-21,Female/Woman,I do not have an SpLD,5,1,2,3,5,1,5,1,5,2,3,4,3,2
8cbc967b,England,English,Psychology,2nd Year,18-21,Female/Woman,I do not have an SpLD,4,4,4,3,5,2,5,4,5,3,3,5,3,3
8d04459a,England,English,Psychology,1st Year,18-21,Female/Woman,I do not have an SpLD,4,4,3,4,5,3,5,4,5,5,4,4,3,4
8f6d6574,England,English,Psychology,2nd Year,18-21,Female/Woman,I do not have an SpLD,4,2,1,4,5,3,4,2,5,2,1,4,3,2
8f9d2aff,England,English,Psychology,1st Year,18-21,Female/Woman,I do not have an SpLD,3,2,4,1,3,3,4,2,4,3,4,2,3,2
91666fbd,England,English,Psychology,1st Year,18-21,Female/Woman,I do not have an SpLD,4,2,4,2,5,2,4,3,5,5,4,4,4,4
919fa944,England,English,Psychology,2nd Year,18-21,Female/Woman,I do not have an SpLD,4,1,2,2,5,1,5,2,5,2,3,3,1,3
91b47fd7,England,English,Psychology,2nd Year,18-21,Another Gender,I do not have an SpLD,5,3,3,1,4,2,4,4,5,3,3,3,2,3
92d2f99a,England,English,Psychology,2nd Year,22-25,Female/Woman,ADHD/ADD,4,5,5,4,5,3,5,4,5,5,4,5,4,4
92f70cfd,England,English,Psychology,2nd Year,18-21,Female/Woman,I do not have an SpLD,4,3,2,4,4,3,4,3,4,2,2,4,3,3
930962a5,England,English,Psychology,2nd Year,18-21,Female/Woman,I do not have an SpLD,5,4,4,2,5,1,4,4,5,4,4,3,5,1
95793aa5,England,English,Psychology,2nd Year,18-21,Female/Woman,I do not have an SpLD,5,2,2,2,5,3,4,3,5,4,1,1,4,3
96478b91,England,English,Psychology,NA,NA,NA,NA,4,3,4,2,3,1,4,3,3,2,2,3,3,1
9777cf68,England,English,Psychology,2nd Year,18-21,Female/Woman,I do not have an SpLD,4,3,3,2,5,1,5,4,5,2,2,2,4,2
97cf2034,England,English,Psychology,2nd Year,18-21,Female/Woman,I do not have an SpLD,5,3,4,2,5,2,5,5,5,3,3,3,5,4
9a3cf995,England,English,Psychology,1st Year,18-21,Female/Woman,I do not have an SpLD,4,5,5,4,4,3,4,4,5,3,3,5,3,3
9d2b64f2,England,English,Psychology,2nd Year,22-25,Male/Man,I do not have an SpLD,5,5,5,2,5,1,5,5,5,1,1,4,5,1
a2531adf,England,English,Psychology,2nd Year,18-21,Female/Woman,I do not have an SpLD,4,2,2,2,5,3,5,3,5,3,2,4,4,2
a49d2c34,England,English,Psychology,3rd Year,18-21,Female/Woman,I do not have an SpLD,5,5,4,4,5,4,5,4,5,3,3,5,5,5
a5362046,England,English,Psychology,1st Year,18-21,Female/Woman,I do not have an SpLD,4,4,4,4,4,3,3,2,2,2,2,4,4,3
a79c7f52,England,English,Psychology,2nd Year,18-21,Female/Woman,I do not have an SpLD,2,1,3,1,4,1,4,2,3,1,1,1,1,1
a8789b65,England,English,Psychology,1st Year,18-21,Female/Woman,Other - Autism Spectrum Disorder,2,3,2,3,4,2,4,3,3,4,4,3,4,4
a9183730,England,English,Psychology,1st Year,18-21,Female/Woman,I do not have an SpLD,2,1,1,2,2,1,3,2,3,2,3,1,1,2
ad00cf65,England,English,Psychology,3rd Year,18-21,Female/Woman,I do not have an SpLD,3,3,4,3,5,1,5,4,4,2,2,3,3,2
ad400dd7,England,English,Psychology,2nd Year,18-21,Female/Woman,I do not have an SpLD,5,4,4,3,5,3,5,4,5,3,4,4,3,4
af25b308,England,English,Psychology,2nd Year,18-21,Female/Woman,I do not have an SpLD,1,3,2,4,3,1,2,2,3,1,4,3,2,4
afa2d62f,England,English,Psychology,2nd Year,18-21,Female/Woman,I do not have an SpLD,3,4,3,2,4,1,3,2,3,2,3,3,2,3
aff03080,England,English,Psychology,2nd Year,18-21,Female/Woman,NA,5,5,5,5,5,3,5,4,5,5,1,5,5,1
b18c1f1f,England,English,Psychology,2nd Year,18-21,Female/Woman,I do not have an SpLD,2,2,4,3,4,3,4,4,2,4,5,4,2,3
b26601f8,England,English,Psychology,2nd Year,22-25,Male/Man,Dyspraxia,3,2,2,1,4,1,4,2,4,1,2,2,4,1
b3cf5821,England,English,Psychology,3rd Year,18-21,Female/Woman,NA,3,4,3,3,3,3,3,3,4,2,2,3,4,3
b76f221f,England,English,Psychology,1st Year,18-21,Female/Woman,Other - Undiagnosed ADHD/ADD,4,4,5,4,5,4,5,5,5,4,4,5,3,4
b8492f38,England,English,Psychology,3rd Year,18-21,Female/Woman,I do not have an SpLD,4,5,3,4,5,2,5,4,5,5,5,4,5,5
bf2149b4,England,English,Psychology,2nd Year,18-21,Male/Man,I do not have an SpLD,3,3,2,2,4,1,4,2,4,2,1,3,4,2
c07d62a0,England,English,Psychology,2nd Year,18-21,Female/Woman,I do not have an SpLD,4,5,4,5,4,2,4,5,4,4,4,5,4,3
c25c7437,England,English,Psychology,2nd Year,18-21,Female/Woman,I do not have an SpLD,4,1,1,1,5,1,4,2,5,1,1,1,1,1
c39fa078,England,English,Psychology,1st Year,18-21,Female/Woman,I do not have an SpLD,5,3,4,3,5,4,5,4,5,5,5,4,5,4
c428800d,England,English,Psychology,2nd Year,18-21,Male/Man,Dyslexia,4,4,4,3,5,2,4,1,3,4,5,2,2,4
c47a9cc0,England,English,Psychology,1st Year,18-21,Male/Man,Dyslexia,4,4,4,4,4,3,4,4,4,3,3,3,4,3
c5d6cfd8,England,English,Psychology,1st Year,22-25,Female/Woman,I do not have an SpLD,4,3,4,3,5,2,5,4,5,1,1,4,5,1
c7055b39,England,English,Psychology,2nd Year,18-21,Female/Woman,I do not have an SpLD,2,1,1,2,3,1,2,1,2,1,1,2,3,1
c87cb3d0,England,English,Psychology,2nd Year,18-21,Female/Woman,I do not have an SpLD,4,4,2,3,5,4,4,3,5,1,2,2,4,3
c98b26bb,England,English,Psychology,2nd Year,18-21,Female/Woman,NA,4,1,1,1,5,1,4,2,1,1,1,1,5,1
cb5a38a8,England,English,Psychology,1st Year,18-21,Female/Woman,I do not have an SpLD,4,3,3,3,4,4,4,4,4,3,3,3,3,3
cb97b831,England,English,Psychology,1st Year,18-21,Female/Woman,NA,4,3,3,3,5,1,5,3,5,3,3,4,3,3
cc39fa50,England,English,Psychology,3rd Year,18-21,Male/Man,I do not have an SpLD,2,1,2,1,3,1,2,2,3,1,1,1,1,1
ccc4bf8f,England,English,Psychology,1st Year,18-21,Female/Woman,I do not have an SpLD,5,1,5,1,5,5,5,3,5,1,2,3,5,2
cd441234,England,English,Psychology,1st Year,18-21,Male/Man,I do not have an SpLD,1,4,3,2,4,2,3,4,5,4,3,2,4,3
cfc5a176,England,English,Psychology,2nd Year,18-21,Female/Woman,I do not have an SpLD,5,4,5,4,5,5,5,5,5,4,5,5,5,5
d0686f62,England,English,Psychology,3rd Year,18-21,Female/Woman,I do not have an SpLD,2,1,2,1,3,1,4,2,3,1,1,2,1,1
d16ca918,England,English,Psychology,2nd Year,18-21,Female/Woman,I do not have an SpLD,5,4,4,3,5,4,5,4,5,3,4,3,2,4
d44f1fb1,England,English,Psychology,2nd Year,18-21,Female/Woman,I do not have an SpLD,5,2,3,3,5,4,5,3,5,3,2,2,5,2
d4f554f5,England,English,Psychology,1st Year,18-21,Female/Woman,I do not have an SpLD,4,3,3,2,5,2,5,3,5,4,3,4,5,3
d57f8d8c,England,English,Psychology,1st Year,18-21,Female/Woman,I do not have an SpLD,3,3,3,3,4,1,4,3,4,2,2,3,3,2
d8393c6d,England,English,Psychology,2nd Year,18-21,Female/Woman,I do not have an SpLD,5,2,4,3,5,2,5,5,5,5,3,3,3,3
d8c9321d,England,English,Psychology,2nd Year,18-21,Female/Woman,I do not have an SpLD,4,5,4,3,5,2,4,3,5,3,4,4,4,3
da667f7d,England,English,Psychology,2nd Year,18-21,Female/Woman,I do not have an SpLD,5,5,3,4,5,3,5,5,5,4,4,5,5,4
dd775688,England,English,Psychology,2nd Year,18-21,Female/Woman,ADHD/ADD,3,3,4,3,5,1,5,4,5,3,3,3,5,2
df735f38,England,English,Psychology,1st Year,18-21,Female/Woman,I do not have an SpLD,5,5,5,2,5,4,3,4,4,3,3,1,5,5
f1c11ccf,England,English,Psychology,2nd Year,18-21,Female/Woman,I do not have an SpLD,4,3,2,2,5,1,5,2,5,2,2,4,4,2
f2fd746d,England,English,Psychology,1st Year,18-21,Female/Woman,I do not have an SpLD,4,2,2,1,5,2,5,2,5,3,4,1,4,1
f3c50599,England,English,Psychology,2nd Year,18-21,Female/Woman,Dyslexia,5,3,4,3,5,5,5,5,5,2,4,4,3,4
f49304af,England,English,Psychology,1st Year,26+,Female/Woman,ADHD/ADD,4,5,5,5,4,2,3,4,4,2,4,5,3,4
f53a8960,England,English,Psychology,1st Year,18-21,Female/Woman,I do not have an SpLD,4,4,1,3,4,1,3,2,4,2,2,3,4,2
f5a96d9d,England,English,Psychology,1st Year,18-21,Female/Woman,I do not have an SpLD,4,2,3,2,5,1,5,2,4,4,3,2,3,3
f5f8435f,England,English,Psychology,3rd Year,18-21,Female/Woman,I do not have an SpLD,5,5,3,2,5,1,5,3,5,3,2,5,2,3
f74702df,England,English,Psychology,2nd Year,18-21,Female/Woman,I do not have an SpLD,4,2,4,2,5,3,5,4,5,2,2,2,4,2
f76288ff,England,English,Psychology,NA,18-21,Male/Man,I do not have an SpLD,5,5,3,2,5,4,5,4,5,5,5,5,4,5
f8170050,England,English,Psychology,2nd Year,18-21,Female/Woman,I do not have an SpLD,4,3,3,3,5,2,5,3,5,3,3,3,3,3
f877d515,England,English,Psychology,2nd Year,18-21,Female/Woman,I do not have an SpLD,4,3,2,2,5,1,5,3,5,1,2,2,3,2
f9f58556,England,English,Psychology,2nd Year,26+,Male/Man,I do not have an SpLD,5,2,3,2,5,1,5,3,3,2,3,4,5,2
fa04ad77,England,English,Psychology,1st Year,18-21,Female/Woman,I do not have an SpLD,4,2,4,2,5,3,4,3,4,4,4,4,4,2
fa275666,England,English,Psychology,2nd Year,18-21,Female/Woman,I do not have an SpLD,4,2,3,3,4,2,4,3,4,3,5,4,4,3
fa6c2b2d,England,English,Psychology,1st Year,18-21,Female/Woman,I do not have an SpLD,3,3,4,3,3,2,4,2,2,3,4,3,3,3
fb4d8906,England,English,Psychology,3rd Year,18-21,Female/Woman,I do not have an SpLD,2,2,3,2,3,1,3,3,3,2,2,2,2,2
fb7f85d5,England,English,Psychology,2nd Year,18-21,Female/Woman,I do not have an SpLD,5,4,3,2,5,1,5,2,5,1,2,3,3,1
fc79f2db,England,English,Psychology,2nd Year,18-21,Female/Woman,I do not have an SpLD,4,4,3,4,4,3,4,4,4,3,3,4,2,2
fd0a25bc,England,English,Psychology,1st Year,18-21,Female/Woman,I do not have an SpLD,2,2,2,2,4,1,5,2,5,1,2,1,5,1
fda45836,England,English,Psychology,2nd Year,18-21,Female/Woman,I do not have an SpLD,5,4,5,3,5,3,5,3,5,5,4,5,3,5
fdb1a15c,England,English,Psychology,3rd Year,18-21,Male/Man,I do not have an SpLD,2,2,1,2,4,3,4,2,3,2,2,3,3,2
fddff33a,England,English,Psychology,3rd Year,18-21,Male/Man,I do not have an SpLD,2,2,2,3,2,2,3,2,3,3,NA,2,2,3
ff1c46f1,England,English,Psychology,1st Year,18-21,Female/Woman,I do not have an SpLD,4,4,2,4,5,2,5,5,5,4,5,5,4,4
ff24c1f1,England,English,Psychology,2nd Year,18-21,Female/Woman,Dyscalculia,5,5,5,3,5,1,5,5,4,2,5,5,5,2
ff987089,England,English,Psychology,1st Year,18-21,Female/Woman,I do not have an SpLD,4,3,4,4,5,3,5,4,4,5,4,3,3,4
ffa539c3,England,English,Psychology,2nd Year,18-21,Female/Woman,I do not have an SpLD,4,4,2,3,4,3,4,5,4,3,2,4,4,2
00177c90,Serbia,Non-English,Social Sciences,3rd Year,22-25,Female/Woman,I do not have an SpLD,5,1,1,1,5,1,5,1,5,5,2,1,5,2
00fa13c2,Serbia,Non-English,Education,3rd Year,22-25,Female/Woman,ADHD/ADD,3,3,3,2,3,3,3,5,2,3,3,1,4,3
02595074,Serbia,Non-English,Psychology,1st Year,18-21,Female/Woman,I do not have an SpLD,3,1,2,1,4,1,5,1,3,1,1,1,5,1
03130244,Serbia,Non-English,Psychology,3rd Year,18-21,Female/Woman,I do not have an SpLD,2,2,2,2,2,1,1,1,1,1,2,2,2,1
079456d8,Serbia,Non-English,Psychology,2nd Year,18-21,Female/Woman,I do not have an SpLD,2,1,2,1,4,2,3,1,2,1,1,1,3,1
08795367,Serbia,Non-English,Psychology,2nd Year,18-21,Male/Man,I do not have an SpLD,2,5,4,4,2,1,2,2,1,2,2,5,3,3
0dcf5b50,Serbia,Non-English,Psychology,4th Year,22-25,Female/Woman,I do not have an SpLD,2,3,1,1,4,1,5,2,5,3,2,2,4,2
0f2d9f9b,Serbia,Non-English,Psychology,3rd Year,22-25,Female/Woman,I do not have an SpLD,1,1,1,1,2,1,1,1,1,1,1,1,1,2
0f7d1fdc,Serbia,Non-English,Psychology,2nd Year,18-21,Female/Woman,I do not have an SpLD,3,2,3,1,4,1,4,1,4,2,1,1,3,2
1b0927fc,Serbia,Non-English,Psychology,NA,NA,NA,NA,3,3,3,1,4,2,4,1,3,1,1,1,3,1
1d1f2722,Serbia,Non-English,Psychology,2nd Year,18-21,Male/Man,I do not have an SpLD,3,1,1,1,3,1,2,1,2,2,2,1,2,2
1dc7f9f8,Serbia,Non-English,Psychology,3rd Year,18-21,Female/Woman,I do not have an SpLD,1,3,4,2,2,3,1,3,2,2,2,3,2,1
240a340f,Serbia,Non-English,Psychology,3rd Year,18-21,Female/Woman,I do not have an SpLD,3,3,2,1,5,1,5,1,4,1,1,3,4,1
24b829d6,Serbia,Non-English,Psychology,3rd Year,18-21,Female/Woman,I do not have an SpLD,3,3,3,3,3,2,3,1,3,2,2,3,4,2
264d765b,Serbia,Non-English,Psychology,2nd Year,18-21,Male/Man,I do not have an SpLD,4,4,4,2,5,2,2,4,4,4,3,4,4,3
2b7d2c5f,Serbia,Non-English,Psychology,3rd Year,22-25,Male/Man,I do not have an SpLD,1,1,1,1,1,1,1,1,1,1,1,1,1,1
37858fbd,Serbia,Non-English,Psychology,1st Year,18-21,Female/Woman,NA,5,4,3,2,5,1,5,5,5,4,5,3,5,5
393ac27c,Serbia,Non-English,Psychology,3rd Year,26+,Female/Woman,I do not have an SpLD,5,5,3,4,5,3,5,4,5,4,4,4,4,4
398a34f7,Serbia,Non-English,Education,4th Year,22-25,Female/Woman,I do not have an SpLD,3,2,4,1,5,1,5,3,4,2,1,1,5,1
3d6c3530,Serbia,Non-English,Social Sciences,2nd Year,18-21,Female/Woman,I do not have an SpLD,4,2,4,2,5,2,5,3,5,1,1,3,5,1
3f2bf13b,Serbia,Non-English,Psychology,2nd Year,18-21,Female/Woman,I do not have an SpLD,4,3,3,3,5,1,5,2,4,3,4,5,4,1
41f274dd,Serbia,Non-English,Education,3rd Year,22-25,Female/Woman,I do not have an SpLD,5,2,5,2,5,1,4,3,4,5,3,3,4,3
41f2af0c,Serbia,Non-English,Psychology,2nd Year,18-21,Female/Woman,I do not have an SpLD,2,1,1,1,3,1,2,1,2,1,1,1,1,1
42492306,Serbia,Non-English,Psychology,1st Year,18-21,Female/Woman,I do not have an SpLD,3,1,4,3,4,1,4,2,3,2,4,3,3,4
4433fb11,Serbia,Non-English,Social Sciences,3rd Year,22-25,Female/Woman,I do not have an SpLD,2,2,2,2,5,1,5,2,5,1,1,1,3,1
47c6fc70,Serbia,Non-English,Social Sciences,3rd Year,18-21,Female/Woman,I do not have an SpLD,1,1,1,1,3,1,3,1,2,2,2,1,1,1
531388d7,Serbia,Non-English,Psychology,3rd Year,22-25,Female/Woman,I do not have an SpLD,3,1,2,1,4,2,4,2,3,4,3,1,5,2
62612cc7,Serbia,Non-English,Psychology,1st Year,18-21,Female/Woman,I do not have an SpLD,4,4,2,2,2,3,1,1,2,4,1,2,1,1
636c7f78,Serbia,Non-English,Psychology,2nd Year,18-21,Male/Man,I do not have an SpLD,2,1,1,1,4,2,2,1,3,1,2,2,2,1
63f0d069,Serbia,Non-English,Psychology,NA,NA,NA,NA,2,1,2,1,5,1,5,2,4,3,2,2,5,2
642d8ca1,Serbia,Non-English,Social Sciences,1st Year,18-21,Female/Woman,I do not have an SpLD,4,2,2,2,5,1,4,3,2,4,2,2,3,2
66a67b27,Serbia,Non-English,Psychology,2nd Year,18-21,Female/Woman,I do not have an SpLD,1,1,1,1,2,1,2,1,2,1,1,1,1,1
6bf3185f,Serbia,Non-English,Psychology,2nd Year,22-25,Male/Man,I do not have an SpLD,1,1,1,1,2,1,2,1,2,2,1,1,1,1
6f08f4f9,Serbia,Non-English,Psychology,4th Year,22-25,Female/Woman,I do not have an SpLD,2,1,2,1,4,4,1,2,2,1,1,2,2,1
70a0f187,Serbia,Non-English,Psychology,1st Year,18-21,Male/Man,I do not have an SpLD,4,3,2,2,5,1,3,2,3,2,2,3,4,1
7292373b,Serbia,Non-English,Psychology,1st Year,18-21,Female/Woman,I do not have an SpLD,5,4,3,4,5,5,5,3,5,5,4,4,3,4
77034746,Serbia,Non-English,Social Sciences,3rd Year,22-25,Female/Woman,I do not have an SpLD,3,2,2,1,3,1,3,2,3,1,1,2,2,1
772cbbc4,Serbia,Non-English,Psychology,4th Year,22-25,Female/Woman,I do not have an SpLD,3,2,2,1,3,1,4,2,3,3,2,2,3,2
7aa7440d,Serbia,Non-English,Psychology,1st Year,18-21,Female/Woman,I do not have an SpLD,4,3,3,3,3,2,2,3,4,2,2,4,4,2
7b6179ff,Serbia,Non-English,Psychology,4th Year,22-25,Female/Woman,I do not have an SpLD,2,1,2,1,4,1,4,1,4,3,1,2,4,2
7b6a3786,Serbia,Non-English,Psychology,1st Year,18-21,Female/Woman,I do not have an SpLD,4,5,4,4,4,1,2,4,4,2,2,4,3,2
81c8fc29,Serbia,Non-English,Psychology,1st Year,18-21,Female/Woman,I do not have an SpLD,4,2,3,3,5,1,5,4,5,2,1,4,5,1
826ccf4d,Serbia,Non-English,Psychology,3rd Year,22-25,Female/Woman,I do not have an SpLD,3,1,3,1,3,2,3,3,4,3,4,2,3,3
86c3f2a8,Serbia,Non-English,Psychology,3rd Year,18-21,Female/Woman,I do not have an SpLD,3,2,3,2,3,1,2,1,3,2,1,2,4,1
8ba27a86,Serbia,Non-English,Psychology,3rd Year,22-25,Female/Woman,I do not have an SpLD,3,2,2,2,3,1,3,2,2,2,2,2,3,2
8f11a207,Serbia,Non-English,Psychology,1st Year,18-21,Female/Woman,I do not have an SpLD,3,1,4,2,4,3,3,3,4,3,2,2,4,2
9196f1b1,Serbia,Non-English,Psychology,3rd Year,18-21,Female/Woman,NA,3,5,3,3,5,2,5,3,5,3,2,4,5,2
92cf55f7,Serbia,Non-English,Education,3rd Year,22-25,Female/Woman,I do not have an SpLD,5,3,3,1,4,1,4,3,5,2,2,3,3,2
94bb34fa,Serbia,Non-English,Psychology,4th Year,22-25,Female/Woman,I do not have an SpLD,2,4,2,2,5,1,5,3,4,4,4,3,2,3
99c1bf7d,Serbia,Non-English,Social Sciences,1st Year,18-21,Female/Woman,I do not have an SpLD,4,3,4,3,5,2,4,4,4,2,2,3,3,2
9ab02920,Serbia,Non-English,Psychology,1st Year,18-21,Female/Woman,I do not have an SpLD,3,3,4,3,2,4,1,3,2,3,4,4,3,2
9ad192cf,Serbia,Non-English,Psychology,NA,NA,NA,NA,3,1,4,1,5,2,4,4,5,5,5,2,5,5
9b7c4972,Serbia,Non-English,Education,3rd Year,18-21,Female/Woman,I do not have an SpLD,3,1,2,2,4,1,4,2,3,1,2,3,3,2
9c5ca263,Serbia,Non-English,Psychology,NA,NA,NA,NA,5,4,3,4,5,2,5,4,5,4,4,4,5,3
9f25803a,Serbia,Non-English,Education,4th Year,22-25,Female/Woman,I do not have an SpLD,5,3,3,4,5,1,5,4,5,4,3,3,5,2
9f812012,Serbia,Non-English,Psychology,4th Year,22-25,Female/Woman,I do not have an SpLD,2,2,2,2,3,2,3,2,3,2,2,2,3,2
a2f63bf9,Serbia,Non-English,Education,3rd Year,18-21,Male/Man,I do not have an SpLD,4,3,3,1,3,1,3,3,4,3,4,2,3,3
a42ad73b,Serbia,Non-English,Psychology,4th Year,22-25,Female/Woman,I do not have an SpLD,1,1,2,1,2,1,1,2,2,2,2,1,2,2
a4c8f3cb,Serbia,Non-English,Social Sciences,3rd Year,18-21,Female/Woman,I do not have an SpLD,2,2,3,1,2,1,2,2,2,2,2,3,3,1
a4cf2f95,Serbia,Non-English,Psychology,2nd Year,18-21,Male/Man,I do not have an SpLD,3,2,3,3,4,1,4,2,2,2,2,3,4,2
a743fc3f,Serbia,Non-English,Psychology,4th Year,22-25,Female/Woman,I do not have an SpLD,2,1,1,1,4,1,1,1,2,1,1,2,1,1
a990bff3,Serbia,Non-English,Psychology,3rd Year,18-21,NA,I do not have an SpLD,3,1,2,1,4,1,5,1,5,5,4,2,5,5
b0378341,Serbia,Non-English,Education,NA,NA,NA,NA,5,3,1,2,5,1,5,3,5,1,1,2,4,1
b553a1df,Serbia,Non-English,Psychology,1st Year,18-21,Male/Man,I do not have an SpLD,3,2,1,2,4,3,4,1,4,3,3,2,4,2
b6c2d3f8,Serbia,Non-English,Psychology,NA,NA,NA,NA,4,1,1,1,5,1,5,2,4,4,1,1,4,1
bb51d563,Serbia,Non-English,Psychology,2nd Year,18-21,Female/Woman,I do not have an SpLD,3,1,2,1,4,1,3,1,3,2,1,2,2,1
c640f238,Serbia,Non-English,Education,3rd Year,22-25,Female/Woman,NA,5,4,3,4,5,3,5,3,4,4,5,5,5,4
cb5063a4,Serbia,Non-English,Psychology,3rd Year,22-25,Female/Woman,I do not have an SpLD,2,1,1,1,3,1,3,1,4,3,3,1,1,1
cbdf6f9f,Serbia,Non-English,Psychology,3rd Year,22-25,Female/Woman,I do not have an SpLD,2,2,2,2,3,1,2,2,2,3,3,3,3,3
cbfb9b11,Serbia,Non-English,Education,3rd Year,18-21,Female/Woman,I do not have an SpLD,4,3,3,1,5,2,5,4,5,3,2,2,4,2
cd8a7b19,Serbia,Non-English,Psychology,1st Year,18-21,Female/Woman,I do not have an SpLD,4,2,2,2,4,3,1,1,3,1,1,2,2,1
cf0f9097,Serbia,Non-English,Psychology,1st Year,18-21,Male/Man,I do not have an SpLD,1,1,1,1,2,1,2,1,2,1,1,1,2,1
cfa55538,Serbia,Non-English,Psychology,2nd Year,18-21,Male/Man,I do not have an SpLD,3,1,2,1,4,2,1,3,3,1,1,1,2,1
d28da883,Serbia,Non-English,Education,3rd Year,22-25,Female/Woman,I do not have an SpLD,2,1,1,1,5,1,4,1,4,1,1,2,5,1
d7d4d2cc,Serbia,Non-English,Psychology,4th Year,22-25,Female/Woman,I do not have an SpLD,5,3,3,2,5,1,5,3,5,5,4,4,5,2
dd002b2a,Serbia,Non-English,Psychology,2nd Year,18-21,Female/Woman,I do not have an SpLD,3,2,3,2,5,2,5,2,4,4,3,2,4,2
dff3b748,Serbia,Non-English,Psychology,NA,NA,NA,NA,3,3,3,3,5,2,4,2,4,2,2,3,4,2
f15a7f68,Serbia,Non-English,Psychology,3rd Year,18-21,Female/Woman,I do not have an SpLD,3,1,3,1,3,2,2,2,1,1,1,1,2,1
f27cb0a8,Serbia,Non-English,Education,3rd Year,22-25,Female/Woman,I do not have an SpLD,2,4,3,3,3,2,3,3,3,1,4,2,4,1
f41d16ff,Serbia,Non-English,Psychology,1st Year,18-21,Female/Woman,I do not have an SpLD,5,5,4,4,5,2,5,2,5,5,4,5,5,5
f428f035,Serbia,Non-English,Psychology,1st Year,18-21,Female/Woman,I do not have an SpLD,4,4,4,4,5,1,1,4,4,3,1,4,4,3
f5c99f18,Serbia,Non-English,Psychology,2nd Year,18-21,Female/Woman,I do not have an SpLD,5,3,4,2,5,4,5,4,5,4,3,2,5,4
f9b55d2c,Serbia,Non-English,Psychology,3rd Year,18-21,Female/Woman,I do not have an SpLD,5,3,3,2,2,1,2,4,3,3,2,1,1,1
fad9d490,Serbia,Non-English,Education,3rd Year,22-25,Female/Woman,I do not have an SpLD,3,3,3,3,5,3,5,3,3,2,4,3,3,3
fbdcf774,Serbia,Non-English,Psychology,1st Year,22-25,Male/Man,I do not have an SpLD,4,2,3,3,5,1,5,3,4,4,4,3,4,4
fcf4ad81,Serbia,Non-English,Education,1st Year,18-21,Female/Woman,I do not have an SpLD,5,4,3,2,5,1,5,5,3,1,1,4,2,1
ff8b3aff,Serbia,Non-English,Psychology,3rd Year,18-21,Female/Woman,I do not have an SpLD,4,4,4,4,5,2,4,5,4,4,3,4,3,4
ffa9a63c,Serbia,Non-English,Psychology,3rd Year,NA,Female/Woman,I do not have an SpLD,2,3,4,4,3,2,3,5,3,1,2,4,3,2
ffd3b4f5,Serbia,Non-English,Psychology,2nd Year,18-21,Female/Woman,I do not have an SpLD,4,2,3,2,5,2,5,4,5,3,4,2,5,3
0ccdcb04,Indonesia,Non-English,Psychology,1st Year,18-21,Female/Woman,I do not have an SpLD,5,4,4,4,5,2,5,2,4,5,4,4,3,3
1002fa29,Indonesia,Non-English,Psychology,1st Year,18-21,Female/Woman,I do not have an SpLD,4,3,4,3,5,1,5,2,5,3,2,4,4,2
102028a5,Indonesia,Non-English,Psychology,1st Year,18-21,Male/Man,I do not have an SpLD,5,5,3,3,4,1,4,2,5,4,3,3,3,4
190887c4,Indonesia,Non-English,Psychology,1st Year,18-21,Female/Woman,I do not have an SpLD,3,4,3,2,5,1,5,4,4,5,2,3,4,3
1a528bd5,Indonesia,Non-English,Psychology,1st Year,18-21,Female/Woman,I do not have an SpLD,3,2,3,3,5,2,5,4,5,3,3,3,3,2
22df3934,Indonesia,Non-English,Psychology,1st Year,18-21,Female/Woman,I do not have an SpLD,2,2,3,2,3,1,2,2,1,1,1,2,3,1
2bf4f949,Indonesia,Non-English,Psychology,1st Year,18-21,Female/Woman,I do not have an SpLD,2,2,1,2,2,1,3,1,4,3,1,1,3,1
337df4a9,Indonesia,Non-English,Psychology,1st Year,18-21,Female/Woman,I do not have an SpLD,3,3,3,3,3,2,4,3,2,2,2,3,2,2
367251da,Indonesia,Non-English,Psychology,1st Year,18-21,Male/Man,I do not have an SpLD,4,4,4,5,5,1,4,2,4,4,2,5,3,1
39c786ca,Indonesia,Non-English,Psychology,1st Year,NA,Male/Man,I do not have an SpLD,4,4,5,2,5,1,5,5,4,4,3,4,5,3
3c2c92f9,Indonesia,Non-English,Psychology,1st Year,18-21,Female/Woman,Other - Undiagnosed Non-Specific,5,5,3,5,5,1,2,3,5,4,3,5,5,3
3dfff7b8,Indonesia,Non-English,Psychology,1st Year,18-21,Female/Woman,I do not have an SpLD,2,4,4,4,5,2,4,4,2,5,4,4,4,2
424097d0,Indonesia,Non-English,Psychology,1st Year,18-21,Female/Woman,Other - Unsure,4,3,4,4,4,1,5,3,3,4,3,3,4,2
437b4ffa,Indonesia,Non-English,Psychology,1st Year,18-21,Male/Man,I do not have an SpLD,5,3,2,5,5,1,5,2,5,4,2,4,2,2
44c0db62,Indonesia,Non-English,Psychology,1st Year,18-21,Female/Woman,I do not have an SpLD,5,3,2,2,5,1,5,2,5,5,3,3,4,3
4552689c,Indonesia,Non-English,Psychology,1st Year,18-21,Female/Woman,I do not have an SpLD,4,4,3,3,4,3,3,3,4,2,3,3,3,2
47c7d620,Indonesia,Non-English,Psychology,1st Year,18-21,Female/Woman,I do not have an SpLD,5,3,1,3,5,1,4,4,5,5,4,4,4,3
536ac763,Indonesia,Non-English,Psychology,1st Year,18-21,Female/Woman,I do not have an SpLD,5,4,4,4,5,4,5,5,5,5,5,4,5,1
563151fc,Indonesia,Non-English,Psychology,1st Year,18-21,Female/Woman,ADHD/ADD,5,1,1,5,5,1,5,3,5,4,5,2,5,1
5933a017,Indonesia,Non-English,Psychology,2nd Year,18-21,Female/Woman,Other - Undiagnosed Non-Specific,3,4,3,3,4,1,4,4,3,4,4,3,3,3
5ab6cd92,Indonesia,Non-English,Psychology,1st Year,18-21,Female/Woman,I do not have an SpLD,4,4,3,4,5,1,5,3,5,5,4,3,4,2
5f349390,Indonesia,Non-English,Psychology,1st Year,18-21,Female/Woman,I do not have an SpLD,4,4,4,5,5,2,5,5,5,2,2,5,4,2
5f4cd237,Indonesia,Non-English,Psychology,1st Year,18-21,Female/Woman,NA,4,4,2,2,5,3,5,2,5,4,2,2,5,2
631b1152,Indonesia,Non-English,Psychology,1st Year,18-21,Female/Woman,I do not have an SpLD,2,3,3,3,4,3,4,2,2,3,3,3,3,2
64886fa2,Indonesia,Non-English,Psychology,1st Year,18-21,Female/Woman,I do not have an SpLD,4,3,4,2,5,1,4,4,5,4,3,3,5,2
69571c07,Indonesia,Non-English,Psychology,2nd Year,18-21,Female/Woman,I do not have an SpLD,5,3,2,2,5,1,5,3,5,5,2,3,4,2
702daf37,Indonesia,Non-English,Psychology,1st Year,18-21,Female/Woman,I do not have an SpLD,5,4,3,5,4,2,5,3,3,3,4,3,3,2
70b72d01,Indonesia,Non-English,Psychology,1st Year,18-21,Female/Woman,I do not have an SpLD,5,4,3,4,5,1,5,3,5,2,3,4,5,1
72db328f,Indonesia,Non-English,Psychology,1st Year,18-21,Female/Woman,I do not have an SpLD,4,3,3,3,4,3,4,3,4,4,4,3,3,4
7da5fb6d,Indonesia,Non-English,Psychology,1st Year,18-21,Female/Woman,I do not have an SpLD,4,4,3,4,5,3,5,3,5,4,2,4,5,2
89f3d536,Indonesia,Non-English,Psychology,1st Year,18-21,Female/Woman,I do not have an SpLD,4,2,2,2,5,1,4,3,3,4,4,3,3,5
8dc97433,Indonesia,Non-English,Psychology,1st Year,18-21,Female/Woman,I do not have an SpLD,3,3,3,3,5,1,5,3,4,5,3,3,5,1
90cf1c1c,Indonesia,Non-English,Psychology,1st Year,18-21,Male/Man,I do not have an SpLD,4,4,4,4,5,3,4,4,4,4,3,4,4,2
915c515f,Indonesia,Non-English,Psychology,1st Year,18-21,Female/Woman,I do not have an SpLD,4,4,5,3,5,3,4,4,4,5,4,4,4,4
9b928897,Indonesia,Non-English,Psychology,1st Year,18-21,Female/Woman,I do not have an SpLD,4,4,4,4,5,1,4,4,5,3,2,5,4,2
a080fffc,Indonesia,Non-English,Psychology,NA,NA,NA,NA,5,4,4,4,5,2,4,4,2,4,3,4,5,3
a42f2c37,Indonesia,Non-English,Psychology,1st Year,18-21,Male/Man,NA,2,2,4,3,4,1,3,2,3,3,3,3,4,1
ac30d8a4,Indonesia,Non-English,Psychology,1st Year,18-21,Female/Woman,I do not have an SpLD,5,5,5,5,5,4,5,4,5,4,4,5,5,4
b371bf08,Indonesia,Non-English,Psychology,2nd Year,18-21,Female/Woman,I do not have an SpLD,3,3,2,2,5,1,5,2,5,4,2,3,5,1
b72d8fa8,Indonesia,Non-English,Psychology,1st Year,18-21,Female/Woman,I do not have an SpLD,4,3,2,2,5,2,2,4,3,3,1,1,4,3
b8b7f510,Indonesia,Non-English,Psychology,1st Year,18-21,Female/Woman,I do not have an SpLD,5,3,4,4,5,2,5,3,5,5,4,4,5,3
c1a58dc0,Indonesia,Non-English,Psychology,1st Year,18-21,Female/Woman,I do not have an SpLD,3,4,2,4,4,3,5,2,5,5,3,4,4,2
cb56b85f,Indonesia,Non-English,Psychology,1st Year,18-21,Female/Woman,NA,5,5,4,3,5,1,5,5,5,5,3,3,5,3
cd3d8337,Indonesia,Non-English,Psychology,1st Year,18-21,Female/Woman,I do not have an SpLD,2,5,5,5,3,1,3,5,3,5,4,5,3,3
d00d2280,Indonesia,Non-English,Psychology,1st Year,18-21,Female/Woman,I do not have an SpLD,2,4,3,4,4,1,4,3,1,1,1,3,4,1
d3095763,Indonesia,Non-English,Psychology,1st Year,NA,Female/Woman,I do not have an SpLD,3,3,2,1,4,1,4,3,1,3,2,3,2,2
d407f0b9,Indonesia,Non-English,Psychology,2nd Year,18-21,Male/Man,I do not have an SpLD,3,4,3,3,3,2,2,3,4,2,2,3,3,3
d51a17ac,Indonesia,Non-English,Psychology,1st Year,18-21,Male/Man,I do not have an SpLD,2,3,4,3,2,1,2,4,2,3,3,3,2,3
d613718a,Indonesia,Non-English,Psychology,1st Year,18-21,Female/Woman,I do not have an SpLD,4,4,2,3,5,1,5,3,4,5,4,3,5,1
db3325f7,Indonesia,Non-English,Psychology,1st Year,18-21,Female/Woman,I do not have an SpLD,5,4,3,3,5,1,5,3,5,5,3,2,5,1
f189afa4,Indonesia,Non-English,Psychology,2nd Year,18-21,Female/Woman,I do not have an SpLD,4,4,1,2,4,3,4,2,2,4,4,2,4,2
f61a954c,Indonesia,Non-English,Psychology,1st Year,18-21,Female/Woman,I do not have an SpLD,5,3,2,3,5,2,5,2,4,4,1,3,4,1
f7aa805d,Indonesia,Non-English,Psychology,1st Year,18-21,Female/Woman,I do not have an SpLD,5,4,4,4,5,2,5,4,2,4,4,3,5,3
f8b3b3bf,Indonesia,Non-English,Psychology,1st Year,18-21,Male/Man,I do not have an SpLD,2,1,4,2,3,1,3,1,3,1,1,4,2,1
f98cf236,Indonesia,Non-English,Psychology,1st Year,18-21,Female/Woman,I do not have an SpLD,4,3,3,3,3,1,4,3,4,4,2,3,5,5
02b52ab1,Greece,Non-English,Psychology,2nd Year,22-25,Female/Woman,I do not have an SpLD,4,3,3,2,4,1,4,3,4,2,2,4,3,2
06d33851,Greece,Non-English,Psychology,4th Year,18-21,Female/Woman,I do not have an SpLD,2,1,2,2,2,3,2,2,2,1,2,2,2,2
0b8ab99f,Greece,Non-English,Psychology,2nd Year,18-21,Female/Woman,I do not have an SpLD,1,3,1,4,5,5,5,5,5,3,5,4,5,1
0d33f08a,Greece,Non-English,Psychology,2nd Year,18-21,Female/Woman,I do not have an SpLD,4,3,3,2,5,2,5,3,5,2,3,3,1,3
136cfcda,Greece,Non-English,Psychology,2nd Year,18-21,Female/Woman,I do not have an SpLD,3,1,1,1,4,1,4,2,2,3,3,1,2,2
148922dd,Greece,Non-English,Psychology,4th Year,22-25,Female/Woman,I do not have an SpLD,3,2,2,2,4,3,4,4,4,2,3,2,3,3
14d3363f,Greece,Non-English,Psychology,2nd Year,26+,Female/Woman,I do not have an SpLD,3,3,1,3,5,1,5,3,5,3,2,2,2,1
256f97a1,Greece,Non-English,Psychology,2nd Year,18-21,Male/Man,I do not have an SpLD,2,3,3,3,4,1,3,3,3,1,1,3,1,1
25bc8d38,Greece,Non-English,Psychology,2nd Year,18-21,Female/Woman,I do not have an SpLD,3,4,4,3,5,1,5,5,5,4,4,3,5,4
2f243d02,Greece,Non-English,Psychology,NA,NA,NA,NA,5,5,4,5,5,4,5,5,5,4,4,5,4,4
36fdc897,Greece,Non-English,Psychology,2nd Year,18-21,Female/Woman,I do not have an SpLD,2,2,2,2,4,1,4,3,3,2,2,2,1,3
382dbd18,Greece,Non-English,Psychology,2nd Year,18-21,Male/Man,I do not have an SpLD,4,4,4,4,4,1,4,2,4,4,3,5,4,1
391ab7fd,Greece,Non-English,Psychology,2nd Year,18-21,Female/Woman,I do not have an SpLD,5,4,3,4,5,2,4,2,5,3,2,3,4,2
3bc597d7,Greece,Non-English,Psychology,2nd Year,18-21,Female/Woman,I do not have an SpLD,5,3,3,3,5,1,2,3,5,3,4,2,4,2
45bfc9b7,Greece,Non-English,Psychology,2nd Year,18-21,Female/Woman,I do not have an SpLD,1,3,2,3,3,1,2,2,4,1,1,3,2,1
482fa4fc,Greece,Non-English,Psychology,2nd Year,26+,Female/Woman,I do not have an SpLD,5,2,2,1,5,1,5,2,5,2,2,1,1,2
4850515c,Greece,Non-English,Psychology,2nd Year,18-21,Female/Woman,I do not have an SpLD,4,2,2,3,5,1,5,2,5,2,2,3,1,1
4c3f7abf,Greece,Non-English,Psychology,4th Year,18-21,Female/Woman,I do not have an SpLD,3,2,2,2,3,1,3,2,3,2,2,2,1,1
5463d175,Greece,Non-English,Psychology,2nd Year,18-21,Female/Woman,I do not have an SpLD,3,3,2,3,3,1,2,2,3,2,2,3,1,1
57503bdb,Greece,Non-English,Psychology,2nd Year,18-21,Male/Man,I do not have an SpLD,4,3,3,3,4,2,3,4,3,4,3,4,2,2
59736c2f,Greece,Non-English,Psychology,2nd Year,18-21,Female/Woman,I do not have an SpLD,4,4,1,4,5,1,4,5,3,4,5,3,2,1
5a24c708,Greece,Non-English,Psychology,2nd Year,26+,Female/Woman,I do not have an SpLD,5,3,3,4,5,1,5,5,5,3,5,4,3,3
5b0f3d2a,Greece,Non-English,Psychology,4th Year,18-21,Female/Woman,I do not have an SpLD,3,5,2,5,5,1,5,1,5,2,2,5,2,2
67d9f729,Greece,Non-English,Psychology,2nd Year,18-21,Female/Woman,I do not have an SpLD,5,4,2,5,5,1,5,5,5,5,3,5,5,3
6823d37a,Greece,Non-English,Psychology,3rd Year,18-21,Female/Woman,Other - Redacted,3,2,2,3,5,1,5,4,5,4,4,2,4,4
68f16744,Greece,Non-English,Psychology,2nd Year,18-21,Female/Woman,I do not have an SpLD,4,2,2,2,5,1,3,2,5,2,4,2,5,3
6da0116f,Greece,Non-English,Psychology,2nd Year,18-21,Female/Woman,I do not have an SpLD,4,3,1,2,5,2,5,4,5,4,3,3,5,4
6f9df169,Greece,Non-English,Psychology,2nd Year,18-21,Female/Woman,I do not have an SpLD,3,3,3,4,4,1,4,4,5,3,2,4,4,3
6ff027bb,Greece,Non-English,Psychology,2nd Year,18-21,Female/Woman,ADHD/ADD,5,5,2,5,5,2,4,5,5,3,3,5,5,3
793414c4,Greece,Non-English,Psychology,2nd Year,18-21,Female/Woman,I do not have an SpLD,4,3,1,3,4,2,5,3,5,2,2,2,4,2
7d1dd7f7,Greece,Non-English,Psychology,2nd Year,18-21,Female/Woman,I do not have an SpLD,2,2,1,1,5,1,4,3,4,1,1,3,5,2
8babf3cf,Greece,Non-English,Psychology,2nd Year,18-21,Female/Woman,I do not have an SpLD,2,2,2,1,3,1,4,3,2,2,1,1,1,1
8d197f88,Greece,Non-English,Psychology,NA,22-25,Female/Woman,"ADHD/ADD, Dyscalculia",5,5,5,5,5,4,5,5,5,5,4,5,4,4
93ff589d,Greece,Non-English,Psychology,4th Year,26+,Male/Man,I do not have an SpLD,5,5,3,5,5,3,5,5,5,5,5,5,4,5
9514a20d,Greece,Non-English,Psychology,4th Year,22-25,Male/Man,I do not have an SpLD,4,3,3,2,5,1,4,3,4,2,2,3,2,1
97c22316,Greece,Non-English,Psychology,2nd Year,18-21,Male/Man,I do not have an SpLD,2,3,1,1,5,1,4,2,3,2,3,4,3,2
9903d337,Greece,Non-English,Psychology,2nd Year,18-21,Female/Woman,I do not have an SpLD,2,2,2,2,4,1,2,2,4,5,4,2,1,3
9c517946,Greece,Non-English,Psychology,2nd Year,18-21,Female/Woman,I do not have an SpLD,5,4,2,2,5,1,5,4,4,3,3,4,3,4
a1670bfb,Greece,Non-English,Psychology,2nd Year,18-21,Female/Woman,I do not have an SpLD,3,5,1,2,5,1,5,3,5,3,3,4,1,2
a201654b,Greece,Non-English,Psychology,2nd Year,18-21,Female/Woman,I do not have an SpLD,4,3,4,3,4,1,5,4,5,2,2,4,3,2
a2cd1a3f,Greece,Non-English,Psychology,2nd Year,18-21,Female/Woman,I do not have an SpLD,4,4,3,2,5,1,5,4,5,3,2,4,5,3
a63d3a8a,Greece,Non-English,Psychology,4th Year,18-21,Male/Man,I do not have an SpLD,4,2,1,3,4,3,4,3,4,1,1,3,3,3
a7fda22f,Greece,Non-English,Psychology,2nd Year,18-21,Female/Woman,I do not have an SpLD,2,2,2,2,3,1,4,2,4,3,3,3,1,2
a8f52c29,Greece,Non-English,Psychology,3rd Year,26+,Male/Man,I do not have an SpLD,4,3,5,3,5,3,5,4,5,5,4,4,4,4
b3fddaa7,Greece,Non-English,Psychology,3rd Year,18-21,Female/Woman,Dyslexia,4,4,3,3,4,4,4,4,4,4,4,3,4,3
b739dcfa,Greece,Non-English,Psychology,2nd Year,18-21,Female/Woman,I do not have an SpLD,1,3,3,3,4,1,4,1,2,1,1,3,3,1
b7b7fc6b,Greece,Non-English,Psychology,2nd Year,18-21,Female/Woman,I do not have an SpLD,5,1,2,2,5,1,4,4,5,2,2,3,3,1
ba482767,Greece,Non-English,Psychology,NA,NA,NA,NA,4,1,1,1,4,1,4,1,4,2,2,1,1,1
bc90af4b,Greece,Non-English,Psychology,3rd Year,18-21,Male/Man,I do not have an SpLD,3,3,2,2,4,3,3,2,3,2,2,2,3,2
bd28fb50,Greece,Non-English,Psychology,2nd Year,18-21,Female/Woman,I do not have an SpLD,4,2,2,1,4,1,5,3,4,3,3,2,4,2
c04a43f4,Greece,Non-English,Psychology,2nd Year,18-21,Female/Woman,I do not have an SpLD,4,3,3,3,5,2,4,4,5,3,3,4,5,3
c1f503a5,Greece,Non-English,Psychology,2nd Year,18-21,Female/Woman,I do not have an SpLD,4,2,2,1,4,1,4,3,4,1,1,1,2,1
c3ac8df2,Greece,Non-English,Psychology,3rd Year,18-21,Female/Woman,I do not have an SpLD,3,3,3,3,4,2,3,3,4,2,2,3,5,2
c8bf19c7,Greece,Non-English,Psychology,2nd Year,18-21,Female/Woman,I do not have an SpLD,5,4,3,4,5,4,3,3,5,3,3,3,4,3
c9cb9740,Greece,Non-English,Psychology,2nd Year,18-21,Female/Woman,I do not have an SpLD,2,4,3,3,5,2,4,4,3,5,3,3,5,3
cb47bb9a,Greece,Non-English,Psychology,2nd Year,18-21,Female/Woman,I do not have an SpLD,4,3,2,2,5,1,5,2,5,2,1,2,4,1
d54307fb,Greece,Non-English,Psychology,NA,22-25,Female/Woman,I do not have an SpLD,5,3,2,3,5,3,5,2,5,2,2,2,3,2
d7c2afa2,Greece,Non-English,Psychology,2nd Year,18-21,Female/Woman,I do not have an SpLD,4,2,2,1,4,1,5,2,4,3,2,2,3,3
daf12464,Greece,Non-English,Social Sciences,4th Year,26+,Female/Woman,I do not have an SpLD,3,2,2,1,3,1,2,5,3,2,2,1,3,2
dbf2f740,Greece,Non-English,Psychology,3rd Year,26+,Female/Woman,I do not have an SpLD,4,3,3,3,4,2,4,2,2,2,1,2,2,1
dc467a58,Greece,Non-English,Psychology,2nd Year,18-21,Female/Woman,I do not have an SpLD,2,2,2,1,4,1,2,2,4,3,2,2,1,4
ddcb1bbf,Greece,Non-English,Psychology,NA,26+,Female/Woman,I do not have an SpLD,4,2,2,1,4,1,4,4,4,5,4,2,1,2
f109f77b,Greece,Non-English,Psychology,2nd Year,22-25,Female/Woman,I do not have an SpLD,5,3,2,4,5,1,5,3,5,3,3,4,5,3
f4d6024f,Greece,Non-English,Psychology,2nd Year,18-21,Female/Woman,I do not have an SpLD,2,3,2,3,2,1,2,2,2,2,3,3,2,1
f668cd4f,Greece,Non-English,Psychology,2nd Year,18-21,Female/Woman,I do not have an SpLD,3,3,3,3,4,2,4,3,3,1,1,3,2,1
f7fff9fd,Greece,Non-English,Psychology,2nd Year,18-21,Female/Woman,NA,3,2,2,2,3,1,2,2,3,1,1,2,2,1
f9304023,Greece,Non-English,Psychology,3rd Year,18-21,Female/Woman,I do not have an SpLD,4,2,2,2,4,1,4,3,4,2,2,2,1,2
fad55a97,Greece,Non-English,Psychology,4th Year,26+,Female/Woman,I do not have an SpLD,3,4,2,4,4,2,4,4,3,3,3,4,2,3
fafdbdac,Greece,Non-English,Psychology,4th Year,26+,Female/Woman,NA,4,4,3,4,4,2,4,3,4,4,4,4,4,4
ff1a1c50,Greece,Non-English,Psychology,NA,22-25,Female/Woman,I do not have an SpLD,2,2,1,3,3,1,2,2,3,1,1,2,4,1
009fc593,Indonesia,Non-English,Psychology,2nd Year,18-21,Female/Woman,I do not have an SpLD,3,2,1,2,4,1,1,1,1,2,1,1,1,1
075c9baf,Indonesia,Non-English,Psychology,2nd Year,18-21,Female/Woman,I do not have an SpLD,3,4,2,1,4,1,4,4,3,3,2,3,4,3
08a12fad,Indonesia,Non-English,Psychology,3rd Year,22-25,Male/Man,I do not have an SpLD,1,1,2,1,3,1,1,1,1,1,1,1,1,1
0a000b47,Indonesia,Non-English,Psychology,1st Year,18-21,Female/Woman,I do not have an SpLD,1,1,1,1,3,1,2,1,2,1,1,1,1,1
0b3d08f3,Indonesia,Non-English,Psychology,3rd Year,18-21,Female/Woman,I do not have an SpLD,4,3,3,3,5,2,5,4,4,3,4,2,3,3
119f96fb,Indonesia,Non-English,Psychology,1st Year,18-21,Female/Woman,I do not have an SpLD,1,4,3,3,4,2,4,2,3,2,2,3,2,1
11f48f3b,Indonesia,Non-English,Psychology,3rd Year,22-25,Male/Man,I do not have an SpLD,1,1,1,2,3,1,3,2,3,1,1,2,2,1
15902f87,Indonesia,Non-English,Psychology,1st Year,18-21,Female/Woman,Dyslexia,4,5,3,5,5,1,4,4,4,4,3,5,1,2
170f0023,Indonesia,Non-English,Psychology,1st Year,18-21,Female/Woman,I do not have an SpLD,4,4,3,3,5,2,4,4,5,3,2,2,3,3
21db7764,Indonesia,Non-English,Psychology,2nd Year,18-21,Female/Woman,I do not have an SpLD,5,5,5,1,5,1,5,5,5,4,5,1,5,4
2a7524f0,Indonesia,Non-English,Psychology,1st Year,18-21,Male/Man,I do not have an SpLD,4,4,4,4,5,3,5,4,5,4,3,4,5,1
2f6df7f0,Indonesia,Non-English,Psychology,3rd Year,18-21,Male/Man,I do not have an SpLD,1,3,2,1,2,1,2,2,5,2,3,2,3,1
31769dfb,Indonesia,Non-English,Psychology,3rd Year,18-21,Female/Woman,I do not have an SpLD,3,2,2,2,3,3,4,3,2,1,2,3,3,2
3469f3ba,Indonesia,Non-English,Psychology,3rd Year,18-21,Female/Woman,I do not have an SpLD,5,4,4,4,5,1,5,2,4,2,1,2,4,1
35c8bcf2,Indonesia,Non-English,Psychology,1st Year,18-21,Female/Woman,I do not have an SpLD,2,2,2,1,2,2,3,3,1,2,1,2,4,2
37f5acc1,Indonesia,Non-English,Psychology,3rd Year,18-21,Female/Woman,I do not have an SpLD,3,4,4,4,4,1,4,3,3,3,3,4,2,3
398873f0,Indonesia,Non-English,Psychology,3rd Year,18-21,Female/Woman,I do not have an SpLD,4,4,4,4,4,1,4,3,2,4,3,4,4,2
3a9fc8df,Indonesia,Non-English,Psychology,1st Year,26+,Male/Man,I do not have an SpLD,4,2,2,4,5,1,5,4,4,2,1,4,5,2
3b16aa22,Indonesia,Non-English,Psychology,3rd Year,18-21,Female/Woman,I do not have an SpLD,3,2,3,3,4,2,3,4,3,3,3,4,3,3
3cc706a3,Indonesia,Non-English,Psychology,2nd Year,18-21,Female/Woman,I do not have an SpLD,3,4,4,1,4,1,4,2,4,2,2,4,5,2
41417858,Indonesia,Non-English,Psychology,3rd Year,18-21,Male/Man,I do not have an SpLD,4,4,3,4,4,2,4,2,4,3,3,4,4,2
41cf14d0,Indonesia,Non-English,Psychology,NA,NA,NA,NA,3,4,4,3,5,1,5,4,4,2,2,4,3,2
56d4f8a2,Indonesia,Non-English,Psychology,1st Year,18-21,Female/Woman,I do not have an SpLD,4,3,4,3,5,2,4,3,2,4,4,3,4,4
5a4186ad,Indonesia,Non-English,Psychology,3rd Year,18-21,Female/Woman,I do not have an SpLD,4,3,3,4,5,2,4,4,4,3,3,4,3,3
5b2ff060,Indonesia,Non-English,Psychology,1st Year,NA,Female/Woman,I do not have an SpLD,5,3,3,4,5,1,5,4,5,3,2,4,5,2
5bd8f4f4,Indonesia,Non-English,Psychology,2nd Year,18-21,Female/Woman,I do not have an SpLD,4,5,4,3,5,4,5,3,4,4,3,4,5,3
5cf63d51,Indonesia,Non-English,Psychology,3rd Year,18-21,Female/Woman,I do not have an SpLD,3,4,4,5,4,1,3,5,4,2,2,3,2,2
66a0bffc,Indonesia,Non-English,Psychology,3rd Year,22-25,Female/Woman,I do not have an SpLD,5,4,4,3,4,1,4,2,4,4,4,4,5,2
69a6f4f9,Indonesia,Non-English,Psychology,3rd Year,18-21,Female/Woman,I do not have an SpLD,3,4,3,4,3,1,3,3,3,3,3,3,2,2
6b021345,Indonesia,Non-English,Psychology,1st Year,18-21,Female/Woman,I do not have an SpLD,1,1,2,1,3,1,4,2,3,1,1,1,3,1
6fc673d5,Indonesia,Non-English,Psychology,2nd Year,18-21,NA,I do not have an SpLD,5,5,5,5,5,3,5,4,5,4,4,4,5,4
7348b1bf,Indonesia,Non-English,Psychology,1st Year,18-21,Female/Woman,I do not have an SpLD,3,2,2,1,5,1,4,3,3,1,1,2,4,2
74cbb4f4,Indonesia,Non-English,Psychology,1st Year,18-21,Female/Woman,NA,3,3,3,2,5,3,3,3,4,2,1,3,4,1
7675c284,Indonesia,Non-English,Psychology,3rd Year,18-21,Female/Woman,I do not have an SpLD,5,5,3,4,5,4,5,3,5,4,4,3,4,3
7c25cb9f,Indonesia,Non-English,Psychology,3rd Year,18-21,Female/Woman,I do not have an SpLD,4,2,4,2,4,1,4,3,4,3,3,3,4,3
7f62629f,Indonesia,Non-English,Psychology,1st Year,18-21,Female/Woman,I do not have an SpLD,3,3,3,2,3,1,2,3,2,2,2,3,2,2
84613314,Indonesia,Non-English,Psychology,1st Year,18-21,Female/Woman,NA,3,3,3,3,4,2,5,2,4,2,3,2,3,3
851f8c41,Indonesia,Non-English,Psychology,1st Year,18-21,Female/Woman,I do not have an SpLD,4,4,4,4,5,3,5,4,3,4,3,4,4,2
8b6f27d2,Indonesia,Non-English,Psychology,1st Year,18-21,Female/Woman,I do not have an SpLD,2,2,2,2,3,1,2,2,1,2,1,2,2,1
8ca45bb4,Indonesia,Non-English,Psychology,3rd Year,18-21,Female/Woman,I do not have an SpLD,5,4,4,3,5,2,4,4,5,4,4,5,5,4
8d2c1af4,Indonesia,Non-English,Psychology,3rd Year,NA,Female/Woman,I do not have an SpLD,3,3,4,3,3,1,2,2,2,1,1,3,3,2
943ac9ca,Indonesia,Non-English,Psychology,1st Year,18-21,Female/Woman,I do not have an SpLD,2,2,3,2,2,1,4,1,4,2,3,1,4,1
97ff08fb,Indonesia,Non-English,Psychology,3rd Year,18-21,Male/Man,NA,2,1,1,1,2,1,2,1,1,1,1,1,1,1
9c117099,Indonesia,Non-English,Psychology,3rd Year,18-21,Female/Woman,I do not have an SpLD,3,1,1,1,5,1,5,2,1,4,2,1,4,1
9d6b441c,Indonesia,Non-English,Psychology,4th Year,18-21,Female/Woman,I do not have an SpLD,3,4,5,4,5,2,5,4,4,3,3,4,3,2
a0241853,Indonesia,Non-English,Psychology,3rd Year,18-21,Female/Woman,I do not have an SpLD,1,2,3,2,4,1,1,4,2,5,3,4,5,2
ad98abf4,Indonesia,Non-English,Psychology,3rd Year,18-21,Female/Woman,I do not have an SpLD,4,2,3,2,4,2,4,3,4,3,2,4,3,2
b0fb435c,Indonesia,Non-English,Psychology,1st Year,18-21,Female/Woman,NA,4,3,4,3,5,2,5,3,1,3,2,4,4,3
b14462c2,Indonesia,Non-English,Psychology,3rd Year,18-21,Female/Woman,I do not have an SpLD,3,5,4,5,4,2,4,4,4,3,2,5,4,2
b2f71f62,Indonesia,Non-English,Psychology,1st Year,18-21,Female/Woman,Other - Undiagnosed Non-Specific,5,4,5,5,5,2,5,5,3,4,4,5,5,5
b57a7204,Indonesia,Non-English,Psychology,3rd Year,18-21,Female/Woman,I do not have an SpLD,3,2,3,2,3,2,3,3,3,3,3,2,3,2
bfa313c1,Indonesia,Non-English,Psychology,1st Year,18-21,Female/Woman,I do not have an SpLD,4,3,1,2,4,3,4,3,4,2,2,2,2,2
c5aa62fd,Indonesia,Non-English,Psychology,1st Year,18-21,Female/Woman,I do not have an SpLD,4,5,4,3,4,5,2,5,4,1,1,5,2,1
c7c07672,Indonesia,Non-English,Psychology,3rd Year,22-25,Female/Woman,I do not have an SpLD,5,1,1,5,5,1,5,5,5,4,4,1,5,5
c94a828f,Indonesia,Non-English,Psychology,2nd Year,18-21,Female/Woman,I do not have an SpLD,3,3,3,4,4,3,5,3,4,4,3,3,3,3
ca85a2f5,Indonesia,Non-English,Psychology,2nd Year,18-21,Female/Woman,I do not have an SpLD,5,2,4,2,5,2,2,4,4,4,2,1,5,2
cccdcdfa,Indonesia,Non-English,Psychology,3rd Year,18-21,Female/Woman,I do not have an SpLD,3,3,4,3,4,1,4,4,2,4,3,3,3,1
d0a339d0,Indonesia,Non-English,Psychology,1st Year,18-21,Female/Woman,I do not have an SpLD,5,5,3,1,5,1,1,3,5,1,1,1,1,1
d33ba073,Indonesia,Non-English,Psychology,1st Year,18-21,Female/Woman,I do not have an SpLD,3,3,3,4,3,4,4,4,1,1,4,4,3,1
d57ffbaf,Indonesia,Non-English,Psychology,3rd Year,18-21,Female/Woman,I do not have an SpLD,1,2,1,1,2,1,1,2,1,1,1,1,2,1
d73ccd2d,Indonesia,Non-English,Psychology,1st Year,18-21,Female/Woman,I do not have an SpLD,4,3,3,4,5,2,5,3,4,5,4,3,5,3
d8f269c5,Indonesia,Non-English,Psychology,2nd Year,18-21,Female/Woman,I do not have an SpLD,5,4,4,3,5,2,5,3,5,4,4,4,5,5
ddccfc59,Indonesia,Non-English,Psychology,1st Year,18-21,Female/Woman,I do not have an SpLD,3,3,3,3,4,3,3,3,2,2,2,3,3,2
df994610,Indonesia,Non-English,Psychology,3rd Year,18-21,Female/Woman,I do not have an SpLD,1,1,3,1,5,1,4,2,4,1,1,1,2,1
dfff1a1b,Indonesia,Non-English,Psychology,2nd Year,18-21,Female/Woman,I do not have an SpLD,3,2,3,3,3,1,3,3,4,3,3,3,3,3
f82b3540,Indonesia,Non-English,Psychology,3rd Year,18-21,Female/Woman,I do not have an SpLD,4,4,4,2,5,2,4,4,4,3,2,3,3,2
f8689073,Indonesia,Non-English,Psychology,1st Year,NA,Female/Woman,I do not have an SpLD,4,2,2,2,4,1,4,3,3,2,3,2,4,4
f979af8c,Indonesia,Non-English,Psychology,2nd Year,18-21,Male/Man,NA,3,3,2,4,3,1,2,3,3,3,3,4,2,3
f9f92aa9,Indonesia,Non-English,Psychology,1st Year,18-21,Female/Woman,I do not have an SpLD,2,5,2,2,5,2,5,2,4,1,2,3,3,1
fb13c3a2,Indonesia,Non-English,Psychology,1st Year,18-21,Female/Woman,I do not have an SpLD,3,3,3,3,3,2,4,3,3,3,3,3,3,3
fc81ac3d,Indonesia,Non-English,Psychology,3rd Year,18-21,Female/Woman,I do not have an SpLD,3,1,4,1,4,1,3,2,2,3,1,2,4,1
fdb80192,Indonesia,Non-English,Psychology,2nd Year,18-21,Male/Man,I do not have an SpLD,3,3,3,3,4,1,4,4,2,2,2,3,4,2
fffdbf11,Indonesia,Non-English,Psychology,1st Year,18-21,Female/Woman,I do not have an SpLD,2,2,2,1,3,1,3,2,3,1,1,2,2,1
00fbc13c,Poland,Non-English,Psychology,4th Year,22-25,Female/Woman,I do not have an SpLD,5,2,NA,2,5,1,3,2,5,3,4,5,5,3
05f85b90,Poland,Non-English,Psychology,2nd Year,18-21,Female/Woman,I do not have an SpLD,2,2,3,3,5,2,2,3,4,2,2,3,1,1
145dad20,Poland,Non-English,Psychology,4th Year,22-25,Female/Woman,NA,1,2,3,1,5,1,5,3,5,4,2,1,4,1
14ff2f9c,Poland,Non-English,Psychology,4th Year,22-25,Female/Woman,I do not have an SpLD,4,2,2,1,5,1,4,3,4,1,1,2,4,1
17424c35,Poland,Non-English,Psychology,2nd Year,18-21,Female/Woman,I do not have an SpLD,2,2,4,2,3,1,3,1,2,2,1,2,1,1
1cc86cf3,Poland,Non-English,Psychology,2nd Year,18-21,Female/Woman,I do not have an SpLD,3,1,4,1,5,1,3,1,5,2,3,1,2,2
2659a10f,Poland,Non-English,Psychology,2nd Year,26+,Female/Woman,I do not have an SpLD,4,2,4,2,5,1,3,4,4,4,4,4,2,3
2aa388aa,Poland,Non-English,Psychology,2nd Year,18-21,Female/Woman,I do not have an SpLD,1,2,2,1,4,1,4,2,2,2,1,1,2,1
33180abb,Poland,Non-English,Psychology,2nd Year,18-21,Female/Woman,I do not have an SpLD,4,3,2,2,5,2,4,2,4,1,1,2,5,1
3991fc1d,Poland,Non-English,Psychology,4th Year,22-25,Female/Woman,Dyslexia,1,1,1,1,3,1,3,1,3,1,1,1,1,1
39c08106,Poland,Non-English,Psychology,4th Year,22-25,Male/Man,I do not have an SpLD,1,1,1,1,3,1,1,2,1,2,2,2,2,1
3ba1f178,Poland,Non-English,Psychology,4th Year,22-25,Female/Woman,Dyslexia,5,4,2,4,5,1,5,3,3,5,4,2,1,4
44f0d7b8,Poland,Non-English,Psychology,NA,NA,NA,NA,1,1,2,1,5,1,5,2,5,4,3,2,2,1
4f1bfc8d,Poland,Non-English,Psychology,NA,NA,NA,NA,1,3,3,3,5,1,5,2,4,5,5,2,3,2
55b3c69f,Poland,Non-English,Psychology,2nd Year,26+,Female/Woman,I do not have an SpLD,5,3,3,4,5,2,2,4,5,4,4,4,4,4
5cbbb006,Poland,Non-English,Psychology,4th Year,22-25,Female/Woman,I do not have an SpLD,2,2,2,2,5,1,4,2,4,2,2,2,2,2
5cc5dc56,Poland,Non-English,Psychology,4th Year,22-25,Female/Woman,I do not have an SpLD,2,2,2,3,5,1,5,3,5,3,1,2,1,1
6337a2ba,Poland,Non-English,Psychology,2nd Year,22-25,Female/Woman,I do not have an SpLD,2,2,1,1,2,1,2,1,2,1,1,1,2,1
652a7b45,Poland,Non-English,Psychology,NA,NA,NA,NA,3,3,3,1,5,1,4,3,4,3,2,1,4,2
65af6640,Poland,Non-English,Psychology,4th Year,22-25,Female/Woman,Dyslexia,2,3,2,3,3,1,1,2,2,1,3,1,2,2
6c4cfcb8,Poland,Non-English,Psychology,3rd Year,18-21,Female/Woman,I do not have an SpLD,3,2,2,2,4,1,3,1,3,3,3,2,2,1
6f540c7f,Poland,Non-English,Psychology,4th Year,22-25,Female/Woman,I do not have an SpLD,3,3,1,3,5,1,4,2,5,3,1,2,1,2
6f6925cf,Poland,Non-English,Psychology,NA,NA,NA,NA,4,2,3,1,5,3,3,2,2,1,3,3,4,1
70f45cbd,Poland,Non-English,Psychology,2nd Year,18-21,Male/Man,I do not have an SpLD,1,1,2,1,1,1,1,1,1,1,1,1,1,1
71c119aa,Poland,Non-English,Psychology,4th Year,22-25,Female/Woman,I do not have an SpLD,2,3,3,1,5,1,4,2,3,4,4,2,5,3
71dd3d23,Poland,Non-English,Psychology,2nd Year,18-21,Female/Woman,I do not have an SpLD,3,1,1,1,5,1,2,1,4,1,1,1,1,1
72531f51,Poland,Non-English,Psychology,2nd Year,18-21,Female/Woman,NA,3,3,2,1,4,2,4,3,2,2,2,3,2,1
73115a0c,Poland,Non-English,Psychology,2nd Year,18-21,Female/Woman,I do not have an SpLD,2,3,3,3,4,2,4,3,3,3,1,3,2,1
78b37d15,Poland,Non-English,Psychology,4th Year,22-25,Female/Woman,I do not have an SpLD,4,1,3,2,5,1,5,1,5,5,4,1,2,1
9618f81d,Poland,Non-English,Psychology,4th Year,22-25,Female/Woman,I do not have an SpLD,4,3,4,3,4,1,2,3,4,5,5,3,1,4
97226c7c,Poland,Non-English,Psychology,4th Year,22-25,Female/Woman,I do not have an SpLD,2,2,2,3,4,1,4,2,5,3,2,2,2,1
978ab39f,Poland,Non-English,Psychology,4th Year,22-25,Female/Woman,I do not have an SpLD,3,2,1,1,4,1,3,1,2,4,2,2,5,2
99585805,Poland,Non-English,Psychology,3rd Year,26+,Male/Man,I do not have an SpLD,3,1,2,1,4,1,3,2,3,2,1,1,2,1
9df15214,Poland,Non-English,Psychology,4th Year,22-25,Female/Woman,NA,1,1,1,1,5,1,5,1,5,4,2,2,3,1
a168065d,Poland,Non-English,Psychology,2nd Year,26+,Female/Woman,I do not have an SpLD,2,2,3,2,2,1,1,2,1,1,1,2,5,1
a24df6dd,Poland,Non-English,Psychology,2nd Year,18-21,Female/Woman,I do not have an SpLD,2,1,1,1,4,1,2,1,1,3,2,1,1,3
a8fc15c6,Poland,Non-English,Psychology,4th Year,22-25,Female/Woman,I do not have an SpLD,4,4,4,2,3,1,4,5,2,2,2,4,3,3
ac3fdc73,Poland,Non-English,Psychology,2nd Year,22-25,Female/Woman,Dysgraphia/Dysorthography,3,2,2,1,4,1,4,2,2,2,2,2,2,2
b32f85f9,Poland,Non-English,Psychology,4th Year,22-25,Female/Woman,I do not have an SpLD,2,3,3,3,5,3,5,4,5,2,3,3,5,1
b79fa2bf,Poland,Non-English,Psychology,2nd Year,18-21,Female/Woman,I do not have an SpLD,4,5,3,5,5,5,2,5,2,3,4,5,1,1
bc692446,Poland,Non-English,Psychology,4th Year,22-25,Female/Woman,I do not have an SpLD,4,3,3,2,4,1,4,4,5,1,2,2,2,1
bd734b70,Poland,Non-English,Psychology,4th Year,22-25,Female/Woman,I do not have an SpLD,3,4,3,3,5,3,5,3,5,5,4,4,5,3
bfa6a87f,Poland,Non-English,Psychology,2nd Year,18-21,Female/Woman,I do not have an SpLD,2,2,1,2,3,1,1,1,2,1,1,2,1,1
c12f8cb2,Poland,Non-English,Psychology,2nd Year,18-21,Female/Woman,I do not have an SpLD,3,2,2,2,3,1,3,3,3,2,2,2,2,2
c3df9279,Poland,Non-English,Psychology,4th Year,22-25,Female/Woman,Dyslexia,4,3,3,2,5,2,4,3,4,2,3,3,2,1
d190f98f,Poland,Non-English,Psychology,3rd Year,22-25,Another Gender,I do not have an SpLD,2,1,1,1,3,1,2,1,2,3,4,1,1,2
d1bb5375,Poland,Non-English,Psychology,2nd Year,26+,Female/Woman,I do not have an SpLD,2,3,1,1,5,1,2,2,5,1,1,1,2,1
d1ff0d3d,Poland,Non-English,Psychology,4th Year,NA,Female/Woman,I do not have an SpLD,4,4,3,4,5,2,4,4,4,3,4,5,5,3
d87c3f53,Poland,Non-English,Psychology,2nd Year,18-21,Male/Man,I do not have an SpLD,2,2,3,1,4,1,3,2,3,4,4,3,2,1
f0164a12,Poland,Non-English,Psychology,4th Year,22-25,Female/Woman,I do not have an SpLD,4,3,4,3,4,3,4,3,4,3,3,3,3,3
f42d8905,Poland,Non-English,Psychology,4th Year,22-25,Female/Woman,I do not have an SpLD,4,1,2,2,5,2,5,2,5,2,2,2,2,2
f61bf208,Poland,Non-English,Psychology,2nd Year,22-25,Female/Woman,"Dyslexia, Dysgraphia/Dysorthography",1,1,1,1,3,1,1,3,1,1,1,1,1,1
f8445c73,Poland,Non-English,Psychology,4th Year,22-25,Male/Man,"Dyslexia, Dysgraphia/Dysorthography",3,2,3,1,3,1,3,2,3,2,3,1,2,3
fb6da3a3,Poland,Non-English,Psychology,4th Year,22-25,Female/Woman,I do not have an SpLD,3,3,4,2,4,1,3,2,3,2,2,3,3,2
fc70facf,Poland,Non-English,Psychology,4th Year,22-25,Female/Woman,I do not have an SpLD,3,2,2,1,5,1,4,2,4,2,2,2,3,1
ff66917a,Poland,Non-English,Psychology,4th Year,22-25,Female/Woman,I do not have an SpLD,4,4,4,2,5,2,5,2,4,2,3,4,2,2
ff7b20fd,Poland,Non-English,Psychology,2nd Year,18-21,Female/Woman,I do not have an SpLD,2,1,2,3,4,1,2,1,2,2,2,4,1,2
046194f2,England,English,Psychology,2nd Year,18-21,Female/Woman,I do not have an SpLD,2,3,1,2,3,2,4,1,4,3,3,2,2,2
130f1106,England,English,Psychology,1st Year,22-25,Male/Man,I do not have an SpLD,4,2,3,3,4,2,5,3,4,5,4,3,4,4
14a31995,England,English,Psychology,3rd Year,18-21,Female/Woman,I do not have an SpLD,3,2,2,2,4,2,4,2,4,3,2,2,2,2
14f739a3,England,English,Psychology,3rd Year,18-21,Female/Woman,I do not have an SpLD,3,2,1,2,4,2,3,2,4,4,3,3,5,4
1a0126c0,England,English,Psychology,2nd Year,18-21,Female/Woman,I do not have an SpLD,5,4,4,3,5,4,5,3,5,5,4,2,5,5
1a0bbcbf,England,English,Psychology,2nd Year,18-21,Female/Woman,I do not have an SpLD,4,4,3,2,5,1,5,4,4,4,4,2,5,3
236b211f,England,English,Psychology,3rd Year,18-21,Female/Woman,I do not have an SpLD,2,2,2,2,3,1,1,1,2,1,1,2,2,1
2682fca8,England,English,Psychology,1st Year,18-21,Female/Woman,I do not have an SpLD,3,3,5,3,3,5,3,4,4,4,3,4,4,4
2b85dd1f,England,English,Psychology,1st Year,18-21,Female/Woman,I do not have an SpLD,4,5,3,1,5,1,5,4,5,1,4,2,4,1
2d9c4f5a,England,English,Psychology,2nd Year,18-21,Female/Woman,I do not have an SpLD,5,3,3,3,5,1,5,4,5,5,4,4,4,2
35a1d169,England,English,Psychology,2nd Year,18-21,Female/Woman,I do not have an SpLD,1,1,1,1,1,1,1,1,1,2,2,2,1,1
38cdbc42,England,English,Psychology,3rd Year,22-25,Female/Woman,I do not have an SpLD,5,3,1,4,5,4,5,3,5,3,3,4,3,2
3a6af307,England,English,Psychology,3rd Year,18-21,Female/Woman,I do not have an SpLD,3,2,3,2,3,1,4,2,4,1,2,2,1,2
3bfaff73,England,English,Psychology,2nd Year,18-21,Female/Woman,I do not have an SpLD,1,1,2,1,3,1,2,3,2,1,3,1,2,3
3fabff7f,England,English,Psychology,3rd Year,18-21,Female/Woman,I do not have an SpLD,2,3,2,2,4,2,4,3,4,2,3,2,2,1
4357c692,England,English,Psychology,3rd Year,18-21,Female/Woman,I do not have an SpLD,4,5,5,4,5,3,5,5,5,2,3,5,4,3
4f5fd157,England,English,Psychology,1st Year,18-21,Female/Woman,I do not have an SpLD,2,1,1,1,4,2,4,1,3,1,1,2,3,1
4f899f2f,England,English,Psychology,3rd Year,18-21,Female/Woman,I do not have an SpLD,3,2,3,2,4,2,4,3,4,3,3,3,3,2
4ff2b3a0,England,English,Psychology,3rd Year,18-21,Female/Woman,I do not have an SpLD,2,4,3,3,4,1,4,3,4,3,3,3,2,2
5645f599,England,English,Psychology,2nd Year,18-21,Female/Woman,NA,2,4,2,4,4,4,4,3,4,5,2,3,4,2
5f2b2fcf,England,English,Psychology,2nd Year,18-21,Male/Man,I do not have an SpLD,4,3,3,5,3,3,5,3,5,5,5,4,2,5
62ba2c1f,England,English,Psychology,NA,NA,NA,NA,3,3,4,4,5,2,5,2,4,2,2,3,4,3
62f048fd,England,English,Psychology,4th Year,18-21,Female/Woman,I do not have an SpLD,4,3,4,4,5,3,5,4,5,4,5,4,4,4
65a4cfc9,England,English,Psychology,3rd Year,18-21,Female/Woman,Dyspraxia,4,3,3,2,3,3,4,2,4,1,2,3,3,2
6fffbdf2,England,English,Psychology,3rd Year,18-21,Female/Woman,I do not have an SpLD,4,2,3,1,4,1,5,2,5,4,4,1,4,3
71d33162,England,English,Psychology,2nd Year,18-21,Female/Woman,I do not have an SpLD,2,1,1,1,4,1,5,1,3,2,4,2,3,3
751dd11b,England,English,Psychology,3rd Year,18-21,Female/Woman,I do not have an SpLD,5,2,3,1,5,1,5,4,5,2,2,1,5,2
801f8dab,England,English,Psychology,3rd Year,18-21,Female/Woman,I do not have an SpLD,5,2,3,3,5,2,5,4,5,2,2,3,4,2
86acb2ff,England,English,Psychology,2nd Year,18-21,Female/Woman,I do not have an SpLD,3,3,4,1,4,1,3,2,4,3,3,4,2,3
88b7c93f,England,English,Psychology,2nd Year,18-21,Female/Woman,I do not have an SpLD,4,4,4,2,4,2,4,3,4,1,3,4,2,1
98d94792,England,English,Psychology,1st Year,18-21,Male/Man,I do not have an SpLD,3,3,3,2,3,2,2,3,4,4,2,2,2,2
9d78c51f,England,English,Psychology,2nd Year,18-21,Female/Woman,I do not have an SpLD,2,3,4,1,3,1,3,3,3,1,1,3,5,1
9fdcab1f,England,English,Psychology,2nd Year,18-21,Female/Woman,"Dyslexia, Dyscalculia",5,5,5,5,5,4,5,5,5,4,5,5,4,2
a6729781,England,English,Psychology,2nd Year,18-21,Female/Woman,I do not have an SpLD,3,3,2,2,4,4,5,4,5,5,5,4,5,4
a9152bd6,England,English,Psychology,1st Year,18-21,Female/Woman,Dyscalculia,1,2,2,2,2,2,1,2,3,1,2,1,1,2
af78a955,England,English,Psychology,2nd Year,18-21,Female/Woman,I do not have an SpLD,3,3,2,2,4,2,4,1,5,4,3,2,4,4
b60a5b24,England,English,Psychology,2nd Year,18-21,Female/Woman,NA,3,3,4,4,4,4,3,5,5,2,2,5,3,3
b7c048fa,England,English,Psychology,2nd Year,18-21,Male/Man,I do not have an SpLD,4,3,1,1,3,1,4,4,3,1,1,2,5,1
ba08bcf0,England,English,Psychology,2nd Year,18-21,Male/Man,I do not have an SpLD,3,2,2,2,4,1,5,1,2,3,3,2,5,2
bddf2fff,England,English,Psychology,2nd Year,18-21,Female/Woman,I do not have an SpLD,5,2,4,4,5,2,5,5,5,5,5,2,5,3
c2d8f60f,England,English,Psychology,3rd Year,18-21,Female/Woman,I do not have an SpLD,2,1,1,1,2,1,2,1,2,2,2,1,2,1
c76aacbd,England,English,Psychology,3rd Year,22-25,Female/Woman,I do not have an SpLD,1,2,4,2,5,3,5,3,4,4,3,2,4,4
cf6bb0b5,England,English,Psychology,2nd Year,18-21,Female/Woman,I do not have an SpLD,4,5,5,5,4,5,4,5,5,2,5,5,2,2
d182fc31,England,English,Psychology,1st Year,18-21,Female/Woman,I do not have an SpLD,4,3,2,1,4,3,3,2,4,1,2,1,1,1
d34f9058,England,English,Psychology,1st Year,18-21,Female/Woman,Dyslexia,1,1,1,1,3,1,2,3,4,1,1,1,1,1
d74328c9,England,English,Psychology,1st Year,18-21,Female/Woman,I do not have an SpLD,3,2,2,1,5,1,5,1,4,4,4,2,4,4
f0a8175f,England,English,Psychology,1st Year,18-21,Female/Woman,I do not have an SpLD,5,3,4,4,5,4,5,4,5,2,1,5,5,1
f464bcd4,England,English,Psychology,1st Year,18-21,Female/Woman,I do not have an SpLD,4,5,3,3,4,4,4,3,4,2,2,4,4,2
fccf044f,England,English,Psychology,1st Year,18-21,Female/Woman,I do not have an SpLD,4,1,4,2,4,1,3,2,4,1,1,1,2,1
03b2aa33,Northern Ireland,English,Psychology,1st Year,18-21,Female/Woman,I do not have an SpLD,3,4,3,2,4,1,4,3,4,3,3,3,5,3
05d17651,Northern Ireland,English,Psychology,1st Year,18-21,Female/Woman,I do not have an SpLD,3,3,3,3,5,3,5,3,4,3,4,4,4,3
06766fbc,Northern Ireland,English,Psychology,1st Year,18-21,Female/Woman,I do not have an SpLD,5,4,4,4,4,4,5,4,4,3,3,4,4,3
0859bcaf,Northern Ireland,English,Psychology,1st Year,26+,Female/Woman,I do not have an SpLD,3,4,5,4,5,3,5,5,5,4,4,5,5,4
086caf9b,Northern Ireland,English,Psychology,1st Year,NA,Female/Woman,I do not have an SpLD,3,3,1,1,3,1,3,1,3,1,1,3,2,1
09270334,Northern Ireland,English,Psychology,1st Year,18-21,Female/Woman,I do not have an SpLD,4,3,4,3,4,5,4,3,5,5,5,3,4,2
0a64f21f,Northern Ireland,English,Psychology,1st Year,18-21,Female/Woman,I do not have an SpLD,5,5,4,4,5,5,5,5,5,5,5,5,4,4
0aad46fc,Northern Ireland,English,Psychology,1st Year,18-21,Female/Woman,I do not have an SpLD,5,5,5,5,5,4,5,5,5,4,4,5,5,4
0bd51c80,Northern Ireland,English,Psychology,1st Year,18-21,Female/Woman,I do not have an SpLD,3,1,2,2,4,2,5,3,4,4,3,2,3,3
0cf4116c,Northern Ireland,English,Psychology,1st Year,18-21,Female/Woman,I do not have an SpLD,3,5,3,4,5,5,2,3,5,4,3,5,5,3
10c4f6f8,Northern Ireland,English,Psychology,1st Year,18-21,Female/Woman,I do not have an SpLD,2,4,5,4,5,2,4,4,4,4,4,5,2,3
11abfca9,Northern Ireland,English,Psychology,1st Year,18-21,Female/Woman,I do not have an SpLD,5,3,3,4,4,3,5,3,5,5,4,3,4,4
12ff3885,Northern Ireland,English,Psychology,1st Year,18-21,Female/Woman,I do not have an SpLD,3,3,3,2,5,2,5,3,4,2,3,2,5,3
146b4179,Northern Ireland,English,Psychology,1st Year,18-21,Female/Woman,I do not have an SpLD,2,2,2,1,4,1,4,1,4,3,3,2,2,3
164207a5,Northern Ireland,English,Psychology,2nd Year,22-25,Male/Man,I do not have an SpLD,3,2,3,2,4,2,2,3,3,2,2,3,3,2
1a62db4d,Northern Ireland,English,Psychology,1st Year,18-21,Female/Woman,I do not have an SpLD,4,1,1,2,3,1,4,2,4,4,4,2,4,1
1f2b9354,Northern Ireland,English,Psychology,1st Year,22-25,Female/Woman,I do not have an SpLD,4,2,4,2,4,4,4,3,4,2,2,2,3,2
1f332579,Northern Ireland,English,Psychology,1st Year,26+,Male/Man,I do not have an SpLD,1,2,2,1,2,1,2,1,2,2,1,1,1,1
202b4345,Northern Ireland,English,Psychology,1st Year,18-21,Female/Woman,I do not have an SpLD,2,3,2,3,3,3,3,3,2,2,2,3,2,2
2089f368,Northern Ireland,English,Psychology,1st Year,18-21,Female/Woman,Dyspraxia,3,5,4,4,4,3,4,4,4,4,3,5,3,3
21a027df,Northern Ireland,English,Psychology,1st Year,18-21,Female/Woman,I do not have an SpLD,3,5,5,3,4,1,4,4,4,5,2,5,4,1
248c20f2,Northern Ireland,English,Psychology,1st Year,18-21,Male/Man,I do not have an SpLD,2,2,2,2,3,2,3,3,3,3,3,3,3,3
24d4480a,Northern Ireland,English,Psychology,1st Year,18-21,Female/Woman,I do not have an SpLD,4,4,2,4,4,2,5,4,5,2,3,4,5,2
29c51756,Northern Ireland,English,Psychology,1st Year,18-21,Female/Woman,I do not have an SpLD,4,3,2,3,4,2,4,2,4,2,2,4,2,2
29f40bb1,Northern Ireland,English,Psychology,2nd Year,18-21,Female/Woman,I do not have an SpLD,3,2,3,1,4,1,4,2,4,2,1,2,3,2
2f23f3d2,Northern Ireland,English,Psychology,3rd Year,22-25,Female/Woman,Dyslexia,4,2,2,2,5,2,3,1,4,2,4,2,5,3
2f432424,Northern Ireland,English,Psychology,1st Year,18-21,Female/Woman,I do not have an SpLD,4,4,4,1,4,2,5,3,5,5,4,2,3,5
2f78ff14,Northern Ireland,English,Psychology,1st Year,18-21,Female/Woman,I do not have an SpLD,5,3,4,3,4,1,5,3,5,4,4,4,4,4
32dc510b,Northern Ireland,English,Psychology,1st Year,18-21,Female/Woman,I do not have an SpLD,4,4,2,3,4,1,5,3,5,3,5,4,2,1
336ab516,Northern Ireland,English,Psychology,4th Year,22-25,Female/Woman,I do not have an SpLD,5,4,5,3,5,3,5,1,5,5,5,2,5,2
33a8cf21,Northern Ireland,English,Psychology,1st Year,18-21,Male/Man,I do not have an SpLD,4,4,2,3,5,2,3,4,3,2,4,3,4,2
364bac38,Northern Ireland,English,Psychology,1st Year,18-21,Male/Man,I do not have an SpLD,2,2,2,2,2,1,3,2,2,2,3,3,3,3
375c0afa,Northern Ireland,English,Psychology,1st Year,18-21,Female/Woman,I do not have an SpLD,5,4,3,2,4,2,5,2,5,4,4,4,2,2
390d1443,Northern Ireland,English,Psychology,1st Year,18-21,Female/Woman,I do not have an SpLD,4,3,1,3,4,1,4,1,3,2,2,3,1,2
3a3f9414,Northern Ireland,English,Psychology,1st Year,18-21,Female/Woman,I do not have an SpLD,5,4,4,3,5,2,5,4,5,4,3,4,4,3
3b4adf77,Northern Ireland,English,Psychology,1st Year,18-21,Female/Woman,NA,3,4,4,4,4,4,4,2,3,3,3,4,2,1
3d224c91,Northern Ireland,English,Psychology,1st Year,18-21,Female/Woman,"Dyslexia, Dyspraxia",2,3,3,3,4,1,4,4,4,4,3,4,4,2
3dac0130,Northern Ireland,English,Psychology,1st Year,18-21,Female/Woman,I do not have an SpLD,4,2,4,2,5,3,5,4,5,4,2,3,4,2
44014bf9,Northern Ireland,English,Psychology,1st Year,18-21,Female/Woman,I do not have an SpLD,4,4,5,3,5,5,4,5,5,5,5,5,3,5
449fdbc2,Northern Ireland,English,Psychology,1st Year,18-21,Female/Woman,I do not have an SpLD,4,3,2,2,5,3,4,3,5,4,4,3,3,3
4b0f2ba0,Northern Ireland,English,Psychology,1st Year,18-21,Male/Man,I do not have an SpLD,3,3,2,3,4,2,4,2,3,3,3,3,5,4
4b73c4a7,Northern Ireland,English,Psychology,1st Year,18-21,Female/Woman,I do not have an SpLD,2,1,1,1,3,1,4,2,1,3,2,1,2,1
4c457174,Northern Ireland,English,Psychology,3rd Year,18-21,Female/Woman,I do not have an SpLD,3,3,4,3,5,5,5,5,5,5,5,3,5,4
4f941faf,Northern Ireland,English,Psychology,1st Year,18-21,Female/Woman,I do not have an SpLD,5,3,3,3,5,3,4,4,5,4,4,4,4,3
542600c3,Northern Ireland,English,Psychology,3rd Year,18-21,Female/Woman,I do not have an SpLD,2,2,1,2,2,1,2,2,1,1,1,2,1,1
5c1802b6,Northern Ireland,English,Psychology,1st Year,18-21,Female/Woman,I do not have an SpLD,3,4,4,4,4,3,3,4,3,3,3,4,3,3
60c1841a,Northern Ireland,English,Psychology,1st Year,18-21,Male/Man,I do not have an SpLD,3,3,2,2,4,2,4,4,4,4,4,3,3,4
626ff6c0,Northern Ireland,English,Psychology,2nd Year,18-21,Female/Woman,I do not have an SpLD,1,1,1,1,2,1,2,1,2,5,4,1,1,4
67170d70,Northern Ireland,English,Psychology,1st Year,18-21,Female/Woman,I do not have an SpLD,3,3,2,4,4,4,4,4,4,4,3,4,4,3
6849d616,Northern Ireland,English,Psychology,1st Year,18-21,Female/Woman,I do not have an SpLD,3,3,3,2,5,1,5,2,4,3,2,2,3,2
6f660ad0,Northern Ireland,English,Psychology,1st Year,18-21,Female/Woman,I do not have an SpLD,5,4,2,3,5,2,5,3,5,4,2,4,1,2
6ff2725d,Northern Ireland,English,Psychology,1st Year,18-21,Female/Woman,I do not have an SpLD,2,1,1,1,3,1,3,1,3,2,1,1,2,1
777f349f,Northern Ireland,English,Psychology,3rd Year,18-21,Male/Man,I do not have an SpLD,1,1,2,1,1,2,1,1,1,1,1,1,1,1
779cc872,Northern Ireland,English,Psychology,1st Year,18-21,Male/Man,I do not have an SpLD,4,2,2,2,4,2,4,1,4,2,2,2,2,2
7a4d2531,Northern Ireland,English,Psychology,1st Year,18-21,Female/Woman,I do not have an SpLD,3,3,4,3,3,4,4,2,3,5,4,5,3,4
7b1597f7,Northern Ireland,English,Psychology,1st Year,18-21,Female/Woman,Dyslexia,4,3,3,4,3,3,4,2,5,3,3,4,3,3
7c86c188,Northern Ireland,English,Psychology,1st Year,18-21,Female/Woman,I do not have an SpLD,3,4,5,4,4,4,4,3,4,3,3,4,3,3
7d982762,Northern Ireland,English,Psychology,1st Year,18-21,Male/Man,I do not have an SpLD,4,4,3,2,5,3,4,3,5,3,3,4,4,3
7f65d4ca,Northern Ireland,English,Psychology,NA,NA,NA,NA,1,1,1,1,2,1,2,1,2,2,1,1,2,1
7f783d18,Northern Ireland,English,Psychology,1st Year,22-25,Another Gender,NA,3,2,1,2,3,4,2,2,5,1,1,3,3,1
7f94f775,Northern Ireland,English,Psychology,1st Year,18-21,Female/Woman,I do not have an SpLD,2,4,2,1,3,2,3,2,4,2,2,1,4,2
82cb6879,Northern Ireland,English,Psychology,1st Year,18-21,Male/Man,I do not have an SpLD,3,1,5,2,4,1,4,4,4,2,2,1,4,2
83640f99,Northern Ireland,English,Psychology,1st Year,18-21,Male/Man,I do not have an SpLD,4,5,4,3,4,3,3,5,5,4,5,4,4,4
84fca59d,Northern Ireland,English,Psychology,1st Year,18-21,Female/Woman,I do not have an SpLD,5,4,4,4,5,5,5,4,5,4,3,4,5,3
85432c1b,Northern Ireland,English,Psychology,1st Year,18-21,Female/Woman,"Dyslexia, Dyscalculia",5,4,3,3,5,2,5,3,5,4,4,3,4,4
86990cf8,Northern Ireland,English,Psychology,1st Year,18-21,Female/Woman,I do not have an SpLD,5,4,3,3,5,2,5,3,5,3,3,4,5,3
86b763dc,Northern Ireland,English,Psychology,1st Year,18-21,Female/Woman,I do not have an SpLD,2,2,1,3,4,1,5,3,4,3,2,2,4,3
87f1cdb7,Northern Ireland,English,Psychology,1st Year,18-21,Female/Woman,I do not have an SpLD,4,2,2,1,4,1,5,1,5,1,1,2,3,1
88007997,Northern Ireland,English,Psychology,1st Year,26+,Male/Man,Dyslexia,4,4,4,2,4,1,4,1,4,1,1,2,3,1
8b4d4b9c,Northern Ireland,English,Psychology,1st Year,18-21,Female/Woman,I do not have an SpLD,5,2,4,4,5,1,4,5,5,1,2,5,5,4
8c04598f,Northern Ireland,English,Psychology,1st Year,18-21,Female/Woman,I do not have an SpLD,4,4,4,3,5,2,5,4,5,5,5,4,3,5
90f6f2b1,Northern Ireland,English,Psychology,1st Year,26+,Male/Man,I do not have an SpLD,4,4,3,4,4,2,3,3,2,3,4,4,3,4
9121404f,Northern Ireland,English,Psychology,1st Year,18-21,Female/Woman,Dyslexia,5,3,2,3,5,1,5,3,5,5,5,3,5,4
989f1d27,Northern Ireland,English,Psychology,1st Year,22-25,Female/Woman,I do not have an SpLD,2,2,2,1,3,4,3,2,3,5,4,4,3,5
9a9c2d9f,Northern Ireland,English,Psychology,1st Year,18-21,Another Gender,Dyslexia,4,2,2,3,4,2,4,2,4,5,4,3,4,3
9c714536,Northern Ireland,English,Psychology,1st Year,18-21,Female/Woman,I do not have an SpLD,1,2,1,2,1,1,2,1,2,2,2,1,1,2
a4fbf05d,Northern Ireland,English,Psychology,1st Year,22-25,Male/Man,I do not have an SpLD,2,3,1,2,4,1,4,2,4,4,4,1,4,4
a5f2163b,Northern Ireland,English,Psychology,1st Year,18-21,Female/Woman,I do not have an SpLD,4,2,2,3,5,4,5,4,5,3,5,3,3,2
a5fffc2d,Northern Ireland,English,Psychology,3rd Year,26+,Female/Woman,I do not have an SpLD,1,2,1,1,2,1,1,1,1,1,1,1,1,1
aab2fbf9,Northern Ireland,English,Psychology,2nd Year,26+,Female/Woman,I do not have an SpLD,4,3,3,4,5,2,5,3,5,4,3,4,4,3
b0719ad6,Northern Ireland,English,Psychology,1st Year,18-21,Male/Man,I do not have an SpLD,3,3,4,2,3,2,4,1,4,4,4,3,2,2
b1a5cb3c,Northern Ireland,English,Psychology,1st Year,18-21,Female/Woman,I do not have an SpLD,5,4,3,2,5,2,5,4,5,4,4,3,2,4
b259c502,Northern Ireland,English,Psychology,1st Year,18-21,Female/Woman,I do not have an SpLD,4,3,4,3,4,3,5,4,4,2,2,4,3,2
b2d74f37,Northern Ireland,English,Psychology,1st Year,18-21,Female/Woman,I do not have an SpLD,5,3,2,5,5,5,5,3,5,5,5,4,5,5
b6bd18cb,Northern Ireland,English,Psychology,1st Year,18-21,Female/Woman,I do not have an SpLD,3,5,5,5,5,1,5,5,4,2,2,5,2,2
b8567bf0,Northern Ireland,English,Psychology,1st Year,18-21,Female/Woman,Dyscalculia,4,5,3,5,5,5,5,5,5,4,4,5,4,2
b9b51fa3,Northern Ireland,English,Psychology,3rd Year,18-21,Female/Woman,I do not have an SpLD,4,2,4,4,5,1,4,5,5,1,5,3,4,4
bbca8f43,Northern Ireland,English,Psychology,1st Year,18-21,Male/Man,I do not have an SpLD,2,2,2,2,3,1,4,1,3,2,2,2,2,2
bd8f50f0,Northern Ireland,English,Psychology,1st Year,18-21,Female/Woman,NA,5,4,3,3,4,3,5,3,5,3,4,4,3,4
bdff1b3f,Northern Ireland,English,Psychology,1st Year,22-25,Female/Woman,I do not have an SpLD,4,5,5,4,4,3,4,5,4,3,5,4,2,5
bff33cf4,Northern Ireland,English,Psychology,1st Year,18-21,Male/Man,I do not have an SpLD,2,1,1,1,3,1,1,1,1,1,1,1,2,1
c454cf26,Northern Ireland,English,Psychology,1st Year,18-21,Female/Woman,I do not have an SpLD,5,5,3,4,5,1,5,4,5,4,5,3,4,4
c68afc6c,Northern Ireland,English,Psychology,1st Year,18-21,Female/Woman,I do not have an SpLD,5,3,5,1,5,1,5,2,5,5,5,1,2,5
c96fafc6,Northern Ireland,English,Psychology,3rd Year,26+,Female/Woman,I do not have an SpLD,4,2,1,1,4,2,2,1,3,4,4,2,4,1
cc1a8daf,Northern Ireland,English,Psychology,1st Year,18-21,Female/Woman,I do not have an SpLD,5,4,4,2,5,1,4,5,4,2,2,5,5,2
cf049fff,Northern Ireland,English,Psychology,1st Year,18-21,Female/Woman,I do not have an SpLD,3,4,4,3,5,3,5,3,5,3,1,3,5,1
d454f30f,Northern Ireland,English,Psychology,1st Year,18-21,Male/Man,I do not have an SpLD,3,1,1,1,3,1,4,1,3,1,2,2,2,1
d8640c6b,Northern Ireland,English,Psychology,1st Year,18-21,Female/Woman,I do not have an SpLD,3,1,1,1,4,1,5,1,4,1,3,1,3,2
dc48f9a5,Northern Ireland,English,Psychology,1st Year,22-25,Male/Man,I do not have an SpLD,4,4,4,4,4,2,4,4,4,4,4,4,2,4
dfa8335a,Northern Ireland,English,Psychology,1st Year,18-21,Male/Man,I do not have an SpLD,2,2,2,1,2,1,2,3,2,1,1,2,2,1
dff0c752,Northern Ireland,English,Psychology,1st Year,18-21,Female/Woman,I do not have an SpLD,2,4,3,3,4,2,4,3,4,3,3,4,2,3
f16a00b8,Northern Ireland,English,Psychology,1st Year,18-21,Female/Woman,I do not have an SpLD,2,3,2,2,4,2,4,2,4,2,2,4,4,2
f1a1f62c,Northern Ireland,English,Psychology,1st Year,18-21,Female/Woman,I do not have an SpLD,3,3,3,4,4,2,4,2,4,3,3,3,2,3
f201f77c,Northern Ireland,English,Psychology,1st Year,18-21,Female/Woman,I do not have an SpLD,3,3,3,3,5,1,4,2,5,1,2,4,4,1
f2c657ff,Northern Ireland,English,Psychology,1st Year,18-21,Female/Woman,I do not have an SpLD,4,5,5,5,5,4,5,4,5,3,4,5,4,4
f3ba01cb,Northern Ireland,English,Psychology,1st Year,18-21,Female/Woman,I do not have an SpLD,5,5,5,5,5,5,5,5,5,5,5,5,5,5
f440b045,Northern Ireland,English,Psychology,1st Year,18-21,Female/Woman,I do not have an SpLD,3,4,4,4,5,4,5,3,4,3,3,3,3,3
f5a10bff,Northern Ireland,English,Psychology,1st Year,18-21,Female/Woman,NA,2,2,2,2,4,3,2,1,4,2,3,3,2,3
f73f2214,Northern Ireland,English,Psychology,1st Year,22-25,Female/Woman,I do not have an SpLD,5,5,3,2,5,4,5,5,5,5,2,5,3,2
f8c434b1,Northern Ireland,English,Psychology,3rd Year,22-25,Female/Woman,NA,3,4,3,3,5,3,5,4,5,4,4,4,5,4
f8db46bd,Northern Ireland,English,Psychology,1st Year,18-21,Another Gender,Other - Autism Spectrum Disorder,5,3,4,3,5,3,5,4,4,5,5,4,4,5
f9df7787,Northern Ireland,English,Psychology,1st Year,18-21,Male/Man,I do not have an SpLD,1,2,2,2,3,1,3,3,2,2,3,2,2,3
fc2ff353,Northern Ireland,English,Psychology,1st Year,18-21,Male/Man,I do not have an SpLD,4,5,4,4,5,2,5,5,2,4,2,5,4,2
fc9f73cb,Northern Ireland,English,Psychology,1st Year,26+,Male/Man,I do not have an SpLD,3,3,2,3,4,1,5,3,5,4,4,3,2,4
ffb90d55,Northern Ireland,English,Psychology,1st Year,18-21,Female/Woman,I do not have an SpLD,2,4,3,3,4,2,5,2,4,1,1,3,3,2
00872112,China,Non-English,Psychology,2nd Year,18-21,Female/Woman,I do not have an SpLD,4,3,3,3,3,2,4,3,5,3,3,3,3,3
01452f11,China,Non-English,Psychology,NA,26+,Female/Woman,I do not have an SpLD,3,2,2,2,3,1,3,2,3,2,3,2,2,2
13bf4671,China,Non-English,Psychology,2nd Year,18-21,Female/Woman,I do not have an SpLD,3,2,3,3,2,2,3,2,4,1,1,3,3,3
19c4b17b,China,Non-English,Psychology,NA,NA,NA,NA,4,3,4,3,4,4,4,4,4,3,3,4,4,3
20f25c09,China,Non-English,Psychology,2nd Year,18-21,Male/Man,I do not have an SpLD,5,2,3,2,3,2,4,4,4,2,3,3,5,3
540a6fa8,China,Non-English,Psychology,NA,NA,NA,NA,4,3,4,2,4,2,4,2,5,2,2,4,4,2
63a5fff8,China,Non-English,Psychology,2nd Year,18-21,Female/Woman,I do not have an SpLD,4,2,4,2,3,1,2,3,2,3,3,4,4,2
6c1d5f8c,China,Non-English,Psychology,2nd Year,18-21,Female/Woman,I do not have an SpLD,2,3,1,4,4,2,4,3,4,2,2,3,5,2
715b9276,China,Non-English,Psychology,NA,NA,NA,NA,2,3,3,3,3,3,3,2,4,3,3,4,3,3
72a570c6,China,Non-English,Psychology,NA,22-25,Male/Man,I do not have an SpLD,2,2,1,1,1,3,1,1,3,4,3,2,1,4
8a2b881d,China,Non-English,Psychology,2nd Year,18-21,Female/Woman,I do not have an SpLD,3,2,2,4,3,3,4,2,5,4,3,4,4,2
90dacd62,China,Non-English,Psychology,2nd Year,18-21,Female/Woman,I do not have an SpLD,1,2,1,1,2,1,2,3,2,1,1,2,2,2
a6d6b6c2,China,Non-English,Psychology,2nd Year,18-21,Female/Woman,I do not have an SpLD,4,5,3,3,5,4,5,4,5,3,3,4,2,3
abc1d2fb,China,Non-English,Psychology,2nd Year,18-21,Female/Woman,I do not have an SpLD,3,2,2,2,4,1,4,2,4,5,3,2,4,2
b039b083,China,Non-English,Psychology,2nd Year,18-21,Female/Woman,I do not have an SpLD,2,3,2,3,2,2,1,3,1,2,1,3,4,2
d0ff69df,China,Non-English,Psychology,2nd Year,18-21,Female/Woman,I do not have an SpLD,5,1,1,2,4,1,4,4,5,2,2,1,1,2
f03031f1,China,Non-English,Psychology,2nd Year,18-21,Female/Woman,I do not have an SpLD,3,2,1,2,5,3,5,3,5,1,1,3,5,1
f57a6358,China,Non-English,Psychology,2nd Year,18-21,Female/Woman,I do not have an SpLD,3,3,3,2,4,4,3,3,3,3,3,3,3,3
f9fa9cfd,China,Non-English,Psychology,NA,22-25,Female/Woman,I do not have an SpLD,4,5,3,4,4,4,4,3,4,4,3,3,3,4
ff1ff1d0,China,Non-English,Psychology,2nd Year,18-21,Female/Woman,I do not have an SpLD,4,4,3,2,5,2,4,3,5,3,2,3,2,3
1209ffbd,Netherlands,Non-English,Psychology,1st Year,18-21,Male/Man,I do not have an SpLD,4,3,3,3,4,1,4,3,3,3,3,3,3,3
17154736,Netherlands,Non-English,Education,1st Year,18-21,Female/Woman,I do not have an SpLD,3,3,3,2,4,1,4,3,4,2,2,2,2,2
1797f922,Netherlands,Non-English,Education,NA,NA,NA,NA,5,4,4,4,5,1,5,5,5,4,4,5,5,3
1b1a0ada,Netherlands,Non-English,Psychology,1st Year,18-21,Female/Woman,I do not have an SpLD,1,1,2,1,2,1,2,1,1,1,1,1,1,1
1f4d7a1f,Netherlands,Non-English,Psychology,1st Year,26+,Female/Woman,I do not have an SpLD,5,3,3,2,3,1,3,2,4,3,3,4,3,3
24a8acfb,Netherlands,Non-English,Education,1st Year,18-21,Female/Woman,I do not have an SpLD,1,1,1,1,1,1,1,1,2,5,1,1,1,2
28fa13aa,Netherlands,Non-English,Education,1st Year,18-21,Female/Woman,I do not have an SpLD,4,5,4,4,4,2,5,2,4,3,4,4,2,3
2bff96d3,Netherlands,Non-English,Education,1st Year,22-25,Female/Woman,I do not have an SpLD,4,2,2,1,4,1,4,2,4,2,1,2,2,2
45306572,Netherlands,Non-English,Psychology,1st Year,22-25,Male/Man,I do not have an SpLD,1,1,1,1,3,1,2,1,2,1,1,1,2,1
49139abf,Netherlands,Non-English,Education,1st Year,18-21,Male/Man,I do not have an SpLD,2,2,2,2,3,2,3,2,2,2,1,2,1,1
5b1b04a2,Netherlands,Non-English,Psychology,1st Year,18-21,Female/Woman,I do not have an SpLD,2,2,3,2,3,1,4,3,1,3,3,3,2,2
5c4f131b,Netherlands,Non-English,Psychology,1st Year,18-21,Female/Woman,ADHD/ADD,2,1,1,1,3,1,3,1,1,2,2,1,1,2
60827f0d,Netherlands,Non-English,Education,1st Year,18-21,Female/Woman,I do not have an SpLD,5,3,4,3,5,3,4,2,5,3,4,4,4,2
64c4a275,Netherlands,Non-English,Education,1st Year,18-21,Female/Woman,I do not have an SpLD,2,1,2,2,2,1,2,3,3,1,2,2,1,1
6b941fbd,Netherlands,Non-English,Psychology,1st Year,22-25,Male/Man,I do not have an SpLD,1,2,1,3,3,1,3,3,2,2,3,3,1,2
70218128,Netherlands,Non-English,Education,1st Year,18-21,Female/Woman,I do not have an SpLD,1,2,2,2,3,2,3,2,1,2,1,2,1,1
7964595b,Netherlands,Non-English,Education,1st Year,18-21,Female/Woman,I do not have an SpLD,4,2,4,4,4,4,4,1,4,3,4,4,3,1
79f2a6ca,Netherlands,Non-English,Psychology,1st Year,26+,Male/Man,ADHD/ADD,2,2,2,2,3,1,3,2,3,3,2,1,2,2
8721b4f4,Netherlands,Non-English,Education,1st Year,18-21,Female/Woman,I do not have an SpLD,2,1,1,1,3,1,3,2,4,2,2,1,1,2
89663f7f,Netherlands,Non-English,Psychology,1st Year,22-25,Male/Man,ADHD/ADD,4,3,3,4,4,2,3,3,4,2,2,2,3,2
8df58b07,Netherlands,Non-English,Psychology,1st Year,18-21,Female/Woman,I do not have an SpLD,2,2,3,2,4,3,3,3,2,3,3,3,1,3
9324d72c,Netherlands,Non-English,Psychology,1st Year,18-21,Female/Woman,ADHD/ADD,2,1,2,1,3,1,4,2,3,3,4,1,2,3
a4df03b1,Netherlands,Non-English,Psychology,1st Year,18-21,Female/Woman,I do not have an SpLD,1,2,2,1,1,1,1,1,2,1,1,2,1,1
a4f73cdb,Netherlands,Non-English,Psychology,1st Year,18-21,Female/Woman,I do not have an SpLD,2,4,2,4,3,2,2,2,2,4,2,5,2,4
b0519c41,Netherlands,Non-English,Education,2nd Year,18-21,Female/Woman,Dyslexia,4,4,3,2,4,2,4,3,4,3,3,5,2,3
b3c39c6c,Netherlands,Non-English,Psychology,3rd Year,22-25,Male/Man,I do not have an SpLD,1,1,1,1,2,1,2,1,2,2,2,1,2,1
b82a512a,Netherlands,Non-English,Psychology,1st Year,18-21,Female/Woman,I do not have an SpLD,3,2,2,2,4,1,3,2,2,3,3,2,2,3
c2f795ac,Netherlands,Non-English,Psychology,1st Year,18-21,Female/Woman,I do not have an SpLD,1,2,1,2,2,1,2,1,2,2,3,2,1,1
c99f9d89,Netherlands,Non-English,Psychology,1st Year,18-21,Female/Woman,I do not have an SpLD,1,1,1,1,1,1,1,1,1,1,1,1,1,1
d224d3b8,Netherlands,Non-English,Education,1st Year,18-21,Female/Woman,I do not have an SpLD,1,1,2,1,2,1,3,3,2,1,3,1,3,1
dd6f6ff7,Netherlands,Non-English,Psychology,1st Year,22-25,Male/Man,Dyslexia,2,1,1,1,3,1,3,1,2,4,3,1,2,1
df0323c0,Netherlands,Non-English,Education,1st Year,18-21,NA,I do not have an SpLD,1,2,3,1,2,2,2,2,2,1,2,2,1,1
f1628307,Netherlands,Non-English,Psychology,3rd Year,18-21,Female/Woman,I do not have an SpLD,4,5,3,3,5,3,5,5,4,4,4,5,4,2
fa4a92a6,Netherlands,Non-English,Psychology,1st Year,18-21,Female/Woman,ADHD/ADD,4,5,5,4,5,2,4,4,5,3,3,4,5,2
fdcfa72d,Netherlands,Non-English,Psychology,1st Year,18-21,Female/Woman,I do not have an SpLD,3,3,2,2,4,3,3,2,2,3,2,3,1,4
ff70f5b9,Netherlands,Non-English,Psychology,1st Year,18-21,Female/Woman,I do not have an SpLD,3,2,4,3,2,3,4,3,4,4,4,3,3,4
0083ab75,Netherlands,Non-English,Education,1st Year,18-21,Female/Woman,I do not have an SpLD,3,4,3,4,4,1,3,1,4,4,5,4,2,2
061b26ad,Netherlands,Non-English,Psychology,2nd Year,18-21,Female/Woman,I do not have an SpLD,2,1,3,1,3,1,3,2,2,3,2,1,2,1
07ccd194,Netherlands,Non-English,Education,1st Year,18-21,Female/Woman,I do not have an SpLD,4,3,4,4,3,3,4,3,4,2,4,4,3,2
0820fdfb,Netherlands,Non-English,Psychology,1st Year,18-21,Female/Woman,Other - Undiagnosed Non-Specific,2,2,1,1,2,1,1,1,1,1,1,1,1,3
09baab6f,Netherlands,Non-English,Education,1st Year,22-25,Female/Woman,I do not have an SpLD,3,4,3,4,4,3,4,3,4,5,4,3,3,3
0b90d989,Netherlands,Non-English,Psychology,1st Year,18-21,Female/Woman,I do not have an SpLD,2,1,3,2,3,1,3,1,2,3,3,1,2,3
1456bf3d,Netherlands,Non-English,Psychology,1st Year,18-21,Female/Woman,I do not have an SpLD,3,1,2,1,3,1,3,2,3,2,2,1,2,2
19a2f9f3,Netherlands,Non-English,Education,1st Year,18-21,Female/Woman,I do not have an SpLD,4,3,2,2,5,1,4,1,2,2,4,2,3,2
1a751f80,Netherlands,Non-English,Education,1st Year,22-25,Female/Woman,I do not have an SpLD,4,3,3,4,5,3,4,3,5,4,4,3,4,3
1cc411fb,Netherlands,Non-English,Psychology,1st Year,18-21,Female/Woman,I do not have an SpLD,3,1,2,2,3,1,2,3,1,4,2,2,2,1
1f1a7a80,Netherlands,Non-English,Psychology,NA,26+,Female/Woman,Dyscalculia,4,3,4,2,4,1,4,3,4,4,5,3,4,3
22fd6f3a,Netherlands,Non-English,Psychology,2nd Year,18-21,Female/Woman,I do not have an SpLD,2,1,2,2,3,1,3,2,2,2,2,1,1,1
2405cd5d,Netherlands,Non-English,Psychology,1st Year,22-25,Female/Woman,Dyslexia,4,3,4,2,3,1,4,2,3,3,2,2,3,2
270f81f9,Netherlands,Non-English,Psychology,1st Year,18-21,Female/Woman,I do not have an SpLD,1,1,1,1,3,1,3,1,2,1,1,1,1,1
2b97929b,Netherlands,Non-English,Psychology,2nd Year,22-25,Female/Woman,I do not have an SpLD,1,1,1,1,1,1,1,1,1,2,1,1,1,1
2c31c397,Netherlands,Non-English,Psychology,1st Year,18-21,Female/Woman,I do not have an SpLD,2,4,4,5,2,2,3,4,1,1,3,4,3,2
33153793,Netherlands,Non-English,Psychology,1st Year,22-25,Female/Woman,I do not have an SpLD,1,2,3,3,2,1,2,2,3,1,1,2,3,1
37791ffd,Netherlands,Non-English,Education,1st Year,18-21,Female/Woman,I do not have an SpLD,2,1,2,1,3,1,4,1,3,2,2,1,2,1
38991872,Netherlands,Non-English,Education,1st Year,18-21,Female/Woman,I do not have an SpLD,4,4,4,4,5,2,4,3,5,4,3,5,2,3
3959909b,Netherlands,Non-English,Psychology,2nd Year,18-21,Female/Woman,I do not have an SpLD,4,3,4,3,5,1,4,3,4,2,3,4,4,2
3b74579f,Netherlands,Non-English,Education,1st Year,18-21,Female/Woman,Dyslexia,2,3,3,2,5,2,5,2,5,4,4,3,2,3
3c2d623b,Netherlands,Non-English,Psychology,1st Year,18-21,Female/Woman,I do not have an SpLD,3,2,3,1,5,1,4,4,5,3,4,2,3,2
3f81ddb6,Netherlands,Non-English,Psychology,1st Year,18-21,Female/Woman,I do not have an SpLD,3,1,3,1,2,1,4,2,3,3,2,1,1,2
4d1c7ff2,Netherlands,Non-English,Education,1st Year,18-21,Female/Woman,I do not have an SpLD,4,4,3,4,4,2,4,4,4,4,4,4,2,2
510f440b,Netherlands,Non-English,Psychology,1st Year,18-21,Female/Woman,I do not have an SpLD,1,1,1,1,1,1,2,1,2,1,1,1,1,1
5302185f,Netherlands,Non-English,Psychology,2nd Year,22-25,Female/Woman,I do not have an SpLD,4,1,1,3,5,1,5,1,4,1,2,2,3,2
53c66f46,Netherlands,Non-English,Psychology,3rd Year,22-25,Female/Woman,"ADHD/ADD, Other - Autism Spectrum Disorder",4,4,4,3,5,2,5,3,5,4,3,4,4,3
58953708,Netherlands,Non-English,Psychology,2nd Year,18-21,Female/Woman,I do not have an SpLD,2,1,1,1,2,1,2,1,2,4,3,1,2,2
65878d61,Netherlands,Non-English,Psychology,1st Year,18-21,Male/Man,I do not have an SpLD,2,2,3,2,4,1,4,2,2,2,3,2,2,4
6c9d9f4a,Netherlands,Non-English,Psychology,2nd Year,22-25,Female/Woman,I do not have an SpLD,1,2,1,2,4,1,3,1,2,1,1,2,1,1
76baca01,Netherlands,Non-English,Psychology,1st Year,18-21,Female/Woman,I do not have an SpLD,2,1,1,1,2,1,2,1,2,2,2,1,1,1
7864c4c9,Netherlands,Non-English,Psychology,1st Year,18-21,Female/Woman,I do not have an SpLD,1,1,1,1,3,1,2,1,2,1,2,1,1,1
7f3fd0b1,Netherlands,Non-English,Education,1st Year,18-21,Female/Woman,I do not have an SpLD,2,2,2,1,3,1,3,2,3,2,4,2,3,1
7f7756a3,Netherlands,Non-English,Education,1st Year,18-21,Female/Woman,I do not have an SpLD,3,2,2,1,3,1,3,1,3,2,2,2,2,2
7fdf02f9,Netherlands,Non-English,Psychology,2nd Year,26+,NA,I do not have an SpLD,1,1,1,1,2,1,1,1,1,1,1,1,1,1
82f03d23,Netherlands,Non-English,Education,1st Year,18-21,Female/Woman,I do not have an SpLD,3,1,2,1,4,1,4,1,3,2,4,2,2,2
85fb8faa,Netherlands,Non-English,Education,2nd Year,18-21,Female/Woman,I do not have an SpLD,3,2,4,2,4,2,4,5,4,3,5,2,5,3
877cf57f,Netherlands,Non-English,Education,1st Year,18-21,Female/Woman,I do not have an SpLD,4,1,1,1,5,1,2,2,5,4,2,2,5,2
890cf442,Netherlands,Non-English,Psychology,2nd Year,22-25,Female/Woman,I do not have an SpLD,1,1,1,1,2,1,2,1,2,1,1,1,1,1
89ac3c1a,Netherlands,Non-English,Psychology,3rd Year,18-21,Female/Woman,I do not have an SpLD,3,4,3,1,5,3,4,4,5,1,2,3,2,1
8b14b8b6,Netherlands,Non-English,Education,1st Year,18-21,Female/Woman,I do not have an SpLD,2,2,1,3,3,1,3,2,3,1,1,2,1,1
8f2dd802,Netherlands,Non-English,Education,1st Year,18-21,Female/Woman,I do not have an SpLD,3,1,2,1,4,1,4,1,4,3,4,1,3,3
96587c61,Netherlands,Non-English,Psychology,2nd Year,18-21,Female/Woman,I do not have an SpLD,3,2,3,1,4,1,4,1,5,3,1,3,1,1
9acfc1ba,Netherlands,Non-English,Psychology,3rd Year,18-21,Female/Woman,I do not have an SpLD,2,4,5,3,2,3,3,5,2,1,2,4,3,1
9f78730b,Netherlands,Non-English,Education,1st Year,18-21,Female/Woman,I do not have an SpLD,4,2,3,1,5,1,5,3,5,5,4,4,3,2
a04f40f2,Netherlands,Non-English,Education,1st Year,18-21,Female/Woman,I do not have an SpLD,2,4,5,4,4,2,5,2,4,2,4,4,5,2
ac9f12b0,Netherlands,Non-English,Education,1st Year,18-21,Male/Man,I do not have an SpLD,1,1,1,1,2,1,2,1,2,1,1,1,1,1
af426940,Netherlands,Non-English,Psychology,1st Year,22-25,Female/Woman,ADHD/ADD,4,4,2,3,5,3,5,3,4,4,3,4,3,3
b1fdf373,Netherlands,Non-English,Psychology,2nd Year,18-21,Female/Woman,I do not have an SpLD,4,2,1,2,5,1,5,2,5,3,5,2,4,3
b2a47d3a,Netherlands,Non-English,Education,1st Year,18-21,Female/Woman,I do not have an SpLD,4,3,3,3,5,1,4,3,4,2,2,3,4,2
b4041a33,Netherlands,Non-English,Education,1st Year,22-25,Female/Woman,I do not have an SpLD,4,2,2,2,4,2,5,3,5,2,2,2,3,2
b7b7ab4b,Netherlands,Non-English,Education,NA,NA,NA,NA,1,1,1,1,2,1,1,1,2,1,3,3,1,1
bc0ffd0a,Netherlands,Non-English,Education,1st Year,18-21,Female/Woman,I do not have an SpLD,1,1,1,2,2,1,2,1,1,1,1,2,1,1
c2a3c093,Netherlands,Non-English,Psychology,1st Year,18-21,Female/Woman,ADHD/ADD,1,2,2,2,1,2,2,1,1,2,2,2,2,1
c43b6020,Netherlands,Non-English,Psychology,2nd Year,22-25,Female/Woman,Dyslexia,1,2,1,4,1,1,1,1,1,2,4,1,1,2
ca31a0a2,Netherlands,Non-English,Education,1st Year,18-21,Female/Woman,I do not have an SpLD,2,2,2,1,2,1,1,1,3,1,1,1,3,1
d2dc3a83,Netherlands,Non-English,Psychology,3rd Year,22-25,Male/Man,Other - Autism Spectrum Disorder,4,3,3,3,5,2,4,4,4,5,5,3,4,4
d788444f,Netherlands,Non-English,Psychology,1st Year,22-25,Female/Woman,Dyslexia,4,3,4,3,4,3,3,3,4,4,3,5,3,3
d7f3b908,Netherlands,Non-English,Education,1st Year,18-21,Female/Woman,I do not have an SpLD,1,1,2,2,2,2,2,1,2,4,4,2,1,1
da5d1a1b,Netherlands,Non-English,Education,1st Year,18-21,Female/Woman,I do not have an SpLD,2,2,1,2,4,1,4,1,3,2,4,3,1,2
df71df63,Netherlands,Non-English,Psychology,3rd Year,22-25,Female/Woman,I do not have an SpLD,1,1,1,1,1,1,1,1,1,1,2,1,1,1
f17fd24f,Netherlands,Non-English,Psychology,NA,NA,NA,NA,1,1,1,1,3,1,4,1,2,1,1,1,1,1
f34f036f,Netherlands,Non-English,Education,1st Year,18-21,Female/Woman,I do not have an SpLD,1,1,1,2,2,2,3,1,2,3,4,2,1,3
f541c3d7,Netherlands,Non-English,Psychology,1st Year,18-21,Female/Woman,I do not have an SpLD,2,1,3,2,2,1,2,2,2,1,1,2,1,1
fdc6113f,Netherlands,Non-English,Education,1st Year,18-21,Female/Woman,I do not have an SpLD,1,1,2,1,2,1,2,2,2,3,4,2,1,2
ff5dd645,Netherlands,Non-English,Psychology,2nd Year,18-21,Female/Woman,I do not have an SpLD,2,1,2,2,2,2,1,4,3,2,2,2,2,2
fff904bb,Netherlands,Non-English,Education,1st Year,18-21,Female/Woman,I do not have an SpLD,2,2,2,3,3,1,3,2,2,3,2,2,2,2
fffd392f,Netherlands,Non-English,Education,1st Year,18-21,Female/Woman,I do not have an SpLD,1,1,1,2,3,1,3,1,2,1,2,1,1,1
01357384,Romania,Non-English,Psychology,1st Year,18-21,Female/Woman,I do not have an SpLD,5,5,3,4,5,2,5,4,5,5,4,5,5,4
033cfc86,Romania,Non-English,Psychology,2nd Year,18-21,Female/Woman,I do not have an SpLD,3,5,3,2,5,2,5,5,5,5,2,3,5,2
05771c71,Romania,Non-English,Psychology,1st Year,18-21,Female/Woman,I do not have an SpLD,3,3,3,2,2,1,3,2,2,3,2,2,2,2
07f5df82,Romania,Non-English,Psychology,1st Year,18-21,NA,I do not have an SpLD,1,1,1,1,3,1,3,1,2,1,1,2,3,1
080254a5,Romania,Non-English,Psychology,2nd Year,22-25,Female/Woman,I do not have an SpLD,5,5,4,4,5,2,5,5,5,3,3,5,4,2
0b968af9,Romania,Non-English,Psychology,1st Year,18-21,Female/Woman,I do not have an SpLD,2,3,4,4,3,4,3,2,3,1,2,4,3,1
0c2fa102,Romania,Non-English,Psychology,2nd Year,26+,Female/Woman,I do not have an SpLD,3,3,2,3,5,1,4,2,5,2,4,3,4,1
0df54a28,Romania,Non-English,Psychology,2nd Year,18-21,Female/Woman,I do not have an SpLD,1,2,2,1,4,1,3,2,4,1,1,2,2,1
0df649f2,Romania,Non-English,Psychology,1st Year,18-21,Female/Woman,I do not have an SpLD,3,2,1,2,5,1,5,3,4,5,2,2,4,2
0f313c96,Romania,Non-English,Psychology,2nd Year,18-21,Female/Woman,I do not have an SpLD,2,3,4,2,5,1,4,4,2,4,3,3,4,2
0ff30388,Romania,Non-English,Psychology,2nd Year,18-21,Female/Woman,I do not have an SpLD,2,1,1,1,5,1,4,1,3,4,1,1,4,1
105876f3,Romania,Non-English,Psychology,2nd Year,18-21,Female/Woman,I do not have an SpLD,4,4,3,1,4,1,5,1,3,4,4,3,4,3
110dd6f6,Romania,Non-English,Psychology,2nd Year,18-21,Female/Woman,I do not have an SpLD,4,5,5,5,5,1,4,3,3,3,4,5,4,4
12b851dd,Romania,Non-English,Psychology,2nd Year,18-21,Female/Woman,I do not have an SpLD,5,1,3,2,5,1,5,1,5,3,3,2,4,3
151b365f,Romania,Non-English,Psychology,2nd Year,18-21,Female/Woman,I do not have an SpLD,5,1,3,4,5,1,5,3,4,4,1,2,4,4
159b8889,Romania,Non-English,Psychology,2nd Year,18-21,Female/Woman,I do not have an SpLD,2,1,1,1,2,4,2,1,3,1,1,1,3,1
15dbf921,Romania,Non-English,Psychology,1st Year,18-21,Female/Woman,I do not have an SpLD,1,3,1,2,5,1,4,3,5,5,2,2,4,1
15f8aac2,Romania,Non-English,Psychology,2nd Year,18-21,Male/Man,I do not have an SpLD,1,2,2,2,5,1,4,1,3,4,3,2,5,3
16195fcf,Romania,Non-English,Psychology,2nd Year,18-21,Female/Woman,I do not have an SpLD,5,4,3,2,5,2,5,2,5,4,3,3,5,2
16587f71,Romania,Non-English,Psychology,2nd Year,18-21,Female/Woman,I do not have an SpLD,3,2,3,3,5,1,4,3,4,4,3,3,5,1
166418f5,Romania,Non-English,Psychology,2nd Year,18-21,Female/Woman,I do not have an SpLD,4,3,3,3,3,4,4,2,3,4,4,3,4,3
16b063a8,Romania,Non-English,Psychology,2nd Year,18-21,Female/Woman,I do not have an SpLD,4,4,3,1,5,3,2,3,2,4,4,4,4,2
16f16492,Romania,Non-English,Psychology,2nd Year,22-25,Female/Woman,I do not have an SpLD,2,4,4,3,3,2,3,4,2,4,4,4,4,2
182101f9,Romania,Non-English,Psychology,NA,NA,NA,NA,5,4,5,2,5,4,5,4,4,2,5,4,5,4
1a5f9a6c,Romania,Non-English,Psychology,1st Year,18-21,Female/Woman,I do not have an SpLD,3,3,3,3,4,2,4,3,4,4,2,3,3,4
1af6bb37,Romania,Non-English,Psychology,1st Year,18-21,Female/Woman,I do not have an SpLD,3,5,3,4,3,1,2,3,1,3,4,5,2,3
1af9f9d6,Romania,Non-English,Psychology,2nd Year,22-25,Female/Woman,I do not have an SpLD,2,1,2,1,4,1,3,3,4,1,1,1,4,1
1bad6145,Romania,Non-English,Psychology,1st Year,18-21,Female/Woman,I do not have an SpLD,4,4,3,3,5,4,5,3,5,4,4,4,5,4
1d4f4302,Romania,Non-English,Psychology,1st Year,18-21,Female/Woman,I do not have an SpLD,5,5,3,4,5,5,5,4,5,5,5,4,5,4
1dbffa11,Romania,Non-English,Psychology,2nd Year,18-21,Female/Woman,I do not have an SpLD,3,3,3,5,5,1,5,4,4,5,4,5,3,2
1dfab770,Romania,Non-English,Psychology,3rd Year,18-21,Female/Woman,I do not have an SpLD,1,1,1,1,2,1,2,1,1,2,1,1,1,1
1f4cf8ad,Romania,Non-English,Psychology,2nd Year,18-21,Female/Woman,I do not have an SpLD,5,5,5,3,5,3,5,2,4,4,3,5,5,5
1f53783b,Romania,Non-English,Psychology,2nd Year,22-25,Male/Man,I do not have an SpLD,3,3,3,3,4,1,3,3,3,3,3,3,4,2
1fb76153,Romania,Non-English,Psychology,1st Year,18-21,Female/Woman,I do not have an SpLD,3,3,4,3,5,2,4,2,4,5,4,4,4,2
20b5ff46,Romania,Non-English,Psychology,2nd Year,18-21,Female/Woman,I do not have an SpLD,4,4,4,4,4,2,4,3,4,5,5,4,4,5
2187c8d3,Romania,Non-English,Psychology,1st Year,18-21,Female/Woman,I do not have an SpLD,4,3,3,4,3,3,4,3,3,4,3,3,4,4
21cf1696,Romania,Non-English,Psychology,2nd Year,18-21,Male/Man,I do not have an SpLD,2,2,1,2,4,1,4,2,4,2,1,2,1,1
21f103b7,Romania,Non-English,Psychology,2nd Year,18-21,Female/Woman,I do not have an SpLD,4,4,4,3,4,3,4,3,4,3,3,4,3,3
2261a5cc,Romania,Non-English,Psychology,2nd Year,18-21,Female/Woman,I do not have an SpLD,4,4,4,4,5,2,5,4,5,5,4,4,4,2
2360b514,Romania,Non-English,Psychology,2nd Year,18-21,Female/Woman,I do not have an SpLD,1,2,1,1,2,2,3,1,2,1,1,3,1,1
2420b640,Romania,Non-English,Psychology,2nd Year,18-21,Female/Woman,I do not have an SpLD,1,3,3,3,2,1,1,1,1,2,2,3,2,1
242b76b8,Romania,Non-English,Psychology,3rd Year,18-21,Female/Woman,I do not have an SpLD,4,5,5,5,5,1,2,5,4,5,5,5,4,5
254279c3,Romania,Non-English,Psychology,2nd Year,18-21,Female/Woman,I do not have an SpLD,1,1,1,1,1,2,1,1,2,1,1,1,1,1
263453ba,Romania,Non-English,Psychology,2nd Year,18-21,Female/Woman,I do not have an SpLD,5,4,3,4,5,2,5,3,5,5,4,4,5,3
26f22f59,Romania,Non-English,Psychology,2nd Year,18-21,Female/Woman,I do not have an SpLD,3,5,3,4,4,1,5,1,3,5,5,5,3,1
26ff379d,Romania,Non-English,Psychology,2nd Year,18-21,Female/Woman,I do not have an SpLD,3,3,3,2,5,1,4,3,4,3,2,3,4,3
28672dcb,Romania,Non-English,Psychology,1st Year,18-21,Female/Woman,I do not have an SpLD,1,1,2,3,5,1,5,1,1,1,1,2,5,2
289f17b0,Romania,Non-English,Psychology,1st Year,18-21,Male/Man,I do not have an SpLD,2,3,2,3,3,2,3,2,2,1,4,3,3,2
2aa46d62,Romania,Non-English,Psychology,1st Year,22-25,Female/Woman,I do not have an SpLD,4,3,4,1,5,2,4,3,4,2,2,4,3,1
2bffda91,Romania,Non-English,Psychology,1st Year,18-21,Female/Woman,I do not have an SpLD,5,3,1,3,5,1,5,5,5,4,3,3,3,3
2c3f5f5c,Romania,Non-English,Psychology,2nd Year,18-21,Male/Man,I do not have an SpLD,3,3,2,4,3,4,2,4,2,2,3,2,4,4
2c4fff95,Romania,Non-English,Psychology,2nd Year,18-21,Female/Woman,I do not have an SpLD,4,4,5,3,5,3,3,4,2,3,3,3,4,4
2d3aa9f8,Romania,Non-English,Psychology,2nd Year,18-21,Female/Woman,I do not have an SpLD,3,3,2,2,5,1,2,3,2,4,2,4,5,3
2f4db29b,Romania,Non-English,Psychology,1st Year,18-21,Female/Woman,I do not have an SpLD,5,4,3,2,5,1,5,4,5,3,3,2,3,4
2f669a54,Romania,Non-English,Psychology,1st Year,18-21,Female/Woman,I do not have an SpLD,3,3,3,3,3,2,3,3,3,2,2,3,2,2
30c2f1c5,Romania,Non-English,Psychology,2nd Year,18-21,Female/Woman,I do not have an SpLD,4,3,3,4,5,1,5,2,5,4,3,4,5,3
325112b5,Romania,Non-English,Psychology,2nd Year,26+,Female/Woman,I do not have an SpLD,3,1,2,1,3,1,3,1,3,3,3,1,3,2
32c81b25,Romania,Non-English,Psychology,2nd Year,18-21,Female/Woman,I do not have an SpLD,2,3,2,3,3,2,3,3,3,3,3,3,4,2
32f90626,Romania,Non-English,Psychology,1st Year,18-21,Female/Woman,I do not have an SpLD,3,3,3,3,4,3,5,2,4,2,2,3,3,1
332d3904,Romania,Non-English,Psychology,3rd Year,22-25,Female/Woman,I do not have an SpLD,3,2,4,3,5,2,5,4,5,4,4,2,3,4
334f6906,Romania,Non-English,Psychology,1st Year,18-21,Female/Woman,I do not have an SpLD,4,2,3,4,4,2,3,4,2,4,3,3,4,2
357acc70,Romania,Non-English,Psychology,2nd Year,18-21,Female/Woman,I do not have an SpLD,1,1,1,1,2,1,2,1,2,1,1,1,1,1
35964d86,Romania,Non-English,Psychology,2nd Year,18-21,Female/Woman,I do not have an SpLD,1,1,1,1,2,1,1,1,1,1,1,1,1,1
35c29fdc,Romania,Non-English,Psychology,2nd Year,18-21,Female/Woman,I do not have an SpLD,5,5,5,3,5,1,5,1,5,5,1,5,5,1
3625cc9c,Romania,Non-English,Psychology,2nd Year,18-21,Female/Woman,I do not have an SpLD,1,3,1,1,3,1,2,2,2,2,1,2,2,1
366f2f62,Romania,Non-English,Psychology,2nd Year,18-21,Female/Woman,I do not have an SpLD,4,5,2,4,5,2,4,2,4,5,5,4,3,5
36c0561f,Romania,Non-English,Psychology,3rd Year,18-21,Female/Woman,I do not have an SpLD,1,1,1,1,5,1,1,1,3,1,1,2,2,1
37f54ac3,Romania,Non-English,Psychology,1st Year,18-21,Male/Man,I do not have an SpLD,5,5,2,5,5,4,4,3,5,3,3,5,3,3
38b3664f,Romania,Non-English,Psychology,2nd Year,18-21,Female/Woman,I do not have an SpLD,3,2,2,1,3,1,3,1,3,1,1,3,4,2
390c706d,Romania,Non-English,Psychology,NA,NA,NA,NA,3,3,3,2,3,2,3,3,4,4,3,3,4,2
3a0dfa2f,Romania,Non-English,Psychology,2nd Year,18-21,Female/Woman,I do not have an SpLD,2,1,4,1,5,1,4,4,3,2,2,1,4,1
3ab94690,Romania,Non-English,Psychology,3rd Year,18-21,Female/Woman,I do not have an SpLD,5,3,4,3,5,5,5,4,5,5,4,5,5,3
3cda3ba4,Romania,Non-English,Psychology,NA,NA,NA,NA,5,5,5,5,5,5,5,5,5,5,5,5,5,5
3d9af8f1,Romania,Non-English,Psychology,2nd Year,22-25,Female/Woman,I do not have an SpLD,3,4,4,4,4,1,3,2,5,3,3,5,5,1
3dc9acff,Romania,Non-English,Psychology,2nd Year,18-21,Female/Woman,I do not have an SpLD,5,4,4,4,3,2,4,3,4,4,4,3,4,3
3df69f7f,Romania,Non-English,Psychology,NA,NA,NA,NA,5,4,4,5,5,1,5,4,4,5,5,4,4,5
3f403fdd,Romania,Non-English,Psychology,3rd Year,18-21,Female/Woman,I do not have an SpLD,5,3,3,1,5,1,5,1,5,1,1,3,3,1
3f55bfd5,Romania,Non-English,Psychology,3rd Year,18-21,Female/Woman,I do not have an SpLD,4,4,4,1,4,3,4,4,4,1,1,2,5,1
3f991c10,Romania,Non-English,Psychology,NA,NA,NA,NA,1,1,2,1,2,1,2,1,2,2,1,1,2,1
3fd96fd7,Romania,Non-English,Psychology,2nd Year,18-21,Female/Woman,I do not have an SpLD,5,5,3,4,5,1,5,4,5,4,4,5,5,4
3ff296fa,Romania,Non-English,Psychology,2nd Year,18-21,Female/Woman,I do not have an SpLD,1,2,3,1,1,1,2,1,2,2,2,1,3,2
4208ff70,Romania,Non-English,Psychology,1st Year,18-21,Male/Man,I do not have an SpLD,4,1,2,2,5,1,4,2,5,1,1,1,5,2
42637fc2,Romania,Non-English,Psychology,2nd Year,26+,Female/Woman,I do not have an SpLD,2,3,2,2,3,2,3,3,3,2,2,3,3,1
42dc2226,Romania,Non-English,Psychology,1st Year,18-21,Female/Woman,I do not have an SpLD,5,5,5,3,5,1,4,3,4,5,5,3,5,5
42f36a7f,Romania,Non-English,Psychology,3rd Year,18-21,Female/Woman,I do not have an SpLD,3,2,3,2,4,1,2,4,4,4,2,2,3,2
43724b43,Romania,Non-English,Psychology,2nd Year,22-25,Male/Man,I do not have an SpLD,4,4,3,3,4,3,4,5,4,4,4,4,4,4
4382a385,Romania,Non-English,Psychology,3rd Year,18-21,Female/Woman,I do not have an SpLD,3,1,2,1,4,1,4,2,3,2,1,2,4,1
464dfdbf,Romania,Non-English,Psychology,NA,NA,NA,NA,4,5,5,5,4,1,2,4,4,2,3,4,3,2
483073fc,Romania,Non-English,Psychology,1st Year,18-21,Female/Woman,I do not have an SpLD,4,3,3,3,3,3,3,4,3,4,4,3,2,4
4c1d4f1c,Romania,Non-English,Psychology,1st Year,18-21,Female/Woman,I do not have an SpLD,1,3,2,3,3,4,2,1,2,1,1,2,1,1
4c5547d0,Romania,Non-English,Psychology,2nd Year,18-21,Male/Man,I do not have an SpLD,2,2,1,2,2,1,2,1,1,2,2,3,3,2
4c9f58b3,Romania,Non-English,Psychology,1st Year,18-21,Female/Woman,I do not have an SpLD,2,3,1,1,2,1,2,2,2,2,1,4,1,1
4d3765cf,Romania,Non-English,Psychology,2nd Year,18-21,Female/Woman,I do not have an SpLD,4,2,2,2,4,1,4,3,4,3,1,2,4,2
4dab1c15,Romania,Non-English,Psychology,1st Year,18-21,Male/Man,I do not have an SpLD,3,1,1,1,4,1,3,1,4,2,2,1,3,1
4f5921b5,Romania,Non-English,Psychology,1st Year,18-21,Male/Man,I do not have an SpLD,2,1,1,2,2,1,1,1,3,1,1,1,2,1
4f669770,Romania,Non-English,Psychology,NA,NA,NA,NA,1,3,2,3,5,1,5,1,5,1,1,3,5,1
4f7024a8,Romania,Non-English,Psychology,1st Year,18-21,Female/Woman,I do not have an SpLD,4,4,3,3,5,3,3,4,5,4,4,4,4,3
50af90d7,Romania,Non-English,Psychology,1st Year,18-21,Female/Woman,I do not have an SpLD,3,3,2,2,5,1,5,3,5,4,2,3,4,5
53ad65b2,Romania,Non-English,Psychology,2nd Year,18-21,Male/Man,I do not have an SpLD,1,1,1,1,2,1,2,1,2,1,1,2,1,1
53b664cb,Romania,Non-English,Psychology,1st Year,18-21,Male/Man,I do not have an SpLD,2,1,1,1,2,1,1,1,1,2,2,1,3,1
54c7fc4f,Romania,Non-English,Psychology,2nd Year,18-21,Female/Woman,I do not have an SpLD,2,2,3,2,2,1,4,3,2,3,2,2,2,1
59575d60,Romania,Non-English,Psychology,3rd Year,18-21,Female/Woman,I do not have an SpLD,1,1,4,5,1,1,1,1,1,1,1,5,1,1
59cf0745,Romania,Non-English,Psychology,2nd Year,22-25,Female/Woman,I do not have an SpLD,4,4,3,1,5,1,4,4,4,1,1,3,4,1
5a090f13,Romania,Non-English,Psychology,3rd Year,22-25,Female/Woman,I do not have an SpLD,2,2,2,1,2,2,2,1,2,3,3,2,2,3
5af95bc4,Romania,Non-English,Psychology,NA,NA,NA,NA,1,2,1,2,2,1,2,1,2,2,1,2,2,1
5b1db491,Romania,Non-English,Psychology,2nd Year,18-21,Female/Woman,I do not have an SpLD,2,3,2,3,5,2,4,2,5,3,2,4,4,1
5c31f079,Romania,Non-English,Psychology,2nd Year,18-21,Female/Woman,I do not have an SpLD,4,3,3,2,3,1,1,3,3,2,3,2,3,3
5cc4aff2,Romania,Non-English,Psychology,1st Year,18-21,Male/Man,I do not have an SpLD,1,1,3,1,4,1,4,2,2,2,2,3,4,2
5d058c10,Romania,Non-English,Psychology,2nd Year,18-21,Female/Woman,I do not have an SpLD,2,2,2,2,2,2,2,3,3,3,1,4,3,1
5d3131a2,Romania,Non-English,Psychology,3rd Year,22-25,Female/Woman,I do not have an SpLD,2,1,2,2,4,3,4,1,2,1,1,1,1,1
5d8f4597,Romania,Non-English,Psychology,1st Year,18-21,Female/Woman,I do not have an SpLD,3,3,3,3,3,2,4,4,4,2,2,4,4,2
5fa80f33,Romania,Non-English,Psychology,3rd Year,18-21,Female/Woman,I do not have an SpLD,5,5,5,4,5,3,5,4,5,4,4,4,4,2
603c0f05,Romania,Non-English,Psychology,2nd Year,18-21,Female/Woman,I do not have an SpLD,3,3,3,3,4,1,4,2,4,2,2,3,3,1
60aff65d,Romania,Non-English,Psychology,2nd Year,18-21,Female/Woman,I do not have an SpLD,4,4,3,3,5,2,5,4,3,4,3,3,3,3
61c0cff5,Romania,Non-English,Psychology,2nd Year,18-21,Female/Woman,I do not have an SpLD,3,4,4,3,5,2,4,3,4,3,3,2,3,3
62f8f6fb,Romania,Non-English,Psychology,2nd Year,18-21,Female/Woman,NA,4,4,4,4,5,3,5,4,5,5,3,4,5,3
66b27d37,Romania,Non-English,Psychology,3rd Year,22-25,Male/Man,I do not have an SpLD,5,4,2,5,3,2,1,4,5,1,1,1,1,1
66b40306,Romania,Non-English,Psychology,2nd Year,18-21,Female/Woman,I do not have an SpLD,1,1,1,1,3,1,3,1,2,1,1,1,3,1
66d13929,Romania,Non-English,Psychology,1st Year,18-21,Female/Woman,I do not have an SpLD,4,2,3,2,5,2,5,4,4,2,2,3,5,2
66d9cc62,Romania,Non-English,Psychology,3rd Year,18-21,Male/Man,I do not have an SpLD,5,3,3,3,5,1,4,4,5,4,3,3,5,4
675fa18b,Romania,Non-English,Psychology,2nd Year,18-21,Female/Woman,I do not have an SpLD,2,2,4,1,4,1,2,2,4,2,4,2,4,1
69c0725f,Romania,Non-English,Psychology,2nd Year,18-21,Female/Woman,I do not have an SpLD,3,5,4,5,5,1,5,3,5,3,4,5,5,2
69cfc055,Romania,Non-English,Psychology,3rd Year,22-25,Female/Woman,I do not have an SpLD,1,1,1,1,2,1,2,1,1,3,1,1,1,2
69f0740b,Romania,Non-English,Psychology,2nd Year,18-21,Female/Woman,I do not have an SpLD,1,1,1,1,2,1,1,1,3,1,1,1,2,1
6a1d7438,Romania,Non-English,Psychology,1st Year,18-21,Female/Woman,I do not have an SpLD,2,1,1,1,4,1,3,1,4,2,1,1,2,1
6c10b2ff,Romania,Non-English,Psychology,2nd Year,18-21,Male/Man,I do not have an SpLD,3,2,1,2,3,1,3,1,2,2,2,2,2,2
6dd4cfaf,Romania,Non-English,Psychology,NA,NA,NA,NA,5,4,5,4,5,3,5,4,5,5,4,5,5,4
6f038fbf,Romania,Non-English,Psychology,2nd Year,18-21,Female/Woman,I do not have an SpLD,2,2,2,1,3,1,2,1,3,1,1,2,2,1
6f2abd19,Romania,Non-English,Psychology,2nd Year,18-21,Female/Woman,I do not have an SpLD,2,2,2,3,3,1,3,2,3,2,1,3,2,1
6f2dc823,Romania,Non-English,Psychology,2nd Year,18-21,Female/Woman,I do not have an SpLD,3,2,1,2,4,1,4,1,4,2,1,2,3,1
6ff15084,Romania,Non-English,Psychology,1st Year,18-21,Female/Woman,I do not have an SpLD,4,3,3,4,5,2,4,2,5,4,3,4,4,2
711f9947,Romania,Non-English,Psychology,1st Year,18-21,Male/Man,I do not have an SpLD,1,1,1,1,2,1,3,1,2,2,1,1,1,1
730dc8d7,Romania,Non-English,Psychology,2nd Year,18-21,Female/Woman,I do not have an SpLD,5,5,4,5,5,3,5,4,4,4,3,4,5,3
735cc479,Romania,Non-English,Psychology,2nd Year,18-21,Female/Woman,I do not have an SpLD,1,3,4,2,4,1,1,3,4,2,4,3,4,2
73d26302,Romania,Non-English,Psychology,2nd Year,18-21,Female/Woman,I do not have an SpLD,1,2,1,1,1,1,2,1,1,2,1,2,1,1
766ca3ff,Romania,Non-English,Psychology,2nd Year,18-21,Female/Woman,I do not have an SpLD,3,2,3,2,3,2,3,3,2,2,2,3,3,2
7727cf88,Romania,Non-English,Psychology,3rd Year,22-25,Female/Woman,I do not have an SpLD,1,3,3,1,1,1,1,3,1,1,3,2,3,3
77865d86,Romania,Non-English,Psychology,2nd Year,18-21,Female/Woman,I do not have an SpLD,4,4,3,3,5,5,4,4,5,5,4,4,5,3
7a348d44,Romania,Non-English,Psychology,NA,NA,NA,NA,5,2,3,2,5,3,2,3,5,3,3,3,5,3
7a50bbcf,Romania,Non-English,Psychology,2nd Year,18-21,Female/Woman,I do not have an SpLD,4,3,3,2,5,1,4,3,5,4,2,2,5,2
7a68ad8a,Romania,Non-English,Psychology,3rd Year,22-25,Male/Man,I do not have an SpLD,2,1,2,1,4,1,2,1,1,1,1,1,2,1
7b39b25f,Romania,Non-English,Psychology,1st Year,26+,Female/Woman,I do not have an SpLD,2,3,3,3,3,3,3,3,3,2,2,3,2,2
7baf2332,Romania,Non-English,Psychology,2nd Year,18-21,Female/Woman,I do not have an SpLD,4,4,5,3,5,4,5,3,4,5,3,4,4,3
7cbf5b7f,Romania,Non-English,Psychology,2nd Year,18-21,Female/Woman,I do not have an SpLD,1,1,1,2,3,2,2,1,2,2,1,2,2,1
7cf13970,Romania,Non-English,Psychology,2nd Year,18-21,Female/Woman,I do not have an SpLD,3,5,2,5,5,2,5,4,5,4,1,5,2,1
7cf94d30,Romania,Non-English,Psychology,3rd Year,26+,Male/Man,I do not have an SpLD,4,3,3,3,3,1,4,2,3,4,3,3,2,4
7f877b9d,Romania,Non-English,Psychology,2nd Year,18-21,Female/Woman,I do not have an SpLD,4,1,3,2,5,1,3,3,4,2,2,2,4,1
7fb9b440,Romania,Non-English,Psychology,2nd Year,26+,Female/Woman,I do not have an SpLD,2,1,1,1,3,1,3,1,2,2,1,1,2,2
812a22c4,Romania,Non-English,Psychology,1st Year,18-21,Female/Woman,I do not have an SpLD,1,1,2,1,5,1,5,2,5,3,2,1,3,2
821d2290,Romania,Non-English,Psychology,1st Year,18-21,Female/Woman,I do not have an SpLD,1,2,2,3,2,1,2,2,2,3,3,2,2,1
8381452a,Romania,Non-English,Psychology,1st Year,18-21,Female/Woman,I do not have an SpLD,4,2,2,1,4,1,3,2,3,2,3,3,4,3
846a72ca,Romania,Non-English,Psychology,NA,NA,NA,NA,1,2,3,2,2,3,4,3,1,4,4,3,2,4
8653d703,Romania,Non-English,Psychology,3rd Year,22-25,Male/Man,I do not have an SpLD,4,4,3,2,5,1,5,4,4,4,4,4,5,3
87b78515,Romania,Non-English,Psychology,3rd Year,22-25,Female/Woman,Dyslexia,4,3,3,5,5,3,5,3,5,5,3,4,5,3
87f9395a,Romania,Non-English,Psychology,1st Year,18-21,Female/Woman,I do not have an SpLD,4,3,3,3,5,2,4,3,5,1,3,3,4,3
885fdc51,Romania,Non-English,Psychology,1st Year,18-21,Female/Woman,I do not have an SpLD,1,1,3,1,2,3,1,1,1,2,2,1,2,1
890f6741,Romania,Non-English,Psychology,3rd Year,18-21,Male/Man,I do not have an SpLD,2,1,2,3,4,3,4,3,3,1,2,1,2,2
894f2f02,Romania,Non-English,Psychology,1st Year,18-21,Female/Woman,I do not have an SpLD,3,1,2,1,3,1,3,2,3,5,5,1,5,5
895fc9c1,Romania,Non-English,Psychology,2nd Year,18-21,Female/Woman,I do not have an SpLD,1,1,1,1,2,1,1,1,1,1,1,1,1,1
89a1f7fa,Romania,Non-English,Psychology,1st Year,22-25,Female/Woman,I do not have an SpLD,3,3,4,5,4,5,3,3,3,5,5,4,3,1
8a6524da,Romania,Non-English,Psychology,3rd Year,18-21,Female/Woman,I do not have an SpLD,5,4,4,4,5,1,5,4,2,5,5,4,5,5
8a7f7515,Romania,Non-English,Psychology,2nd Year,18-21,Female/Woman,I do not have an SpLD,2,2,2,2,2,1,1,2,1,2,2,3,3,2
8a98c7cd,Romania,Non-English,Psychology,2nd Year,18-21,Female/Woman,I do not have an SpLD,3,2,3,2,4,2,5,3,4,4,3,4,4,3
8b59db37,Romania,Non-English,Psychology,2nd Year,18-21,Female/Woman,I do not have an SpLD,3,3,3,3,5,1,5,2,5,3,3,4,5,2
8bcb9f67,Romania,Non-English,Psychology,2nd Year,18-21,Female/Woman,I do not have an SpLD,1,1,2,1,2,1,2,1,2,2,1,1,3,1
8c6aa59d,Romania,Non-English,Psychology,2nd Year,18-21,Female/Woman,I do not have an SpLD,4,1,2,1,5,1,4,3,2,4,3,1,2,1
8cf58731,Romania,Non-English,Psychology,2nd Year,18-21,Female/Woman,ADHD/ADD,4,4,4,2,4,1,5,3,5,5,4,4,4,4
8d6aab59,Romania,Non-English,Psychology,1st Year,18-21,Male/Man,I do not have an SpLD,3,3,2,2,4,1,3,1,3,2,1,3,3,1
8d956f38,Romania,Non-English,Psychology,2nd Year,18-21,Male/Man,I do not have an SpLD,1,1,1,1,1,1,1,1,1,1,1,1,2,1
8dc5ff31,Romania,Non-English,Psychology,1st Year,18-21,Male/Man,I do not have an SpLD,4,1,1,1,4,1,5,3,4,3,2,1,5,1
8f0f0d84,Romania,Non-English,Psychology,2nd Year,18-21,Female/Woman,I do not have an SpLD,4,4,4,4,5,4,4,4,4,4,4,4,5,2
8f35333d,Romania,Non-English,Psychology,2nd Year,18-21,Female/Woman,I do not have an SpLD,4,4,4,4,5,1,5,4,5,4,3,4,5,3
8f5f4d1a,Romania,Non-English,Psychology,2nd Year,18-21,Female/Woman,I do not have an SpLD,4,2,2,2,5,2,5,3,3,2,3,4,3,2
8f7762dd,Romania,Non-English,Psychology,1st Year,18-21,Male/Man,I do not have an SpLD,3,1,2,1,5,1,4,1,4,2,1,1,1,1
916b10f6,Romania,Non-English,Psychology,2nd Year,18-21,Female/Woman,I do not have an SpLD,3,2,1,2,5,4,3,2,2,3,3,2,2,1
92bfbcfc,Romania,Non-English,Psychology,2nd Year,18-21,Female/Woman,I do not have an SpLD,3,3,2,2,5,1,4,2,5,4,3,3,3,1
9340f467,Romania,Non-English,Psychology,2nd Year,18-21,Female/Woman,I do not have an SpLD,2,2,2,2,2,2,3,1,2,1,1,2,2,1
96900676,Romania,Non-English,Psychology,1st Year,18-21,Female/Woman,I do not have an SpLD,3,2,2,2,5,1,5,3,5,2,1,2,5,1
9733f3f1,Romania,Non-English,Psychology,2nd Year,18-21,Female/Woman,I do not have an SpLD,4,3,3,4,5,2,5,2,5,5,4,3,3,3
9866b9fa,Romania,Non-English,Psychology,3rd Year,18-21,Female/Woman,I do not have an SpLD,4,3,2,2,5,1,5,1,5,3,2,3,3,1
9a493d63,Romania,Non-English,Psychology,2nd Year,18-21,Female/Woman,I do not have an SpLD,5,3,3,4,4,2,3,3,5,2,3,4,3,2
9b0a922c,Romania,Non-English,Psychology,3rd Year,18-21,Female/Woman,I do not have an SpLD,3,1,2,3,5,2,4,2,3,3,3,4,4,2
9b213f03,Romania,Non-English,Psychology,2nd Year,18-21,Female/Woman,I do not have an SpLD,4,2,1,1,5,1,5,3,5,5,4,2,4,5
9bd7d9a4,Romania,Non-English,Psychology,1st Year,18-21,Female/Woman,I do not have an SpLD,2,3,2,2,3,2,2,2,4,2,2,2,3,1
9cad3b3b,Romania,Non-English,Psychology,1st Year,18-21,Female/Woman,NA,4,3,3,2,3,4,5,3,5,4,3,2,4,2
9cf846fc,Romania,Non-English,Psychology,2nd Year,18-21,Male/Man,I do not have an SpLD,1,3,2,2,3,1,2,3,3,1,1,2,2,1
9cfff392,Romania,Non-English,Psychology,2nd Year,18-21,Female/Woman,I do not have an SpLD,4,5,4,5,5,2,5,5,5,5,5,5,5,4
9f27bd17,Romania,Non-English,Psychology,2nd Year,18-21,Female/Woman,I do not have an SpLD,4,2,3,2,5,1,4,2,4,4,3,3,3,2
9f9b016f,Romania,Non-English,Psychology,1st Year,18-21,Female/Woman,I do not have an SpLD,3,2,1,2,4,1,3,2,3,2,1,2,3,1
a091abcb,Romania,Non-English,Psychology,3rd Year,18-21,Male/Man,I do not have an SpLD,1,3,2,1,1,1,1,3,2,1,1,1,1,1
a7d9719d,Romania,Non-English,Psychology,3rd Year,22-25,Female/Woman,NA,5,5,5,5,5,3,4,5,5,4,4,5,4,5
aa859dcb,Romania,Non-English,Psychology,NA,NA,NA,NA,3,1,1,2,4,1,3,1,2,1,1,2,1,3
ac35f698,Romania,Non-English,Psychology,3rd Year,18-21,Female/Woman,I do not have an SpLD,2,2,2,3,3,2,1,1,3,3,4,3,1,2
af26a11f,Romania,Non-English,Psychology,1st Year,18-21,Female/Woman,I do not have an SpLD,3,3,3,2,5,1,4,3,4,4,4,4,4,3
b0afc9a7,Romania,Non-English,Psychology,3rd Year,22-25,Female/Woman,I do not have an SpLD,4,3,3,4,5,3,4,3,5,5,4,4,5,3
b297a62f,Romania,Non-English,Psychology,1st Year,18-21,Female/Woman,I do not have an SpLD,4,4,3,3,5,5,5,5,5,3,1,4,5,1
b3aa8c10,Romania,Non-English,Psychology,1st Year,18-21,Female/Woman,I do not have an SpLD,2,1,3,3,4,2,5,1,5,5,4,3,5,2
b509d4a8,Romania,Non-English,Psychology,2nd Year,18-21,Female/Woman,I do not have an SpLD,2,3,2,3,3,1,4,1,2,2,2,3,2,1
b69343fb,Romania,Non-English,Psychology,2nd Year,18-21,Female/Woman,I do not have an SpLD,4,5,3,3,5,1,4,2,5,2,2,4,1,1
b7347400,Romania,Non-English,Psychology,NA,NA,NA,NA,4,2,3,2,5,1,5,3,5,5,3,3,4,2
b82dbccf,Romania,Non-English,Psychology,2nd Year,18-21,Female/Woman,I do not have an SpLD,4,4,3,4,4,3,5,3,4,4,5,4,3,3
b9b1baf0,Romania,Non-English,Psychology,2nd Year,18-21,Male/Man,I do not have an SpLD,4,5,1,3,5,1,4,3,4,1,1,4,3,1
ba138791,Romania,Non-English,Psychology,1st Year,18-21,Female/Woman,NA,2,3,2,3,4,1,4,2,4,1,1,2,2,1
bf12c43c,Romania,Non-English,Psychology,1st Year,18-21,Female/Woman,I do not have an SpLD,3,2,2,1,5,1,4,2,4,1,1,1,4,1
c2aff148,Romania,Non-English,Psychology,2nd Year,18-21,Female/Woman,I do not have an SpLD,4,2,3,2,4,1,4,3,4,4,3,2,5,4
c3a3c5f6,Romania,Non-English,Psychology,1st Year,18-21,Female/Woman,I do not have an SpLD,1,1,1,1,2,1,2,1,1,1,2,1,1,1
c4fba226,Romania,Non-English,Psychology,2nd Year,18-21,Female/Woman,I do not have an SpLD,4,3,1,3,4,1,4,1,4,3,1,3,2,1
c868bd8a,Romania,Non-English,Psychology,NA,NA,NA,NA,2,3,3,2,5,3,5,3,4,4,3,4,4,3
ca0df2d7,Romania,Non-English,Psychology,3rd Year,18-21,Female/Woman,I do not have an SpLD,1,1,1,1,2,1,1,1,5,5,3,1,1,1
ca64fb00,Romania,Non-English,Psychology,2nd Year,18-21,Female/Woman,I do not have an SpLD,2,2,2,3,3,2,2,2,2,2,2,3,3,3
cb7f08f8,Romania,Non-English,Psychology,2nd Year,18-21,Female/Woman,Dysgraphia/Dysorthography,3,3,4,2,4,1,4,3,4,1,1,3,3,1
cbf1c296,Romania,Non-English,Psychology,2nd Year,18-21,Female/Woman,I do not have an SpLD,1,1,1,1,1,1,2,1,1,1,1,1,1,1
cc724c79,Romania,Non-English,Psychology,3rd Year,22-25,Female/Woman,I do not have an SpLD,3,3,3,2,4,1,4,1,3,1,1,2,2,1
cc77c5b6,Romania,Non-English,Psychology,2nd Year,18-21,Female/Woman,I do not have an SpLD,1,2,1,2,2,1,2,2,2,2,2,2,2,1
cc87f3ad,Romania,Non-English,Psychology,2nd Year,18-21,Female/Woman,I do not have an SpLD,2,1,2,3,2,2,1,1,4,3,1,3,2,1
cc8ff897,Romania,Non-English,Psychology,1st Year,18-21,Female/Woman,I do not have an SpLD,4,1,2,4,4,3,5,2,5,5,3,5,4,4
cff0af7b,Romania,Non-English,Psychology,2nd Year,22-25,Female/Woman,I do not have an SpLD,5,4,5,3,5,2,5,5,5,5,5,5,5,4
d008cf41,Romania,Non-English,Psychology,1st Year,18-21,Female/Woman,I do not have an SpLD,1,3,1,3,1,1,1,1,2,1,2,3,1,1
d1d170dc,Romania,Non-English,Psychology,2nd Year,22-25,Male/Man,I do not have an SpLD,3,2,2,2,3,2,4,2,3,4,3,2,1,3
d2236a57,Romania,Non-English,Psychology,2nd Year,18-21,Female/Woman,NA,2,4,4,4,4,2,2,4,1,1,2,4,1,1
d2f9a5fc,Romania,Non-English,Psychology,2nd Year,18-21,Female/Woman,I do not have an SpLD,5,5,3,5,5,1,5,4,5,4,5,5,5,3
d3478fc1,Romania,Non-English,Psychology,2nd Year,18-21,Female/Woman,I do not have an SpLD,3,5,5,3,5,3,5,2,4,4,4,4,5,1
d3f422a1,Romania,Non-English,Psychology,1st Year,18-21,Female/Woman,I do not have an SpLD,1,1,1,1,1,2,4,1,3,1,1,3,1,1
d489a5f8,Romania,Non-English,Psychology,2nd Year,18-21,Female/Woman,I do not have an SpLD,2,3,3,4,2,1,2,1,3,3,1,3,2,1
d53aa147,Romania,Non-English,Psychology,2nd Year,18-21,Female/Woman,I do not have an SpLD,4,3,3,4,4,1,3,3,4,3,3,4,3,3
d58d3016,Romania,Non-English,Psychology,2nd Year,18-21,Female/Woman,I do not have an SpLD,4,5,4,3,3,3,4,3,2,4,4,3,5,3
d6611337,Romania,Non-English,Psychology,2nd Year,18-21,Female/Woman,I do not have an SpLD,4,3,3,3,5,1,5,2,5,1,2,2,5,2
d6f2f92b,Romania,Non-English,Psychology,1st Year,18-21,Female/Woman,I do not have an SpLD,2,3,3,2,4,3,4,2,1,4,4,3,2,3
d7d33517,Romania,Non-English,Psychology,3rd Year,18-21,Male/Man,I do not have an SpLD,3,3,3,3,3,3,2,3,2,2,3,2,3,3
d7ff4f22,Romania,Non-English,Psychology,2nd Year,18-21,Female/Woman,I do not have an SpLD,3,3,3,2,4,1,2,2,1,2,2,3,4,2
d80c4675,Romania,Non-English,Psychology,2nd Year,18-21,Female/Woman,I do not have an SpLD,2,2,2,2,3,1,3,1,3,1,1,2,2,1
d8f3bb9d,Romania,Non-English,Psychology,1st Year,18-21,Female/Woman,I do not have an SpLD,2,5,3,2,5,2,5,5,2,4,4,4,5,2
db7d368d,Romania,Non-English,Psychology,2nd Year,18-21,Female/Woman,I do not have an SpLD,3,1,2,1,5,1,5,1,5,2,2,2,5,2
db9611f3,Romania,Non-English,Psychology,1st Year,18-21,Female/Woman,I do not have an SpLD,2,3,2,2,4,2,4,1,4,2,1,1,2,1
dfc73dcc,Romania,Non-English,Psychology,2nd Year,18-21,Female/Woman,I do not have an SpLD,3,2,2,3,3,1,2,2,4,2,3,2,2,2
f0a4298a,Romania,Non-English,Psychology,1st Year,18-21,Female/Woman,I do not have an SpLD,4,2,2,2,3,2,1,2,4,3,2,3,1,2
f0f16f49,Romania,Non-English,Psychology,2nd Year,NA,Female/Woman,I do not have an SpLD,5,4,4,4,5,3,4,4,5,4,4,4,3,3
f2b99979,Romania,Non-English,Psychology,1st Year,22-25,Female/Woman,I do not have an SpLD,4,2,2,2,4,1,4,1,4,1,1,2,1,2
f2baffa3,Romania,Non-English,Psychology,1st Year,18-21,Female/Woman,I do not have an SpLD,3,2,1,3,3,2,2,2,3,3,1,2,2,1
f4a93ff6,Romania,Non-English,Psychology,3rd Year,22-25,Male/Man,I do not have an SpLD,4,4,2,4,4,5,3,3,2,4,4,4,3,2
f4c6af7d,Romania,Non-English,Psychology,2nd Year,18-21,Male/Man,I do not have an SpLD,2,5,4,2,5,1,5,5,5,5,4,5,5,2
f4f44338,Romania,Non-English,Psychology,2nd Year,22-25,Female/Woman,I do not have an SpLD,5,5,4,4,5,3,2,2,5,4,3,3,5,3
f5115c8d,Romania,Non-English,Psychology,2nd Year,22-25,Male/Man,I do not have an SpLD,2,3,1,3,3,1,3,2,3,1,1,3,1,2
f5a65f6b,Romania,Non-English,Psychology,3rd Year,22-25,Female/Woman,I do not have an SpLD,5,4,3,5,4,1,5,5,4,4,4,4,4,2
f634b437,Romania,Non-English,Psychology,1st Year,18-21,Female/Woman,NA,3,2,2,2,5,2,4,2,5,4,3,2,2,3
f700b79f,Romania,Non-English,Psychology,2nd Year,18-21,Female/Woman,I do not have an SpLD,2,2,1,2,4,1,4,3,4,2,1,2,3,2
f80bd980,Romania,Non-English,Psychology,1st Year,18-21,Female/Woman,I do not have an SpLD,3,4,3,2,5,2,4,5,5,2,3,3,1,1
f92283f2,Romania,Non-English,Psychology,2nd Year,18-21,Female/Woman,I do not have an SpLD,5,2,3,2,5,1,5,4,3,4,4,2,5,2
f94365c5,Romania,Non-English,Psychology,2nd Year,18-21,Female/Woman,I do not have an SpLD,5,5,5,4,5,1,5,1,5,4,4,4,5,4
f99db908,Romania,Non-English,Psychology,2nd Year,18-21,Female/Woman,I do not have an SpLD,1,3,4,3,4,1,4,3,4,4,2,3,4,2
fa59f0b4,Romania,Non-English,Psychology,2nd Year,18-21,Female/Woman,I do not have an SpLD,4,5,3,4,5,1,4,1,3,5,4,5,4,1
fa99c2df,Romania,Non-English,Psychology,2nd Year,18-21,Female/Woman,I do not have an SpLD,3,3,4,2,3,1,4,2,4,4,4,3,3,3
faf7ca53,Romania,Non-English,Psychology,2nd Year,18-21,Female/Woman,I do not have an SpLD,5,4,1,3,5,1,5,2,5,5,5,5,4,4
fb0897f6,Romania,Non-English,Psychology,2nd Year,18-21,Female/Woman,I do not have an SpLD,2,3,3,2,2,1,3,2,1,1,1,2,3,1
fc2f28cc,Romania,Non-English,Psychology,1st Year,18-21,Female/Woman,I do not have an SpLD,3,2,2,3,4,3,3,2,3,2,3,3,3,2
fda3b95c,Romania,Non-English,Psychology,2nd Year,18-21,Female/Woman,I do not have an SpLD,3,3,1,1,5,1,5,1,4,5,4,2,2,2
ff56815b,Romania,Non-English,Psychology,1st Year,18-21,Female/Woman,I do not have an SpLD,5,3,3,1,5,1,5,3,5,5,4,4,5,4
ff660c17,Romania,Non-English,Psychology,2nd Year,22-25,Female/Woman,I do not have an SpLD,4,4,3,4,5,3,4,3,4,4,3,4,4,3
fff15470,Romania,Non-English,Psychology,2nd Year,18-21,Female/Woman,I do not have an SpLD,3,3,3,3,4,4,4,4,5,2,2,3,4,2
022a6a6a,Netherlands,Non-English,Psychology,2nd Year,18-21,Female/Woman,I do not have an SpLD,3,2,2,2,5,2,5,3,3,2,2,2,2,2
09567651,Netherlands,Non-English,Psychology,2nd Year,18-21,Female/Woman,I do not have an SpLD,5,2,3,2,5,1,5,2,5,1,1,4,3,1
0a91f5d3,Netherlands,Non-English,Psychology,2nd Year,18-21,Female/Woman,ADHD/ADD,4,3,4,3,5,1,4,2,4,4,3,3,5,3
0c6c10c6,Netherlands,Non-English,Psychology,2nd Year,18-21,Female/Woman,Dyscalculia,5,5,3,3,5,3,5,3,5,4,4,4,3,4
11f29323,Netherlands,Non-English,Psychology,2nd Year,18-21,Male/Man,I do not have an SpLD,2,1,2,1,3,1,3,2,2,3,3,1,1,2
120818f3,Netherlands,Non-English,Psychology,2nd Year,22-25,Female/Woman,I do not have an SpLD,4,2,2,3,4,2,4,1,4,2,1,2,2,1
191fffc0,Netherlands,Non-English,Psychology,2nd Year,18-21,Female/Woman,ADHD/ADD,4,4,2,4,5,2,5,3,5,2,1,4,4,1
1c9d50af,Netherlands,Non-English,Psychology,2nd Year,18-21,Female/Woman,I do not have an SpLD,3,1,2,1,3,1,3,2,3,1,1,1,2,1
1f45778f,Netherlands,Non-English,Psychology,2nd Year,26+,Male/Man,I do not have an SpLD,2,1,2,4,1,1,1,2,2,3,2,2,1,2
1fbbf79f,Netherlands,Non-English,Psychology,3rd Year,22-25,Male/Man,Dyslexia,4,1,1,2,5,3,3,4,5,4,2,3,1,3
2294886f,Netherlands,Non-English,Psychology,2nd Year,18-21,Female/Woman,I do not have an SpLD,4,2,3,2,4,1,4,3,4,4,3,3,4,3
24a8956f,Netherlands,Non-English,Psychology,2nd Year,22-25,Female/Woman,I do not have an SpLD,5,1,1,2,5,2,3,2,5,5,4,1,5,3
24f1ff35,Netherlands,Non-English,Psychology,2nd Year,26+,Female/Woman,I do not have an SpLD,4,5,4,4,5,2,4,4,5,5,5,5,4,4
25fd2666,Netherlands,Non-English,Psychology,2nd Year,18-21,Female/Woman,I do not have an SpLD,1,1,1,1,2,1,2,1,1,2,1,1,1,1
2a0db483,Netherlands,Non-English,Psychology,2nd Year,18-21,Female/Woman,I do not have an SpLD,5,1,1,3,5,1,4,1,5,4,2,2,4,2
2f631cbb,Netherlands,Non-English,Psychology,2nd Year,26+,Female/Woman,ADHD/ADD,4,1,3,1,5,1,1,4,2,1,3,1,2,1
3036df61,Netherlands,Non-English,Psychology,2nd Year,22-25,Female/Woman,I do not have an SpLD,2,1,2,1,3,1,3,1,2,1,1,1,2,1
3aa40dd1,Netherlands,Non-English,Psychology,2nd Year,18-21,Female/Woman,I do not have an SpLD,4,2,3,2,4,1,4,1,2,3,4,2,4,2
3dcbd91c,Netherlands,Non-English,Education,3rd Year,18-21,Female/Woman,I do not have an SpLD,3,1,1,2,3,1,3,1,2,1,1,1,1,1
4094994f,Netherlands,Non-English,Psychology,2nd Year,22-25,Female/Woman,Dyscalculia,5,3,4,3,5,2,4,3,5,2,3,3,3,3
47527603,Netherlands,Non-English,Psychology,2nd Year,18-21,Male/Man,I do not have an SpLD,1,1,1,1,2,1,2,1,1,2,1,1,1,2
48a035b1,Netherlands,Non-English,Psychology,2nd Year,26+,Male/Man,I do not have an SpLD,2,1,4,1,4,1,3,1,3,1,1,1,3,1
4927afdc,Netherlands,Non-English,Psychology,2nd Year,18-21,Female/Woman,I do not have an SpLD,2,1,1,2,1,1,2,1,2,1,1,2,1,1
4ddfc437,Netherlands,Non-English,Psychology,2nd Year,18-21,Female/Woman,I do not have an SpLD,4,2,3,3,4,1,4,3,4,4,4,3,4,3
4f6d7fad,Netherlands,Non-English,Psychology,2nd Year,18-21,Female/Woman,I do not have an SpLD,3,2,3,2,4,1,4,2,3,1,1,3,2,1
507fd751,Netherlands,Non-English,Psychology,2nd Year,18-21,Female/Woman,I do not have an SpLD,3,3,4,5,4,2,4,3,5,4,4,5,4,3
525ff44f,Netherlands,Non-English,Education,3rd Year,22-25,Female/Woman,I do not have an SpLD,3,2,2,2,3,1,3,1,3,4,3,2,1,3
52c8fc2b,Netherlands,Non-English,Psychology,2nd Year,22-25,Male/Man,I do not have an SpLD,2,2,2,2,3,2,1,2,2,2,3,3,3,3
5369ad82,Netherlands,Non-English,Education,3rd Year,22-25,Female/Woman,I do not have an SpLD,1,1,1,1,2,1,3,1,2,2,2,1,1,2
5bd44579,Netherlands,Non-English,Psychology,2nd Year,18-21,Female/Woman,I do not have an SpLD,4,2,3,1,5,1,4,2,5,1,3,1,4,1
5c3bbf02,Netherlands,Non-English,Psychology,2nd Year,22-25,Male/Man,ADHD/ADD,3,1,1,1,3,2,2,1,2,1,1,1,1,1
607455b3,Netherlands,Non-English,Psychology,3rd Year,22-25,Female/Woman,ADHD/ADD,5,2,3,4,5,2,4,4,4,1,1,5,4,1
6614d4af,Netherlands,Non-English,Psychology,2nd Year,18-21,Female/Woman,I do not have an SpLD,3,2,3,2,3,1,3,2,3,2,2,2,2,2
664a7f82,Netherlands,Non-English,Education,3rd Year,18-21,Female/Woman,I do not have an SpLD,1,1,1,1,2,1,2,1,1,1,1,1,1,1
692f9ff2,Netherlands,Non-English,Psychology,2nd Year,22-25,Female/Woman,I do not have an SpLD,3,2,3,3,4,1,4,2,4,2,1,2,2,2
6d88afa2,Netherlands,Non-English,Psychology,2nd Year,22-25,Female/Woman,I do not have an SpLD,4,2,1,2,5,1,4,2,5,3,2,2,1,1
6d8f7fc7,Netherlands,Non-English,Psychology,3rd Year,22-25,Female/Woman,I do not have an SpLD,2,2,3,3,4,1,3,1,4,1,4,3,4,2
70aa70d3,Netherlands,Non-English,Psychology,2nd Year,18-21,Female/Woman,I do not have an SpLD,4,3,3,2,5,1,5,2,5,1,1,4,1,1
710275a5,Netherlands,Non-English,Psychology,2nd Year,18-21,Female/Woman,I do not have an SpLD,2,3,2,3,3,2,4,3,4,3,4,4,3,2
7107629d,Netherlands,Non-English,Psychology,2nd Year,22-25,Female/Woman,I do not have an SpLD,5,2,4,3,5,1,4,4,4,3,3,2,4,2
7204411a,Netherlands,Non-English,Psychology,2nd Year,18-21,Female/Woman,I do not have an SpLD,2,3,3,3,4,3,3,2,2,2,2,3,1,3
7994f1b7,Netherlands,Non-English,Psychology,3rd Year,22-25,Female/Woman,I do not have an SpLD,2,1,1,1,5,1,3,1,2,1,1,1,4,1
87065686,Netherlands,Non-English,Psychology,2nd Year,18-21,Male/Man,I do not have an SpLD,3,3,2,2,5,2,5,2,4,3,3,3,2,2
87b80472,Netherlands,Non-English,Psychology,2nd Year,22-25,Female/Woman,I do not have an SpLD,4,4,5,5,5,1,3,4,3,5,4,4,4,4
905c9df1,Netherlands,Non-English,Psychology,2nd Year,22-25,Female/Woman,I do not have an SpLD,3,3,2,3,4,3,4,2,3,2,2,3,3,2
92049435,Netherlands,Non-English,Psychology,2nd Year,18-21,Female/Woman,I do not have an SpLD,4,1,2,1,4,1,3,1,4,2,2,2,1,2
9334b587,Netherlands,Non-English,Psychology,2nd Year,18-21,Female/Woman,I do not have an SpLD,3,2,3,2,3,1,2,4,2,2,2,2,2,2
9b1cb8cf,Netherlands,Non-English,Psychology,2nd Year,22-25,Male/Man,ADHD/ADD,2,1,1,1,3,1,3,1,3,1,1,1,1,1
9ca3c89f,Netherlands,Non-English,Psychology,2nd Year,22-25,Female/Woman,Dyscalculia,3,3,3,3,4,5,4,4,4,4,4,4,4,4
9d744028,Netherlands,Non-English,Psychology,2nd Year,18-21,Female/Woman,I do not have an SpLD,4,1,3,1,4,2,4,2,4,1,1,1,3,1
a0facbfa,Netherlands,Non-English,Education,3rd Year,22-25,Female/Woman,NA,1,1,4,3,2,1,2,2,1,2,2,3,2,1
a7441f01,Netherlands,Non-English,Education,3rd Year,18-21,Female/Woman,I do not have an SpLD,3,1,2,1,4,1,4,1,4,2,2,1,1,2
a956876f,Netherlands,Non-English,Psychology,2nd Year,26+,Male/Man,I do not have an SpLD,3,1,1,1,3,1,3,1,2,1,1,1,1,1
af67470b,Netherlands,Non-English,Psychology,2nd Year,22-25,Female/Woman,I do not have an SpLD,3,1,1,1,3,1,2,2,3,1,1,1,2,1
b19d1fba,Netherlands,Non-English,Psychology,2nd Year,18-21,Female/Woman,I do not have an SpLD,2,2,1,2,2,1,2,1,2,1,1,2,1,1
b647889c,Netherlands,Non-English,Psychology,3rd Year,18-21,Female/Woman,I do not have an SpLD,3,4,2,4,4,2,4,3,3,4,5,3,2,2
b7540fbc,Netherlands,Non-English,Psychology,3rd Year,22-25,Female/Woman,I do not have an SpLD,5,5,4,4,5,1,5,4,5,3,3,3,4,3
bf7d15f9,Netherlands,Non-English,Psychology,2nd Year,18-21,Female/Woman,I do not have an SpLD,3,4,5,3,4,1,4,4,3,3,4,5,4,3
bfad47d5,Netherlands,Non-English,Psychology,2nd Year,18-21,Female/Woman,I do not have an SpLD,2,2,2,2,2,2,2,1,2,3,2,2,2,2
c1027665,Netherlands,Non-English,Psychology,2nd Year,18-21,Female/Woman,I do not have an SpLD,4,4,4,5,3,1,4,4,3,5,5,4,1,4
c41df77f,Netherlands,Non-English,Psychology,2nd Year,18-21,Male/Man,I do not have an SpLD,2,1,1,1,3,1,3,1,2,1,1,1,2,1
c52b0757,Netherlands,Non-English,Psychology,2nd Year,26+,Female/Woman,I do not have an SpLD,3,2,3,2,5,1,5,3,5,4,4,2,4,4
c6a7b584,Netherlands,Non-English,Psychology,2nd Year,18-21,Female/Woman,I do not have an SpLD,3,4,4,5,4,4,4,2,5,4,4,5,4,4
ca2c2021,Netherlands,Non-English,Psychology,3rd Year,22-25,Male/Man,ADHD/ADD,2,1,2,1,3,1,2,1,2,1,1,1,1,1
ca35d9f5,Netherlands,Non-English,Psychology,2nd Year,18-21,Female/Woman,NA,3,2,2,2,5,1,4,1,4,1,1,2,3,1
cc6da31f,Netherlands,Non-English,Education,NA,NA,NA,NA,3,5,4,5,5,2,1,4,1,1,1,3,4,5
cf866920,Netherlands,Non-English,Psychology,2nd Year,22-25,Female/Woman,I do not have an SpLD,5,3,5,2,5,4,5,3,4,5,5,1,2,5
d3dfffd2,Netherlands,Non-English,Education,3rd Year,26+,Female/Woman,Dyslexia,4,2,3,2,4,2,4,3,4,2,2,4,1,2
dc59d290,Netherlands,Non-English,Psychology,2nd Year,22-25,Female/Woman,I do not have an SpLD,4,3,4,3,5,1,5,2,5,3,3,2,3,2
dc79b53d,Netherlands,Non-English,Psychology,2nd Year,18-21,Female/Woman,I do not have an SpLD,4,2,2,3,5,1,5,4,5,1,1,2,4,2
f0972b43,Netherlands,Non-English,Education,3rd Year,22-25,Female/Woman,I do not have an SpLD,5,5,5,5,5,5,5,5,5,5,5,5,5,5
f1a1b283,Netherlands,Non-English,Education,3rd Year,18-21,Female/Woman,I do not have an SpLD,1,3,3,2,1,1,1,1,1,1,4,3,1,1
f26f6362,Netherlands,Non-English,Psychology,2nd Year,22-25,Female/Woman,I do not have an SpLD,4,4,3,3,4,2,4,3,3,4,4,3,3,2
f2755f61,Netherlands,Non-English,Psychology,2nd Year,18-21,Female/Woman,I do not have an SpLD,4,1,1,1,4,2,4,1,4,2,3,1,2,3
f3aaf0c2,Netherlands,Non-English,Psychology,2nd Year,18-21,Female/Woman,I do not have an SpLD,2,1,1,2,2,1,2,1,2,2,2,2,2,2
f92d8bd2,Netherlands,Non-English,Psychology,2nd Year,18-21,Female/Woman,I do not have an SpLD,5,2,5,4,5,4,4,4,3,3,3,3,5,3
f9a2a660,Netherlands,Non-English,Psychology,2nd Year,18-21,Female/Woman,ADHD/ADD,1,1,1,2,1,1,4,1,3,1,1,3,1,1
facbd4c0,Netherlands,Non-English,Psychology,2nd Year,18-21,Male/Man,I do not have an SpLD,4,2,3,2,4,1,3,4,2,1,2,2,2,2
fc110639,Netherlands,Non-English,Psychology,2nd Year,18-21,Female/Woman,I do not have an SpLD,1,1,2,1,2,1,2,1,2,1,2,1,1,1
fdfa2830,Netherlands,Non-English,Psychology,2nd Year,18-21,Female/Woman,I do not have an SpLD,4,2,1,3,5,4,2,3,2,2,4,2,4,4
ff3fb80a,Netherlands,Non-English,Psychology,2nd Year,18-21,Female/Woman,I do not have an SpLD,3,1,1,1,3,1,3,1,2,3,4,1,2,3
01fac61d,Canada,English,Business & Finance,1st Year,18-21,Female/Woman,I do not have an SpLD,5,4,5,3,5,1,5,4,5,3,2,4,5,2
070b9492,Canada,English,Business & Finance,1st Year,18-21,Male/Man,NA,4,2,3,3,5,3,4,3,5,2,2,3,3,1
09f8f0d0,Canada,English,Business & Finance,NA,18-21,Female/Woman,NA,5,4,4,3,5,4,5,4,5,5,4,4,4,4
09fc1fff,Canada,English,Business & Finance,1st Year,18-21,Female/Woman,I do not have an SpLD,5,3,4,3,5,3,5,3,5,2,3,3,5,2
17ca0cac,Canada,English,Business & Finance,4th Year,22-25,Female/Woman,I do not have an SpLD,2,2,2,3,3,5,2,3,3,1,1,4,2,2
1a3b39d9,Canada,English,Psychology,NA,NA,NA,NA,3,5,5,5,3,3,3,5,5,3,3,5,3,3
1bcb09c4,Canada,English,Business & Finance,4th Year,22-25,Female/Woman,I do not have an SpLD,2,2,2,2,3,1,2,2,3,2,3,2,2,2
1c4faa30,Canada,English,Business & Finance,1st Year,18-21,Male/Man,I do not have an SpLD,5,4,5,4,5,3,5,5,5,5,2,3,5,3
1db08243,Canada,English,Business & Finance,3rd Year,22-25,Female/Woman,I do not have an SpLD,1,2,1,2,4,2,5,2,4,1,3,3,4,2
1f078fa5,Canada,English,Business & Finance,1st Year,18-21,Male/Man,I do not have an SpLD,5,2,4,3,5,2,4,4,4,4,3,3,5,3
1fd5673f,Canada,English,Business & Finance,2nd Year,18-21,Female/Woman,I do not have an SpLD,3,2,3,3,4,2,4,4,3,4,4,4,3,4
25167df7,Canada,English,Business & Finance,1st Year,18-21,Male/Man,ADHD/ADD,4,1,1,1,5,1,5,2,5,1,2,3,5,1
26f8aba3,Canada,English,Business & Finance,2nd Year,18-21,Male/Man,I do not have an SpLD,1,3,4,3,5,4,5,2,5,1,2,4,5,1
273c5478,Canada,English,Business & Finance,1st Year,18-21,Female/Woman,I do not have an SpLD,3,2,2,2,5,3,5,3,5,5,5,2,5,4
2adc214d,Canada,English,Business & Finance,1st Year,22-25,Female/Woman,I do not have an SpLD,5,4,3,3,5,4,5,3,4,5,4,3,3,4
2dc7fcf4,Canada,English,Business & Finance,2nd Year,18-21,Male/Man,Other - Redacted,3,3,2,2,5,4,4,3,3,5,3,5,2,2
2df02f5a,Canada,English,Business & Finance,NA,22-25,Male/Man,ADHD/ADD,2,3,3,2,5,4,5,2,5,2,2,4,4,2
2f376655,Canada,English,Business & Finance,1st Year,18-21,Female/Woman,I do not have an SpLD,5,2,2,1,5,2,5,2,5,4,3,2,5,2
2f9dcc9a,Canada,English,Business & Finance,2nd Year,18-21,Male/Man,I do not have an SpLD,3,3,3,3,3,2,3,3,4,3,3,3,4,3
2faf3cfc,Canada,English,Business & Finance,2nd Year,18-21,Male/Man,I do not have an SpLD,1,1,2,1,2,1,1,1,3,2,2,2,3,2
342103cc,Canada,English,Business & Finance,4th Year,22-25,Female/Woman,I do not have an SpLD,5,1,5,4,5,3,5,5,5,3,3,5,5,3
368af3f2,Canada,English,Business & Finance,1st Year,18-21,Male/Man,I do not have an SpLD,5,2,3,1,5,1,5,5,5,2,2,1,4,2
37b1bf3b,Canada,English,Business & Finance,2nd Year,NA,Male/Man,I do not have an SpLD,3,2,1,1,2,1,1,2,2,2,1,1,3,1
37f3a43c,Canada,English,Business & Finance,1st Year,18-21,NA,I do not have an SpLD,4,2,2,2,5,1,5,2,5,2,2,1,4,2
390d511f,Canada,English,Business & Finance,1st Year,18-21,Female/Woman,I do not have an SpLD,5,2,2,1,5,1,5,2,5,2,4,1,5,2
3c535996,Canada,English,Business & Finance,1st Year,18-21,Male/Man,I do not have an SpLD,2,2,3,3,5,2,5,2,5,2,2,4,4,1
3cc1fbbb,Canada,English,Business & Finance,4th Year,18-21,Female/Woman,I do not have an SpLD,3,2,4,2,4,1,3,2,5,3,2,2,2,2
3fb62fad,Canada,English,Business & Finance,1st Year,18-21,Female/Woman,I do not have an SpLD,5,3,4,3,5,3,5,2,5,4,4,4,2,3
40f4963f,Canada,English,Business & Finance,3rd Year,18-21,Female/Woman,I do not have an SpLD,5,2,3,1,4,1,4,3,4,4,3,2,4,2
48683731,Canada,English,Business & Finance,3rd Year,22-25,Female/Woman,I do not have an SpLD,4,3,4,3,5,3,5,4,5,3,3,3,3,3
4c4031a1,Canada,English,Business & Finance,3rd Year,18-21,Male/Man,ADHD/ADD,5,1,1,1,5,1,5,1,5,5,4,1,5,3
4d7ffc56,Canada,English,Business & Finance,1st Year,18-21,Female/Woman,I do not have an SpLD,4,3,3,3,5,3,5,3,3,3,2,3,3,2
506f3b1f,Canada,English,Business & Finance,4th Year,22-25,Female/Woman,NA,4,3,3,3,4,3,5,4,4,5,5,4,1,5
50f279dc,Canada,English,Business & Finance,3rd Year,22-25,Female/Woman,I do not have an SpLD,5,3,5,3,5,3,5,5,5,5,5,3,5,1
553c4c7d,Canada,English,Business & Finance,4th Year,NA,Female/Woman,I do not have an SpLD,4,3,4,3,4,2,4,3,4,3,2,4,3,2
5bf63cff,Canada,English,Business & Finance,3rd Year,18-21,Male/Man,I do not have an SpLD,4,4,4,4,4,4,3,4,4,3,4,4,4,3
5f0db2c5,Canada,English,Business & Finance,1st Year,18-21,Male/Man,I do not have an SpLD,5,3,4,5,5,3,5,5,2,4,2,5,3,3
5f0ff553,Canada,English,Business & Finance,1st Year,18-21,Female/Woman,I do not have an SpLD,4,2,5,3,4,2,4,2,5,5,4,2,2,2
5f61dffd,Canada,English,Business & Finance,3rd Year,18-21,Female/Woman,I do not have an SpLD,2,3,4,2,5,3,5,4,5,4,4,2,4,4
65c116c6,Canada,English,Business & Finance,2nd Year,18-21,Female/Woman,I do not have an SpLD,5,5,5,5,5,5,5,5,5,5,5,5,5,4
66d3f9a4,Canada,English,Business & Finance,2nd Year,18-21,Female/Woman,NA,4,2,2,3,5,1,5,2,5,3,4,3,5,2
6737a939,Canada,English,Business & Finance,1st Year,18-21,Female/Woman,I do not have an SpLD,3,2,2,3,3,3,2,3,2,2,3,3,3,3
750c4427,Canada,English,Business & Finance,4th Year,22-25,Male/Man,I do not have an SpLD,1,1,1,2,1,3,1,1,1,1,1,1,1,1
76cdf34f,Canada,English,Business & Finance,1st Year,18-21,Female/Woman,I do not have an SpLD,5,2,3,1,5,1,1,5,5,2,2,4,5,1
7c09c3a3,Canada,English,Business & Finance,NA,NA,Female/Woman,NA,3,4,3,3,4,3,4,3,4,4,3,3,2,3
7f4c447b,Canada,English,Business & Finance,1st Year,18-21,Male/Man,I do not have an SpLD,3,3,3,1,4,1,2,3,2,3,2,2,1,2
8186baff,Canada,English,Business & Finance,1st Year,18-21,Male/Man,I do not have an SpLD,3,3,3,3,5,2,5,3,4,4,4,4,4,4
821469a4,Canada,English,Business & Finance,2nd Year,18-21,Male/Man,I do not have an SpLD,3,3,3,1,4,2,4,3,3,3,4,2,4,2
8255f73d,Canada,English,Business & Finance,1st Year,18-21,Male/Man,I do not have an SpLD,4,4,3,3,5,2,2,3,4,3,2,2,3,2
8554939f,Canada,English,Business & Finance,4th Year,18-21,Female/Woman,ADHD/ADD,5,4,4,4,5,3,5,4,5,5,5,5,4,5
87fd3adf,Canada,English,Business & Finance,3rd Year,18-21,Female/Woman,I do not have an SpLD,3,2,3,2,5,2,4,3,4,2,3,2,4,2
89cd9974,Canada,English,Business & Finance,4th Year,18-21,Male/Man,I do not have an SpLD,3,4,3,2,3,1,4,2,3,4,4,3,2,1
8aa87018,Canada,English,Business & Finance,3rd Year,18-21,Female/Woman,I do not have an SpLD,5,4,2,3,5,2,3,2,2,2,2,5,2,2
8b5dcc3a,Canada,English,Business & Finance,1st Year,18-21,Male/Man,I do not have an SpLD,5,2,4,2,5,2,3,3,5,2,3,3,5,4
8f8f45dd,Canada,English,Business & Finance,1st Year,18-21,Female/Woman,I do not have an SpLD,5,3,4,2,5,3,4,3,5,4,5,3,4,4
924793cd,Canada,English,Business & Finance,1st Year,18-21,Female/Woman,I do not have an SpLD,4,1,1,1,4,2,4,4,4,2,2,4,2,1
9478b5af,Canada,English,Business & Finance,4th Year,18-21,Female/Woman,I do not have an SpLD,5,1,3,2,5,1,4,3,4,4,2,2,5,2
99808243,Canada,English,Business & Finance,2nd Year,18-21,Male/Man,I do not have an SpLD,1,1,1,1,2,1,1,3,1,4,1,1,3,3
9b71af57,Canada,English,Business & Finance,NA,22-25,Female/Woman,I do not have an SpLD,5,4,4,4,5,4,5,4,5,5,5,5,5,5
9f3b1481,Canada,English,Business & Finance,3rd Year,18-21,Female/Woman,I do not have an SpLD,5,4,4,3,5,1,5,4,5,4,4,5,4,4
a211c30f,Canada,English,Business & Finance,3rd Year,18-21,Male/Man,I do not have an SpLD,4,3,3,3,4,1,4,3,4,3,3,3,3,3
a3bbb8a3,Canada,English,Business & Finance,1st Year,18-21,Female/Woman,I do not have an SpLD,4,2,2,2,5,2,4,2,5,3,2,3,3,2
a6d7a1ff,Canada,English,Business & Finance,2nd Year,18-21,Male/Man,I do not have an SpLD,4,1,1,2,4,2,3,2,4,1,1,1,2,1
a84ffa68,Canada,English,Business & Finance,1st Year,22-25,Female/Woman,I do not have an SpLD,5,2,3,2,5,2,4,3,4,2,2,5,3,1
a93627b4,Canada,English,Business & Finance,3rd Year,18-21,Female/Woman,I do not have an SpLD,5,2,3,2,3,3,5,4,5,2,3,3,2,2
afa5c359,Canada,English,Business & Finance,3rd Year,18-21,Female/Woman,I do not have an SpLD,4,4,4,3,5,1,5,3,5,5,4,3,4,4
afbddbfc,Canada,English,Business & Finance,1st Year,18-21,Male/Man,I do not have an SpLD,5,5,3,5,3,3,5,5,4,3,3,5,2,3
b0001cf6,Canada,English,Business & Finance,1st Year,18-21,Female/Woman,I do not have an SpLD,4,3,3,3,5,3,4,3,4,3,3,3,4,3
b15a15bb,Canada,English,Social Sciences,4th Year,18-21,Female/Woman,I do not have an SpLD,5,5,5,5,5,2,5,5,5,4,4,5,4,3
b36b777f,Canada,English,Social Sciences,2nd Year,18-21,Female/Woman,I do not have an SpLD,5,3,2,2,5,2,5,3,5,4,4,3,5,5
b44810b9,Canada,English,Business & Finance,2nd Year,18-21,Female/Woman,I do not have an SpLD,1,1,3,1,3,1,1,2,2,1,1,2,2,1
bf5a5fbf,Canada,English,Business & Finance,1st Year,18-21,Male/Man,I do not have an SpLD,5,4,4,5,5,2,5,2,5,3,2,5,5,2
c262782f,Canada,English,Social Sciences,2nd Year,18-21,Female/Woman,I do not have an SpLD,5,5,5,3,5,1,5,5,5,2,2,3,1,2
c3b5af50,Canada,English,Business & Finance,4th Year,22-25,Female/Woman,"Dyslexia, ADHD/ADD",5,2,1,1,5,2,5,1,5,4,1,1,1,1
ca33acb1,Canada,English,Business & Finance,NA,22-25,Female/Woman,I do not have an SpLD,4,3,1,4,4,1,4,2,4,5,4,3,3,3
cbb15bf5,Canada,English,Business & Finance,2nd Year,22-25,Male/Man,I do not have an SpLD,4,2,2,2,5,2,4,3,4,2,2,2,4,3
cc19fab1,Canada,English,Business & Finance,1st Year,18-21,Female/Woman,I do not have an SpLD,5,2,2,2,5,1,5,2,5,5,4,3,4,3
cfd9cd96,Canada,English,Business & Finance,4th Year,18-21,Female/Woman,I do not have an SpLD,2,4,5,4,4,4,5,4,5,4,2,5,2,4
d196f2d4,Canada,English,Business & Finance,1st Year,18-21,Female/Woman,I do not have an SpLD,5,5,5,5,5,1,5,3,5,5,4,5,3,1
d26b2039,Canada,English,Business & Finance,3rd Year,18-21,Female/Woman,NA,4,3,5,3,5,3,5,3,4,3,4,3,3,4
d38b4261,Canada,English,Business & Finance,3rd Year,18-21,Female/Woman,I do not have an SpLD,5,3,3,3,5,2,5,4,5,5,5,3,4,5
d796afb1,Canada,English,Psychology,3rd Year,18-21,Female/Woman,NA,2,1,1,2,1,1,1,1,2,3,1,1,4,1
daa9f295,Canada,English,Business & Finance,1st Year,18-21,Male/Man,I do not have an SpLD,4,3,3,2,5,2,3,2,3,2,3,4,3,2
db89f4c5,Canada,English,Business & Finance,4th Year,NA,Female/Woman,I do not have an SpLD,4,2,3,2,4,2,2,3,4,2,2,3,4,2
dbcd437d,Canada,English,Business & Finance,1st Year,18-21,Male/Man,NA,4,4,3,2,4,2,4,2,4,2,4,3,2,4
f02ac6ad,Canada,English,Business & Finance,1st Year,18-21,Male/Man,I do not have an SpLD,4,1,2,1,4,1,4,1,3,1,1,2,1,1
f109d8aa,Canada,English,Business & Finance,3rd Year,18-21,Female/Woman,I do not have an SpLD,3,5,5,5,5,2,2,2,3,4,3,4,5,1
f138588f,Canada,English,Business & Finance,3rd Year,18-21,Female/Woman,I do not have an SpLD,3,1,2,1,4,1,3,1,3,5,5,1,1,5
f15d741f,Canada,English,Business & Finance,4th Year,18-21,Male/Man,I do not have an SpLD,5,4,3,4,3,3,5,4,5,5,4,5,2,3
f188f3f2,Canada,English,Business & Finance,2nd Year,18-21,Male/Man,I do not have an SpLD,4,4,4,4,3,4,4,3,4,5,1,5,5,1
f259993f,Canada,English,Business & Finance,2nd Year,18-21,Female/Woman,I do not have an SpLD,5,2,2,1,5,3,5,5,5,5,3,2,5,3
f3cbb6fb,Canada,English,Business & Finance,4th Year,18-21,Female/Woman,I do not have an SpLD,2,2,2,2,2,1,3,2,4,3,2,2,2,2
f3df9fff,Canada,English,Business & Finance,3rd Year,18-21,Male/Man,I do not have an SpLD,4,1,3,1,4,1,5,2,4,3,2,1,2,1
f6802f88,Canada,English,Business & Finance,1st Year,18-21,Male/Man,I do not have an SpLD,5,3,2,3,5,2,5,3,5,5,4,4,2,3
f81fa8fb,Canada,English,Business & Finance,3rd Year,18-21,Female/Woman,I do not have an SpLD,5,4,3,5,5,1,5,1,5,3,2,3,5,3
f914a967,Canada,English,Business & Finance,1st Year,18-21,Male/Man,I do not have an SpLD,1,1,1,1,1,1,1,1,1,1,1,1,2,1
f923b518,Canada,English,Business & Finance,2nd Year,18-21,Female/Woman,NA,5,5,5,5,5,5,5,5,5,5,5,5,5,5
fa50ab33,Canada,English,Business & Finance,2nd Year,18-21,Female/Woman,I do not have an SpLD,5,5,5,5,5,5,5,5,5,5,5,5,5,5
fd88cf40,Canada,English,Business & Finance,2nd Year,18-21,Female/Woman,I do not have an SpLD,4,3,3,2,5,3,5,3,5,5,5,2,5,5
ff96f04c,Canada,English,Business & Finance,NA,NA,NA,NA,4,4,4,3,5,4,5,4,5,3,2,3,4,3
0c4a9085,Canada,English,Psychology,3rd Year,18-21,Female/Woman,I do not have an SpLD,4,5,4,4,5,5,4,3,5,4,5,5,5,4
347793c4,Canada,English,Psychology,2nd Year,18-21,Female/Woman,I do not have an SpLD,5,4,3,4,5,4,5,4,5,5,5,4,3,4
3f6bf218,Canada,English,Psychology,4th Year,22-25,Female/Woman,I do not have an SpLD,4,2,1,2,4,1,4,1,5,4,5,2,2,2
4c80cf18,Canada,English,Psychology,2nd Year,18-21,Female/Woman,I do not have an SpLD,3,4,3,4,3,3,2,4,2,3,4,5,2,3
5634f64c,Canada,English,Psychology,3rd Year,18-21,Female/Woman,I do not have an SpLD,4,4,2,2,5,3,5,3,4,3,5,4,5,5
57846271,Canada,English,Psychology,2nd Year,18-21,Another Gender,I do not have an SpLD,3,4,4,2,4,1,5,2,3,5,3,3,5,3
5f356ad8,Canada,English,Psychology,2nd Year,18-21,Female/Woman,I do not have an SpLD,3,2,2,1,5,3,5,2,5,5,4,2,4,4
5f930776,Canada,English,Psychology,3rd Year,18-21,Male/Man,I do not have an SpLD,5,4,4,4,5,5,5,5,4,5,5,5,4,4
60f989f9,Canada,English,Psychology,2nd Year,18-21,Female/Woman,NA,3,2,2,2,5,2,4,2,3,5,2,2,5,5
701f7f1d,Canada,English,Psychology,3rd Year,26+,Male/Man,I do not have an SpLD,3,2,3,3,5,1,4,2,4,1,1,2,4,1
72160231,Canada,English,Psychology,3rd Year,22-25,Female/Woman,I do not have an SpLD,2,3,3,1,5,1,5,3,4,4,3,2,4,3
7a8f3f1b,Canada,English,Psychology,2nd Year,18-21,Female/Woman,I do not have an SpLD,2,2,2,2,5,1,5,2,5,3,2,2,4,2
976a1165,Canada,English,Psychology,3rd Year,18-21,Female/Woman,I do not have an SpLD,4,3,3,1,5,1,5,2,5,5,4,2,5,4
b40b43d0,Canada,English,Psychology,2nd Year,18-21,Female/Woman,I do not have an SpLD,3,5,4,4,5,5,4,4,4,4,4,4,3,2
c1297110,Canada,English,Psychology,2nd Year,18-21,Female/Woman,I do not have an SpLD,4,2,2,2,5,2,4,3,5,3,3,3,5,2
c443b471,Canada,English,Psychology,2nd Year,18-21,Female/Woman,I do not have an SpLD,5,2,2,2,5,1,4,2,5,5,5,2,4,4
d630da25,Canada,English,Psychology,2nd Year,26+,Female/Woman,I do not have an SpLD,5,5,4,4,5,3,5,5,5,5,4,5,5,4
f1cf572a,Canada,English,Psychology,3rd Year,18-21,Female/Woman,I do not have an SpLD,2,2,2,1,4,1,3,2,3,1,1,2,2,1
f484939d,Canada,English,Psychology,2nd Year,18-21,Female/Woman,ADHD/ADD,3,1,3,1,5,1,3,2,3,5,4,1,5,2
fb2f642c,Canada,English,Psychology,2nd Year,18-21,Male/Man,I do not have an SpLD,3,3,3,3,3,1,3,3,3,1,1,3,1,1
fb996d9a,Canada,English,Psychology,3rd Year,18-21,Male/Man,I do not have an SpLD,2,1,1,2,3,1,3,2,3,2,2,2,1,1
ff801325,Canada,English,Psychology,3rd Year,18-21,Female/Woman,I do not have an SpLD,5,5,4,2,5,1,3,5,4,5,2,2,2,1
03dfff39,USA,English,Psychology,4th Year,26+,Female/Woman,I do not have an SpLD,2,2,4,2,3,2,2,4,2,2,4,2,3,2
05f6f15f,USA,English,Psychology,4th Year,18-21,Female/Woman,I do not have an SpLD,3,4,3,4,4,4,3,3,3,1,1,3,3,1
0613f949,USA,English,Psychology,3rd Year,18-21,Female/Woman,I do not have an SpLD,5,3,4,4,5,3,5,3,4,4,3,2,4,2
0f258387,USA,English,Psychology,3rd Year,18-21,Female/Woman,I do not have an SpLD,5,4,3,4,2,3,3,2,5,1,1,4,5,1
10a1fbaf,USA,English,Psychology,4th Year,22-25,Female/Woman,I do not have an SpLD,3,2,2,2,5,2,4,3,5,4,3,3,4,2
1af04461,USA,English,Psychology,4th Year,18-21,Male/Man,I do not have an SpLD,4,1,5,5,3,1,4,1,3,2,1,5,1,2
1c5079b6,USA,English,Psychology,3rd Year,18-21,Female/Woman,I do not have an SpLD,4,1,3,1,4,1,2,3,4,5,5,4,3,3
23f575af,USA,English,Business & Finance,4th Year,26+,Female/Woman,I do not have an SpLD,5,3,1,3,5,1,5,2,5,1,1,4,5,1
29fadaff,USA,English,Psychology,4th Year,26+,Female/Woman,I do not have an SpLD,2,3,2,3,4,2,4,2,2,3,3,3,3,3
3215c59f,USA,English,Psychology,4th Year,22-25,Female/Woman,I do not have an SpLD,5,3,4,2,5,1,4,2,4,3,4,2,3,3
33ab6656,USA,English,Social Sciences,4th Year,18-21,Female/Woman,ADHD/ADD,5,4,4,2,5,1,5,5,5,5,3,2,2,2
34bf2b43,USA,English,Psychology,4th Year,22-25,Female/Woman,I do not have an SpLD,5,5,4,5,5,5,5,5,5,5,5,4,5,5
5073852b,USA,English,Psychology,4th Year,26+,Female/Woman,I do not have an SpLD,4,2,4,2,4,1,5,3,4,5,5,3,4,4
55c0da09,USA,English,Business & Finance,4th Year,18-21,Male/Man,I do not have an SpLD,5,3,4,4,5,5,5,4,4,4,4,2,5,3
5748c674,USA,English,Psychology,2nd Year,18-21,Female/Woman,I do not have an SpLD,5,3,2,4,5,1,4,2,5,1,2,3,1,1
636ff3a1,USA,English,Business & Finance,4th Year,22-25,Female/Woman,Other - Undiagnosed ADHD/ADD,4,3,3,3,5,3,5,4,3,2,3,3,5,2
6cb9b45b,USA,English,Business & Finance,3rd Year,18-21,Female/Woman,Dyslexia,4,4,2,3,4,3,4,2,4,4,4,4,4,4
7ba3843d,USA,English,Business & Finance,4th Year,22-25,Male/Man,ADHD/ADD,5,3,5,3,5,1,4,4,4,4,2,3,4,2
9b642fda,USA,English,Business & Finance,3rd Year,18-21,Female/Woman,I do not have an SpLD,3,1,4,2,4,1,4,2,5,1,2,2,3,3
a468a09c,USA,English,Business & Finance,4th Year,22-25,Female/Woman,I do not have an SpLD,2,1,1,1,3,1,1,1,2,1,1,1,1,2
a46f6fff,USA,English,Business & Finance,3rd Year,18-21,Female/Woman,I do not have an SpLD,4,2,3,2,4,2,5,2,4,2,2,2,4,2
af55cf52,USA,English,Psychology,4th Year,22-25,Female/Woman,I do not have an SpLD,4,2,3,2,4,4,4,3,3,3,2,3,2,2
cc835137,USA,English,Social Sciences,3rd Year,18-21,Female/Woman,I do not have an SpLD,5,4,3,4,5,3,5,5,4,1,4,5,1,3
cff14f93,USA,English,Psychology,4th Year,26+,Female/Woman,I do not have an SpLD,5,3,5,5,5,4,5,5,5,4,5,5,4,4
f0447074,USA,English,Psychology,4th Year,22-25,Female/Woman,I do not have an SpLD,3,2,2,2,4,1,4,2,4,1,1,2,4,1
faf5f0f5,USA,English,Psychology,4th Year,26+,Female/Woman,I do not have an SpLD,2,3,3,2,4,2,4,3,1,1,1,3,3,1
003f56f5,Slovakia,Non-English,Psychology,4th Year,22-25,Female/Woman,I do not have an SpLD,4,4,2,3,4,1,4,3,4,2,1,4,2,2
00d03a74,Slovakia,Non-English,Psychology,2nd Year,18-21,Female/Woman,I do not have an SpLD,4,2,2,1,5,1,5,2,5,2,1,5,2,1
00f98342,Slovakia,Non-English,Psychology,4th Year,22-25,Female/Woman,I do not have an SpLD,1,3,3,1,4,1,4,3,3,3,3,3,3,3
0140b76f,Slovakia,Non-English,Psychology,4th Year,22-25,Female/Woman,I do not have an SpLD,2,1,1,1,1,1,3,1,4,1,1,1,1,1
0454fc76,Slovakia,Non-English,Psychology,4th Year,22-25,Female/Woman,I do not have an SpLD,3,3,3,3,4,2,4,2,4,1,1,2,4,1
0bf925b5,Slovakia,Non-English,Psychology,2nd Year,18-21,Female/Woman,I do not have an SpLD,3,4,1,1,5,1,5,4,5,1,1,2,1,1
0ff6c2fb,Slovakia,Non-English,Business & Finance,2nd Year,18-21,Female/Woman,I do not have an SpLD,2,2,3,1,5,1,2,3,4,1,1,3,4,1
1127a011,Slovakia,Non-English,Psychology,2nd Year,18-21,Female/Woman,I do not have an SpLD,3,2,2,1,4,1,4,2,2,1,1,2,1,1
15608a11,Slovakia,Non-English,Psychology,5th Year,26+,Female/Woman,I do not have an SpLD,3,3,2,1,4,1,2,3,2,1,1,3,3,1
17245bdc,Slovakia,Non-English,Psychology,4th Year,26+,Male/Man,I do not have an SpLD,2,3,2,2,2,2,2,2,2,2,4,1,2,4
17fd94b5,Slovakia,Non-English,Psychology,4th Year,22-25,Female/Woman,I do not have an SpLD,5,5,5,2,5,3,5,4,5,1,1,5,2,1
1fa3ffd9,Slovakia,Non-English,Psychology,2nd Year,18-21,Female/Woman,I do not have an SpLD,4,3,4,3,2,2,1,3,1,1,1,3,2,2
22f12f9d,Slovakia,Non-English,Psychology,3rd Year,22-25,Female/Woman,I do not have an SpLD,4,3,1,1,5,1,5,2,5,2,1,2,2,1
24380d53,Slovakia,Non-English,Psychology,2nd Year,18-21,Female/Woman,I do not have an SpLD,5,1,3,5,5,5,5,3,5,5,2,3,5,2
29070979,Slovakia,Non-English,Psychology,1st Year,18-21,Male/Man,I do not have an SpLD,4,5,3,5,5,3,5,5,5,5,2,4,4,2
2a0929bf,Slovakia,Non-English,Psychology,NA,NA,NA,NA,4,4,3,4,5,3,4,3,4,2,3,5,3,2
2c1dbf1d,Slovakia,Non-English,Psychology,2nd Year,18-21,Female/Woman,I do not have an SpLD,3,3,2,3,3,2,3,3,3,2,2,3,2,2
31bb94b5,Slovakia,Non-English,Psychology,4th Year,22-25,Male/Man,I do not have an SpLD,2,2,2,2,4,2,4,2,3,4,4,2,3,4
35104952,Slovakia,Non-English,Psychology,1st Year,18-21,Female/Woman,I do not have an SpLD,3,3,2,2,4,2,3,3,3,3,2,2,1,1
37293c7a,Slovakia,Non-English,Psychology,3rd Year,26+,Female/Woman,I do not have an SpLD,4,2,3,2,4,4,4,2,3,2,2,2,2,3
43d57a74,Slovakia,Non-English,Psychology,4th Year,22-25,Female/Woman,I do not have an SpLD,4,2,1,1,5,2,4,3,5,3,1,1,2,2
46b96185,Slovakia,Non-English,Psychology,1st Year,18-21,Female/Woman,I do not have an SpLD,3,1,1,1,4,1,4,2,1,4,1,2,1,1
47d41477,Slovakia,Non-English,Psychology,1st Year,18-21,Female/Woman,I do not have an SpLD,3,3,2,2,5,1,4,3,2,5,1,2,1,2
4985c3c5,Slovakia,Non-English,Psychology,4th Year,NA,Female/Woman,I do not have an SpLD,5,4,5,3,5,2,5,5,5,1,1,4,2,2
58a6a4a1,Slovakia,Non-English,Psychology,1st Year,18-21,Female/Woman,I do not have an SpLD,1,2,1,2,2,1,2,2,1,1,1,2,1,1
5bc18fcc,Slovakia,Non-English,Psychology,4th Year,22-25,Female/Woman,I do not have an SpLD,3,3,2,4,5,1,3,3,4,3,1,3,3,1
60dba8c7,Slovakia,Non-English,Psychology,1st Year,18-21,Female/Woman,I do not have an SpLD,5,5,5,5,5,5,5,5,5,5,2,5,5,2
6405af97,Slovakia,Non-English,Psychology,2nd Year,18-21,Female/Woman,I do not have an SpLD,5,4,2,2,5,3,5,4,5,1,1,2,5,1
6734888f,Slovakia,Non-English,Psychology,3rd Year,18-21,Female/Woman,I do not have an SpLD,5,5,5,5,5,1,4,5,5,3,2,5,2,2
6df38800,Slovakia,Non-English,Psychology,1st Year,18-21,Female/Woman,I do not have an SpLD,5,3,3,2,5,2,2,3,5,3,3,4,4,3
6f4f0d57,Slovakia,Non-English,Psychology,4th Year,22-25,Female/Woman,I do not have an SpLD,4,4,2,2,5,4,5,4,5,3,2,2,4,2
6fc315f3,Slovakia,Non-English,Psychology,2nd Year,18-21,Female/Woman,I do not have an SpLD,3,3,3,3,5,1,5,3,5,4,3,3,3,2
713c09a5,Slovakia,Non-English,Psychology,1st Year,18-21,Female/Woman,I do not have an SpLD,2,2,NA,1,3,1,2,2,3,2,1,1,1,1
7273fff7,Slovakia,Non-English,Psychology,4th Year,26+,Female/Woman,I do not have an SpLD,3,3,3,2,4,1,4,2,4,3,2,2,3,2
72f818f4,Slovakia,Non-English,Psychology,1st Year,18-21,Female/Woman,I do not have an SpLD,3,3,3,2,4,1,4,3,4,3,2,3,3,1
7a65265f,Slovakia,Non-English,Psychology,2nd Year,18-21,Female/Woman,NA,5,5,5,5,5,5,5,5,5,5,5,5,5,4
7cc43f75,Slovakia,Non-English,Business & Finance,2nd Year,18-21,Female/Woman,I do not have an SpLD,3,5,2,3,3,1,1,3,1,1,3,3,1,1
896b91b9,Slovakia,Non-English,Psychology,1st Year,18-21,Male/Man,I do not have an SpLD,4,3,2,2,4,2,4,3,3,1,1,2,3,2
8b03b1f9,Slovakia,Non-English,Psychology,1st Year,18-21,Female/Woman,I do not have an SpLD,3,3,2,2,5,2,5,4,4,3,2,3,3,2
8c0886d4,Slovakia,Non-English,Psychology,4th Year,22-25,Female/Woman,I do not have an SpLD,5,4,4,4,5,3,5,3,5,4,2,3,4,2
941f4ffd,Slovakia,Non-English,Psychology,1st Year,18-21,Female/Woman,NA,5,5,2,4,5,3,5,5,5,5,2,5,4,2
9c0a36c6,Slovakia,Non-English,Psychology,1st Year,18-21,Female/Woman,I do not have an SpLD,3,1,3,1,4,1,3,1,3,1,1,1,3,1
9d05172c,Slovakia,Non-English,Psychology,1st Year,18-21,Female/Woman,"ADHD/ADD, Dyscalculia",5,4,2,3,5,2,5,4,5,5,2,4,4,2
ad4fb450,Slovakia,Non-English,Psychology,4th Year,22-25,Female/Woman,I do not have an SpLD,4,3,2,3,4,3,3,3,4,4,2,3,3,2
ba922c81,Slovakia,Non-English,Psychology,1st Year,18-21,Female/Woman,I do not have an SpLD,2,2,2,1,3,1,2,2,2,2,1,3,2,1
bd159c16,Slovakia,Non-English,Psychology,3rd Year,18-21,Female/Woman,I do not have an SpLD,4,4,3,4,4,1,5,4,5,4,4,2,3,3
bf75c521,Slovakia,Non-English,Psychology,4th Year,22-25,Female/Woman,I do not have an SpLD,4,2,2,1,5,2,5,2,5,3,1,2,1,1
bfff9392,Slovakia,Non-English,Psychology,3rd Year,18-21,Female/Woman,I do not have an SpLD,5,3,3,5,5,1,5,4,5,1,2,1,1,4
c1822092,Slovakia,Non-English,Business & Finance,NA,NA,NA,NA,3,4,3,3,4,2,4,2,4,1,1,1,2,1
c5f5103b,Slovakia,Non-English,Psychology,3rd Year,22-25,Another Gender,I do not have an SpLD,1,2,2,2,5,2,5,2,5,1,1,3,1,1
c72c5f90,Slovakia,Non-English,Psychology,4th Year,22-25,Female/Woman,I do not have an SpLD,4,3,2,1,4,1,3,2,4,1,2,4,1,2
cdf0449d,Slovakia,Non-English,Psychology,1st Year,18-21,Female/Woman,I do not have an SpLD,2,3,3,3,2,4,2,3,2,3,2,3,3,2
cfdc6c0a,Slovakia,Non-English,Psychology,4th Year,22-25,Female/Woman,I do not have an SpLD,4,5,4,5,5,4,4,3,5,2,2,4,2,2
d009f923,Slovakia,Non-English,Psychology,1st Year,18-21,Female/Woman,I do not have an SpLD,3,2,1,4,5,1,2,2,3,2,1,2,4,4
d91c7008,Slovakia,Non-English,Psychology,4th Year,22-25,Female/Woman,I do not have an SpLD,4,4,3,3,5,1,4,4,3,3,1,3,2,1
dbf29431,Slovakia,Non-English,Psychology,1st Year,18-21,Female/Woman,I do not have an SpLD,4,4,3,4,5,2,4,3,5,5,5,4,4,5
df00687c,Slovakia,Non-English,Psychology,5th Year,22-25,Female/Woman,I do not have an SpLD,4,2,3,3,5,1,4,3,4,3,2,2,2,2
f1005f25,Slovakia,Non-English,Psychology,2nd Year,18-21,Female/Woman,I do not have an SpLD,5,2,3,3,5,1,5,3,4,2,1,5,4,1
f7c84b9f,Slovakia,Non-English,Psychology,2nd Year,18-21,Female/Woman,I do not have an SpLD,5,5,3,4,5,4,5,4,4,5,2,4,5,1
fab2bf97,Slovakia,Non-English,Psychology,1st Year,18-21,Female/Woman,I do not have an SpLD,4,4,3,4,5,3,2,3,5,2,1,3,2,1
fb4fc3bc,Slovakia,Non-English,Psychology,3rd Year,18-21,Female/Woman,I do not have an SpLD,3,3,3,1,5,1,4,2,4,2,2,4,4,2
fcfd5fff,Slovakia,Non-English,Psychology,1st Year,18-21,Female/Woman,I do not have an SpLD,3,1,2,2,5,1,4,3,4,3,2,2,1,2
fd67326f,Slovakia,Non-English,Psychology,4th Year,22-25,Female/Woman,I do not have an SpLD,4,4,3,2,4,1,3,4,4,5,4,3,4,2
ff32dd17,Slovakia,Non-English,Psychology,3rd Year,22-25,Female/Woman,I do not have an SpLD,1,2,1,1,2,1,2,1,2,4,1,2,1,1
ff9193b1,Slovakia,Non-English,Psychology,3rd Year,18-21,Female/Woman,I do not have an SpLD,5,3,2,2,5,1,5,3,5,3,2,1,3,2
011d2423,England,English,Psychology,1st Year,18-21,Female/Woman,I do not have an SpLD,5,3,2,5,5,2,5,3,5,4,1,5,2,1
033f80d3,England,English,Psychology,1st Year,18-21,Female/Woman,I do not have an SpLD,3,2,1,2,4,1,4,2,2,2,3,1,1,2
063c46b8,England,English,Social Sciences,1st Year,18-21,Female/Woman,I do not have an SpLD,2,1,2,1,4,2,3,1,3,2,1,1,2,1
07b98dca,England,English,Psychology,1st Year,18-21,Female/Woman,I do not have an SpLD,4,3,4,2,5,1,5,5,4,4,4,4,2,4
0a99a41c,England,English,Psychology,1st Year,18-21,Male/Man,I do not have an SpLD,4,3,2,2,4,2,4,3,2,4,2,3,3,3
0c2f80b7,England,English,Psychology,3rd Year,22-25,Female/Woman,I do not have an SpLD,5,5,5,5,5,2,5,5,5,5,5,5,5,5
0cbf1696,England,English,Psychology,1st Year,18-21,Female/Woman,I do not have an SpLD,4,2,2,3,4,1,4,2,3,4,3,3,4,3
106fbf2d,England,English,Psychology,1st Year,18-21,Female/Woman,I do not have an SpLD,4,3,3,1,4,2,3,4,5,5,5,4,4,2
14d9747b,England,English,Psychology,3rd Year,18-21,Female/Woman,I do not have an SpLD,2,1,3,1,3,1,4,3,5,3,2,2,1,1
14da5447,England,English,Psychology,1st Year,18-21,Female/Woman,I do not have an SpLD,3,4,4,4,5,1,5,3,5,2,1,3,5,3
170a9c79,England,English,Psychology,3rd Year,22-25,Another Gender,ADHD/ADD,2,1,2,2,2,1,2,2,1,5,1,2,2,2
18cbd7a6,England,English,Psychology,3rd Year,18-21,Female/Woman,I do not have an SpLD,4,2,3,2,4,2,4,2,4,2,2,2,3,2
1b4654c5,England,English,Psychology,1st Year,18-21,Female/Woman,I do not have an SpLD,3,2,2,1,4,1,5,2,4,3,3,2,2,2
1d202d90,England,English,Social Sciences,2nd Year,18-21,Female/Woman,Dyscalculia,4,2,3,2,5,2,5,2,5,4,4,3,4,3
1fc8b7b9,England,English,Psychology,2nd Year,18-21,Female/Woman,I do not have an SpLD,5,3,3,3,5,1,5,4,5,3,2,3,3,3
20cbf6b7,England,English,Psychology,1st Year,18-21,Female/Woman,I do not have an SpLD,5,5,4,4,5,1,5,4,5,3,3,3,4,3
2128aa2d,England,English,Psychology,1st Year,18-21,Female/Woman,I do not have an SpLD,4,3,3,2,4,2,5,2,4,2,4,1,4,2
21fb9f9f,England,English,Psychology,1st Year,18-21,Male/Man,I do not have an SpLD,3,4,2,3,4,2,3,2,3,2,3,4,3,3
247205ff,England,English,Psychology,2nd Year,18-21,Female/Woman,I do not have an SpLD,2,4,3,4,2,1,2,3,3,3,3,4,3,2
26fd8bd6,England,English,Psychology,1st Year,18-21,Female/Woman,I do not have an SpLD,4,3,3,2,5,1,4,1,4,2,2,3,4,1
280caa31,England,English,Psychology,2nd Year,18-21,Female/Woman,Dyslexia,5,5,5,3,4,2,4,4,3,3,3,5,2,4
28d45288,England,English,Psychology,2nd Year,22-25,Female/Woman,I do not have an SpLD,2,1,2,1,5,1,4,2,5,4,4,1,4,3
2912323d,England,English,Psychology,1st Year,18-21,Female/Woman,I do not have an SpLD,4,2,3,2,5,2,5,5,5,4,5,5,3,5
2bf7c0fb,England,English,Social Sciences,1st Year,18-21,Male/Man,I do not have an SpLD,3,1,3,1,5,2,5,4,4,3,3,1,2,3
2c24cb4c,England,English,Psychology,3rd Year,18-21,Female/Woman,I do not have an SpLD,4,3,3,2,5,2,4,3,4,2,2,3,4,2
2d694953,England,English,Psychology,1st Year,18-21,Female/Woman,I do not have an SpLD,5,2,5,3,5,1,5,5,4,4,5,5,5,2
2fa738fa,England,English,Psychology,2nd Year,18-21,Female/Woman,NA,4,1,4,1,5,1,5,3,5,3,4,1,2,1
31948acc,England,English,Psychology,2nd Year,18-21,Female/Woman,Dyslexia,1,1,1,1,2,1,3,1,3,1,1,1,1,1
320b080b,England,English,Psychology,1st Year,18-21,Female/Woman,Dyscalculia,4,3,4,3,5,3,5,4,5,4,5,4,5,4
3354f109,England,English,Psychology,1st Year,18-21,Female/Woman,I do not have an SpLD,4,4,5,3,5,3,4,4,4,4,4,5,5,4
35d56799,England,English,Psychology,1st Year,18-21,Female/Woman,I do not have an SpLD,3,2,2,3,5,5,5,4,5,3,2,3,3,3
3d2d8569,England,English,Psychology,1st Year,18-21,Female/Woman,I do not have an SpLD,5,3,5,3,5,1,4,5,5,4,5,3,3,5
3f9cdfa2,England,English,Psychology,1st Year,18-21,Female/Woman,I do not have an SpLD,5,1,4,1,5,1,5,2,5,3,2,2,4,2
40548b9f,England,English,Psychology,1st Year,18-21,Female/Woman,NA,2,1,2,1,5,1,5,2,5,5,5,2,3,2
4093c0f6,England,English,Psychology,3rd Year,22-25,Female/Woman,I do not have an SpLD,5,5,4,3,5,1,5,4,5,4,4,4,4,4
430d3583,England,English,Psychology,1st Year,18-21,Female/Woman,I do not have an SpLD,5,5,5,5,5,3,5,4,5,3,5,5,4,2
444a02fb,England,English,Psychology,1st Year,18-21,Female/Woman,I do not have an SpLD,4,4,4,3,5,3,4,4,5,4,4,3,3,3
4575d570,England,English,Psychology,1st Year,18-21,Female/Woman,I do not have an SpLD,3,3,3,3,4,3,3,3,4,3,3,3,3,3
46020c7c,England,English,Psychology,1st Year,18-21,Female/Woman,I do not have an SpLD,1,2,1,2,2,2,1,2,2,1,1,2,1,1
48f1c85c,England,English,Psychology,1st Year,18-21,Female/Woman,I do not have an SpLD,4,5,3,3,5,4,2,5,5,4,5,5,5,4
48f680f0,England,English,Psychology,1st Year,18-21,Female/Woman,I do not have an SpLD,3,3,4,4,4,2,4,2,4,3,4,2,3,2
559bf961,England,English,Psychology,1st Year,18-21,Female/Woman,I do not have an SpLD,3,4,4,4,4,1,2,4,2,4,4,4,2,3
5a9bc1c2,England,English,Social Sciences,1st Year,18-21,Female/Woman,I do not have an SpLD,4,3,5,3,5,3,5,4,5,3,4,5,5,4
5d252ddf,England,English,Psychology,3rd Year,18-21,Female/Woman,I do not have an SpLD,5,3,3,3,5,2,5,2,5,5,5,3,5,5
5d414b20,England,English,Psychology,1st Year,22-25,Female/Woman,Other - Undiagnosed Dyscalculia,3,2,5,3,5,1,3,5,4,2,2,5,5,1
5d442d59,England,English,Psychology,1st Year,18-21,Female/Woman,I do not have an SpLD,2,3,2,2,3,1,4,1,3,2,2,2,2,2
5d4fbb8c,England,English,Psychology,1st Year,18-21,Another Gender,Dyspraxia,4,3,2,3,5,2,5,4,4,5,5,4,4,5
629b2a72,England,English,Psychology,1st Year,18-21,Female/Woman,I do not have an SpLD,4,5,5,4,4,1,4,5,5,5,5,3,4,5
660351df,England,English,Psychology,1st Year,18-21,Female/Woman,I do not have an SpLD,3,3,3,3,3,3,4,3,4,2,2,3,2,2
67241079,England,English,Psychology,1st Year,18-21,Female/Woman,I do not have an SpLD,4,2,3,2,4,2,4,3,4,2,3,3,3,3
67f1cd60,England,English,Psychology,2nd Year,18-21,Female/Woman,I do not have an SpLD,3,2,2,1,4,1,4,2,3,5,3,1,2,3
6c55f361,England,English,Psychology,1st Year,18-21,Female/Woman,I do not have an SpLD,3,2,3,3,4,1,4,4,4,2,2,2,4,2
6cfc7db5,England,English,Psychology,1st Year,18-21,Female/Woman,I do not have an SpLD,4,4,3,2,5,1,5,3,5,3,4,3,4,3
7197f281,England,English,Psychology,1st Year,18-21,Female/Woman,I do not have an SpLD,4,3,3,3,4,1,3,3,3,3,3,3,4,3
72427917,England,English,Psychology,1st Year,18-21,Female/Woman,Dyslexia,2,1,3,1,4,1,5,1,5,2,1,1,5,1
750ca90b,England,English,Psychology,2nd Year,22-25,Male/Man,Dyspraxia,5,4,2,5,5,1,5,5,5,4,4,4,5,4
752c2d46,England,English,Psychology,2nd Year,26+,Female/Woman,I do not have an SpLD,1,2,2,3,4,1,1,2,2,1,1,3,4,1
756978f9,England,English,Psychology,3rd Year,18-21,Female/Woman,I do not have an SpLD,4,2,2,1,4,1,3,1,4,1,2,1,2,2
7bc5fdc6,England,English,Psychology,2nd Year,18-21,Female/Woman,I do not have an SpLD,3,1,3,1,5,1,5,2,4,2,1,2,3,2
7cd9a964,England,English,Psychology,1st Year,18-21,Female/Woman,I do not have an SpLD,5,4,4,3,5,1,5,4,5,1,4,1,4,2
7fc6100b,England,English,Psychology,1st Year,18-21,Male/Man,I do not have an SpLD,4,4,4,4,5,3,5,4,5,5,5,4,4,4
8a455cc3,England,English,Psychology,1st Year,18-21,Female/Woman,I do not have an SpLD,5,5,5,5,5,1,5,4,4,3,4,5,5,5
8b05bc01,England,English,Psychology,2nd Year,18-21,Female/Woman,I do not have an SpLD,4,4,5,2,5,2,5,5,5,2,4,4,4,3
8c6b6d22,England,English,Psychology,1st Year,18-21,Female/Woman,I do not have an SpLD,4,2,3,1,5,1,5,2,5,5,4,2,3,3
8d64b6fc,England,English,Psychology,1st Year,18-21,Female/Woman,I do not have an SpLD,2,3,2,3,3,2,2,2,1,3,3,3,2,2
904a7b22,England,English,Psychology,3rd Year,22-25,Female/Woman,I do not have an SpLD,2,2,2,2,3,2,3,2,3,3,3,2,3,2
915f95b0,England,English,Psychology,1st Year,18-21,Male/Man,I do not have an SpLD,3,2,2,2,3,1,3,1,3,2,2,2,2,2
91fbb2b8,England,English,Psychology,1st Year,18-21,Female/Woman,ADHD/ADD,4,4,4,4,5,1,5,3,4,4,5,4,4,4
93410fa5,England,English,Psychology,1st Year,18-21,Female/Woman,I do not have an SpLD,3,3,2,2,3,3,4,2,4,4,3,3,2,3
93f5b7a1,England,English,Psychology,2nd Year,18-21,Female/Woman,I do not have an SpLD,5,4,5,4,5,4,5,5,5,5,5,5,4,5
9772fd1b,England,English,Psychology,2nd Year,18-21,Male/Man,I do not have an SpLD,2,2,1,2,4,1,4,1,4,2,2,2,2,3
a317da16,England,English,Psychology,2nd Year,22-25,Female/Woman,I do not have an SpLD,3,4,4,1,4,1,4,4,4,3,3,4,4,3
a5a4a309,England,English,Psychology,1st Year,18-21,Female/Woman,I do not have an SpLD,3,2,4,3,5,1,5,4,4,2,2,4,3,2
a7a4551c,England,English,Psychology,2nd Year,18-21,Female/Woman,I do not have an SpLD,3,3,4,2,4,3,4,3,4,3,2,3,3,2
aa40c7f9,England,English,Psychology,1st Year,18-21,Female/Woman,I do not have an SpLD,4,2,4,2,5,2,5,4,4,3,5,2,3,5
aa99d884,England,English,Social Sciences,1st Year,18-21,Female/Woman,I do not have an SpLD,5,3,4,3,4,4,5,4,5,5,4,3,3,4
ad8128d5,England,English,Psychology,3rd Year,18-21,Female/Woman,ADHD/ADD,2,3,2,2,3,1,2,2,3,2,2,3,2,3
af47f823,England,English,Psychology,2nd Year,18-21,Female/Woman,I do not have an SpLD,4,4,4,4,5,4,5,5,5,4,3,4,3,3
af9719ad,England,English,Psychology,3rd Year,18-21,Female/Woman,Dyslexia,3,2,4,1,5,1,4,4,5,4,5,2,2,4
b0a73cff,England,English,Education,1st Year,18-21,Female/Woman,I do not have an SpLD,4,3,4,2,5,3,5,3,5,4,3,3,5,2
b20bf0c3,England,English,Psychology,1st Year,18-21,Female/Woman,I do not have an SpLD,5,5,3,5,5,3,5,5,5,3,3,4,3,3
ba44cd9f,England,English,Social Sciences,1st Year,18-21,Female/Woman,I do not have an SpLD,5,3,4,2,5,2,4,3,5,2,2,3,5,2
bacf6f5b,England,English,Psychology,1st Year,18-21,Male/Man,I do not have an SpLD,4,2,1,2,3,2,3,2,5,1,1,2,4,1
bdacfff0,England,English,Social Sciences,2nd Year,22-25,Female/Woman,I do not have an SpLD,3,3,3,3,5,2,5,2,5,4,2,3,5,3
bf273c3d,England,English,Education,2nd Year,18-21,Female/Woman,I do not have an SpLD,3,4,2,2,4,1,2,3,3,1,1,2,3,2
bf4bd0a8,England,English,Psychology,2nd Year,18-21,Female/Woman,I do not have an SpLD,1,2,3,2,2,1,2,2,2,1,2,2,2,1
bfdcf446,England,English,Psychology,1st Year,22-25,Female/Woman,I do not have an SpLD,5,5,5,5,5,5,5,5,5,5,5,5,5,5
bff0f154,England,English,Psychology,1st Year,18-21,Male/Man,I do not have an SpLD,3,2,1,1,5,1,4,1,3,4,2,2,5,2
c0a04f24,England,English,Psychology,1st Year,18-21,Female/Woman,I do not have an SpLD,4,4,2,4,5,4,5,3,5,4,5,4,4,2
c11f4215,England,English,Psychology,1st Year,18-21,Male/Man,I do not have an SpLD,4,3,2,1,4,1,4,4,3,4,2,1,4,3
c35d9b7d,England,English,Psychology,1st Year,18-21,Male/Man,I do not have an SpLD,2,2,4,2,5,1,3,3,5,3,1,3,4,1
c9bbdfcb,England,English,Psychology,1st Year,18-21,Female/Woman,I do not have an SpLD,3,4,3,3,4,2,5,1,5,2,1,1,5,1
ca38f04d,England,English,Psychology,2nd Year,18-21,Female/Woman,I do not have an SpLD,2,1,1,1,3,2,3,1,3,1,1,1,1,1
caf7862d,England,English,Psychology,1st Year,18-21,Female/Woman,I do not have an SpLD,2,2,3,2,2,2,3,2,2,1,2,2,2,2
cd8ad7c0,England,English,Psychology,1st Year,18-21,Female/Woman,I do not have an SpLD,2,2,3,1,4,1,5,3,3,2,1,2,2,2
cfacb72b,England,English,Psychology,1st Year,18-21,Female/Woman,I do not have an SpLD,5,3,5,5,5,2,4,4,5,5,5,5,5,5
d2c46bdf,England,English,Psychology,2nd Year,18-21,Female/Woman,I do not have an SpLD,2,1,3,1,3,1,3,2,2,2,2,1,2,2
d6fcdc68,England,English,Psychology,1st Year,18-21,Female/Woman,I do not have an SpLD,5,5,5,5,5,5,5,5,5,5,5,5,5,5
d9838635,England,English,Psychology,2nd Year,18-21,Female/Woman,I do not have an SpLD,3,2,3,2,4,2,4,2,4,3,3,2,4,3
db0c4d85,England,English,Psychology,3rd Year,22-25,Male/Man,I do not have an SpLD,3,2,2,4,4,2,2,5,2,2,2,2,3,2
dbc248a8,England,English,Psychology,2nd Year,18-21,Female/Woman,I do not have an SpLD,4,4,3,4,5,4,5,3,5,2,4,4,3,3
dc719785,England,English,Psychology,1st Year,18-21,Female/Woman,I do not have an SpLD,2,3,2,1,3,1,5,3,3,1,2,2,3,3
dc9a053f,England,English,Psychology,1st Year,18-21,Female/Woman,I do not have an SpLD,4,4,3,4,4,1,5,2,4,4,4,4,3,3
ddd2f5dc,England,English,Psychology,1st Year,18-21,Female/Woman,I do not have an SpLD,3,3,3,2,4,1,4,3,4,2,2,3,2,3
df5f14f2,England,English,Social Sciences,1st Year,18-21,Female/Woman,I do not have an SpLD,4,5,5,3,5,4,5,3,5,5,5,4,4,5
f0bcc67d,England,English,Psychology,1st Year,18-21,Female/Woman,I do not have an SpLD,4,3,4,3,4,2,4,4,4,3,2,5,3,4
f0c76510,England,English,Psychology,1st Year,18-21,Female/Woman,I do not have an SpLD,3,4,1,3,4,1,5,2,4,4,2,4,3,2
f12f039c,England,English,Psychology,2nd Year,18-21,Female/Woman,I do not have an SpLD,3,3,2,2,5,1,5,2,4,5,4,3,5,3
f1b1d1f9,England,English,Psychology,1st Year,18-21,Male/Man,I do not have an SpLD,2,3,4,2,4,2,4,3,4,3,2,3,2,4
f3fd590f,England,English,Psychology,1st Year,18-21,Female/Woman,I do not have an SpLD,3,2,2,2,5,1,4,2,5,3,2,2,2,2
f533faa4,England,English,Psychology,1st Year,18-21,Female/Woman,I do not have an SpLD,3,4,3,2,4,2,3,3,2,4,4,4,3,3
f69fc22a,England,English,Psychology,3rd Year,18-21,Female/Woman,I do not have an SpLD,3,3,3,3,4,1,4,2,4,3,3,4,3,2
f7632cb6,England,English,Psychology,1st Year,18-21,Male/Man,I do not have an SpLD,1,2,2,3,2,1,4,3,2,1,2,1,3,3
f7bfb047,England,English,Education,3rd Year,18-21,Female/Woman,I do not have an SpLD,1,1,2,1,1,1,3,1,3,2,1,1,1,1
f986f92a,England,English,Psychology,3rd Year,22-25,Female/Woman,I do not have an SpLD,3,2,2,2,3,2,3,2,4,3,3,2,3,2
fa9f6250,England,English,Psychology,2nd Year,18-21,Male/Man,NA,4,4,4,3,3,2,3,3,4,2,3,3,2,3
fc4d3a2c,England,English,Psychology,1st Year,18-21,Female/Woman,ADHD/ADD,4,5,2,4,4,1,5,1,5,5,4,5,4,5
fd9af571,England,English,Psychology,2nd Year,18-21,Female/Woman,I do not have an SpLD,2,2,4,2,5,1,5,4,5,1,1,2,5,1
ffb0636d,England,English,Psychology,3rd Year,18-21,Female/Woman,Dyslexia,5,4,4,3,5,1,5,4,5,4,5,4,4,5
ffc82560,England,English,Psychology,NA,NA,NA,NA,1,1,2,1,2,2,2,2,2,1,1,1,2,1
05d62dc9,Scotland,English,Psychology,1st Year,18-21,Female/Woman,I do not have an SpLD,2,2,1,1,2,1,3,1,2,1,2,1,2,1
060a39f6,Scotland,English,Psychology,1st Year,22-25,Female/Woman,Dyslexia,3,1,1,2,3,2,3,2,4,1,2,2,5,1
06f098cf,Scotland,English,Psychology,1st Year,26+,Female/Woman,I do not have an SpLD,5,5,5,5,5,5,5,5,5,5,5,5,5,5
07ffa5cc,Scotland,English,Psychology,2nd Year,22-25,Female/Woman,I do not have an SpLD,5,4,5,2,5,2,5,4,4,3,5,3,5,5
11f1312b,Scotland,English,Psychology,1st Year,18-21,Female/Woman,NA,3,4,3,3,4,4,4,4,3,2,2,4,4,2
147dc85f,Scotland,English,Psychology,1st Year,18-21,Female/Woman,I do not have an SpLD,1,3,2,1,3,1,2,1,2,2,3,2,2,1
154bda25,Scotland,English,Psychology,1st Year,18-21,Female/Woman,I do not have an SpLD,2,2,2,3,4,4,4,2,4,3,2,2,3,2
180cf37d,Scotland,English,Psychology,2nd Year,18-21,Female/Woman,ADHD/ADD,4,2,2,2,4,3,4,3,4,3,3,2,4,2
18136b29,Scotland,English,Psychology,1st Year,18-21,Female/Woman,I do not have an SpLD,5,5,5,2,5,3,5,5,4,3,5,5,4,5
1bd0058d,Scotland,English,Psychology,1st Year,18-21,Male/Man,I do not have an SpLD,2,2,2,2,3,1,4,3,3,3,4,3,2,4
1d60d5f8,Scotland,English,Psychology,2nd Year,18-21,Female/Woman,I do not have an SpLD,1,2,1,1,1,2,3,1,2,4,2,1,2,2
23316c43,Scotland,English,Psychology,1st Year,22-25,Female/Woman,I do not have an SpLD,2,1,2,1,3,2,3,4,1,3,3,1,2,1
24fcf44d,Scotland,English,Psychology,1st Year,18-21,Female/Woman,I do not have an SpLD,2,1,4,4,5,4,5,5,5,4,1,5,4,4
2da98c70,Scotland,English,Psychology,2nd Year,18-21,Female/Woman,I do not have an SpLD,4,2,3,2,3,2,3,3,4,4,4,2,3,4
2fa5d5cd,Scotland,English,Psychology,2nd Year,18-21,Female/Woman,I do not have an SpLD,3,2,3,2,5,2,5,2,4,4,3,2,2,4
30389ff1,Scotland,English,Psychology,2nd Year,18-21,Female/Woman,I do not have an SpLD,3,3,3,3,5,3,4,3,4,4,4,2,5,4
31f37bab,Scotland,English,Psychology,2nd Year,18-21,Female/Woman,Dyspraxia,5,2,4,3,5,1,5,2,5,5,5,3,5,5
395b23cf,Scotland,English,Psychology,1st Year,22-25,Female/Woman,I do not have an SpLD,5,4,5,5,5,4,5,5,5,3,4,5,4,2
3996706b,Scotland,English,Psychology,2nd Year,22-25,Female/Woman,I do not have an SpLD,5,4,4,4,5,5,5,5,4,5,5,5,4,4
3a6f8dc0,Scotland,English,Psychology,1st Year,18-21,Female/Woman,I do not have an SpLD,3,1,3,3,3,1,4,2,4,5,4,3,4,3
3caac669,Scotland,English,Psychology,2nd Year,18-21,Female/Woman,I do not have an SpLD,4,5,5,4,4,1,5,4,4,2,2,4,2,1
3dc6556b,Scotland,English,Psychology,2nd Year,18-21,Female/Woman,I do not have an SpLD,3,2,2,2,3,2,3,2,3,2,2,2,3,3
452499dc,Scotland,English,Psychology,2nd Year,18-21,Female/Woman,I do not have an SpLD,5,3,4,3,5,1,3,4,1,5,5,5,5,5
458418b0,Scotland,English,Psychology,1st Year,18-21,Female/Woman,Dyslexia,3,3,4,4,5,5,5,4,5,4,4,5,5,2
479434c1,Scotland,English,Psychology,2nd Year,22-25,Female/Woman,I do not have an SpLD,1,4,2,2,2,2,2,3,2,2,1,1,1,1
4ab0d9f2,Scotland,English,Psychology,1st Year,18-21,Female/Woman,I do not have an SpLD,5,3,4,3,5,4,5,3,5,2,3,4,2,2
51394769,Scotland,English,Psychology,2nd Year,18-21,Female/Woman,I do not have an SpLD,4,1,4,2,5,1,5,3,5,5,5,3,2,5
572a20f6,Scotland,English,Psychology,2nd Year,18-21,Female/Woman,I do not have an SpLD,2,3,2,2,4,2,3,2,2,1,1,4,4,1
586354fb,Scotland,English,Psychology,1st Year,18-21,Female/Woman,I do not have an SpLD,4,4,4,2,5,1,3,3,4,3,1,4,3,2
5a8913bf,Scotland,English,Psychology,1st Year,18-21,Female/Woman,Dyslexia,5,3,3,3,5,3,5,4,4,4,4,4,3,4
60186939,Scotland,English,Psychology,1st Year,18-21,Female/Woman,I do not have an SpLD,1,1,1,1,3,1,3,1,3,3,2,1,2,2
605cffc1,Scotland,English,Psychology,1st Year,18-21,Female/Woman,I do not have an SpLD,5,5,5,5,5,5,5,5,5,4,5,4,5,5
61529b94,Scotland,English,Psychology,2nd Year,18-21,Female/Woman,I do not have an SpLD,3,3,3,3,4,1,4,2,3,2,2,3,4,2
678fcc6a,Scotland,English,Psychology,1st Year,18-21,Female/Woman,I do not have an SpLD,3,2,4,1,5,1,5,4,5,4,5,4,5,2
69df761b,Scotland,English,Psychology,2nd Year,22-25,Female/Woman,I do not have an SpLD,1,2,2,2,2,1,2,1,2,1,1,2,1,1
6f294fbc,Scotland,English,Psychology,1st Year,18-21,Female/Woman,I do not have an SpLD,4,3,4,3,4,1,3,3,4,1,2,3,1,1
6f29dcab,Scotland,English,Psychology,1st Year,18-21,Female/Woman,NA,4,3,4,2,5,2,5,5,5,5,5,4,3,2
7037faf7,Scotland,English,Psychology,4th Year,22-25,Female/Woman,I do not have an SpLD,2,1,3,1,2,1,2,1,1,4,4,1,2,3
70969845,Scotland,English,Psychology,1st Year,18-21,Female/Woman,I do not have an SpLD,3,2,2,1,4,2,4,1,4,3,4,2,2,4
70a1b74d,Scotland,English,Psychology,1st Year,18-21,Female/Woman,Dyslexia,4,3,4,3,3,3,3,3,3,3,3,3,4,4
74d5ff8d,Scotland,English,Psychology,1st Year,18-21,Male/Man,I do not have an SpLD,3,1,2,1,4,1,4,2,4,4,2,2,4,3
783125c0,Scotland,English,Psychology,2nd Year,22-25,Male/Man,I do not have an SpLD,3,4,4,3,4,1,5,4,5,3,3,4,4,4
7a501036,Scotland,English,Psychology,1st Year,18-21,Male/Man,I do not have an SpLD,3,3,3,4,3,4,3,3,3,4,3,3,4,3
7f47ca8d,Scotland,English,Psychology,1st Year,22-25,Female/Woman,NA,5,5,4,3,5,5,5,5,4,4,2,5,5,3
7fb4ccf6,Scotland,English,Psychology,1st Year,18-21,Male/Man,I do not have an SpLD,5,2,1,3,5,1,5,2,5,3,2,2,2,3
806920f2,Scotland,English,Psychology,2nd Year,18-21,Another Gender,ADHD/ADD,2,1,1,1,4,1,3,2,3,1,2,2,2,2
8473d082,Scotland,English,Psychology,2nd Year,22-25,Male/Man,I do not have an SpLD,1,1,1,2,2,1,2,2,2,1,2,1,1,2
8634d0d8,Scotland,English,Psychology,1st Year,18-21,Female/Woman,I do not have an SpLD,3,3,3,2,4,2,4,3,3,2,2,3,2,2
86c9f7c7,Scotland,English,Psychology,1st Year,18-21,Female/Woman,I do not have an SpLD,2,2,2,2,4,1,3,2,3,1,2,2,4,2
8949578c,Scotland,English,Psychology,1st Year,18-21,Female/Woman,Dyslexia,5,4,3,3,5,4,5,3,5,4,4,4,4,5
8a77d3bd,Scotland,English,Psychology,2nd Year,18-21,Female/Woman,I do not have an SpLD,5,2,4,3,5,4,5,5,3,4,2,3,4,4
8d03315f,Scotland,English,Psychology,1st Year,18-21,Female/Woman,I do not have an SpLD,3,3,4,2,3,2,3,3,3,3,3,2,3,2
8ff733cd,Scotland,English,Psychology,1st Year,18-21,Female/Woman,I do not have an SpLD,1,1,1,1,2,1,1,2,2,2,1,1,1,1
8fff522b,Scotland,English,Psychology,1st Year,22-25,Female/Woman,I do not have an SpLD,4,3,3,2,5,1,5,3,5,3,4,3,4,4
906ffd0a,Scotland,English,Psychology,1st Year,22-25,Female/Woman,I do not have an SpLD,2,1,2,1,3,1,3,3,3,1,4,1,4,4
93fbf704,Scotland,English,Psychology,1st Year,18-21,Male/Man,I do not have an SpLD,3,4,2,4,4,1,4,2,3,3,5,5,4,1
96460b03,Scotland,English,Psychology,1st Year,18-21,Female/Woman,I do not have an SpLD,4,3,3,3,5,1,5,3,4,5,5,1,2,5
96a2c032,Scotland,English,Psychology,2nd Year,18-21,Female/Woman,I do not have an SpLD,4,4,3,5,5,1,5,3,5,1,1,4,4,2
99a28619,Scotland,English,Psychology,2nd Year,18-21,Female/Woman,I do not have an SpLD,5,3,3,4,5,5,5,4,5,4,5,4,5,5
9da50097,Scotland,English,Psychology,2nd Year,18-21,Male/Man,I do not have an SpLD,4,3,4,1,5,2,5,4,4,1,2,3,3,2
9fc7a6d5,Scotland,English,Psychology,1st Year,26+,Female/Woman,I do not have an SpLD,5,5,5,5,5,3,5,5,5,3,3,5,5,5
a23cb6c5,Scotland,English,Psychology,1st Year,18-21,Female/Woman,I do not have an SpLD,4,2,2,1,5,1,5,2,5,2,4,2,2,2
a570afb9,Scotland,English,Psychology,2nd Year,22-25,Female/Woman,I do not have an SpLD,3,2,3,1,3,1,3,1,3,3,3,2,3,2
a9410461,Scotland,English,Psychology,1st Year,18-21,Male/Man,I do not have an SpLD,2,2,3,2,2,3,3,3,2,2,2,3,3,2
aa516a2a,Scotland,English,Psychology,1st Year,18-21,Female/Woman,NA,5,2,1,1,4,2,5,1,3,3,5,3,3,3
abf4af6d,Scotland,English,Psychology,2nd Year,18-21,Another Gender,I do not have an SpLD,4,4,5,3,5,2,5,4,4,5,4,4,5,4
ac2cd551,Scotland,English,Psychology,1st Year,18-21,Female/Woman,I do not have an SpLD,4,1,2,2,4,1,4,3,3,1,1,2,3,1
afb23250,Scotland,English,Psychology,1st Year,18-21,Female/Woman,I do not have an SpLD,1,1,1,1,3,1,2,1,2,2,3,1,1,1
b34bc729,Scotland,English,Psychology,1st Year,18-21,Female/Woman,I do not have an SpLD,4,4,4,3,5,3,5,3,5,3,3,4,5,3
b428616c,Scotland,English,Psychology,2nd Year,18-21,Female/Woman,ADHD/ADD,5,2,2,1,5,1,5,2,5,3,3,2,4,2
b4b4fc73,Scotland,English,Psychology,1st Year,18-21,Female/Woman,I do not have an SpLD,4,5,5,4,5,4,5,5,5,3,3,5,2,3
b90cf1a0,Scotland,English,Psychology,1st Year,18-21,Female/Woman,I do not have an SpLD,4,2,2,3,5,2,5,3,5,3,4,3,3,3
bb68106d,Scotland,English,Psychology,2nd Year,18-21,Female/Woman,I do not have an SpLD,4,3,3,2,5,1,3,4,4,2,3,3,5,2
bf572bf1,Scotland,English,Psychology,2nd Year,18-21,Female/Woman,I do not have an SpLD,5,4,4,4,5,4,5,4,5,4,4,4,3,4
bf84fd2a,Scotland,English,Psychology,2nd Year,18-21,Female/Woman,I do not have an SpLD,3,3,2,3,4,2,4,2,4,5,3,3,4,4
c3f97fbf,Scotland,English,Psychology,4th Year,22-25,Female/Woman,NA,3,1,4,2,4,3,3,4,3,2,3,3,3,2
c562af36,Scotland,English,Psychology,4th Year,22-25,Male/Man,I do not have an SpLD,2,1,1,1,2,1,2,1,1,1,2,1,1,2
c6aa30dc,Scotland,English,Psychology,2nd Year,18-21,Female/Woman,I do not have an SpLD,4,3,5,3,4,3,3,3,3,3,2,4,4,2
c8b0c295,Scotland,English,Psychology,2nd Year,18-21,Female/Woman,I do not have an SpLD,3,2,2,2,4,1,3,2,2,4,3,3,4,3
cbd3fdb2,Scotland,English,Psychology,1st Year,22-25,Another Gender,I do not have an SpLD,3,4,3,1,5,1,5,2,3,3,3,2,5,2
cd117a63,Scotland,English,Psychology,1st Year,18-21,Female/Woman,I do not have an SpLD,4,4,5,4,5,5,4,5,5,4,4,3,5,2
cfbba35a,Scotland,English,Psychology,1st Year,18-21,Female/Woman,I do not have an SpLD,1,3,4,1,4,1,4,1,3,2,1,1,4,1
d00c7d82,Scotland,English,Psychology,1st Year,22-25,Male/Man,I do not have an SpLD,3,4,3,1,4,1,5,4,3,2,3,3,3,2
d7505c65,Scotland,English,Psychology,1st Year,18-21,Female/Woman,I do not have an SpLD,5,4,4,4,5,2,5,4,5,3,3,4,4,3
d938f9b5,Scotland,English,Psychology,2nd Year,18-21,Female/Woman,I do not have an SpLD,5,2,2,1,5,2,5,2,5,3,3,1,5,3
da790f9a,Scotland,English,Psychology,2nd Year,18-21,Female/Woman,I do not have an SpLD,3,3,3,2,4,3,4,4,4,3,4,4,4,4
db4c35cb,Scotland,English,Psychology,1st Year,18-21,Female/Woman,I do not have an SpLD,1,2,4,1,3,1,2,1,2,2,2,1,4,1
ddf2fbc5,Scotland,English,Psychology,1st Year,18-21,Female/Woman,I do not have an SpLD,3,2,3,2,4,1,4,2,4,2,2,2,4,1
f00044f0,Scotland,English,Psychology,2nd Year,18-21,Female/Woman,I do not have an SpLD,5,5,5,5,5,4,5,4,5,5,4,5,2,4
f2af98df,Scotland,English,Psychology,1st Year,18-21,Female/Woman,I do not have an SpLD,5,2,4,3,4,1,5,3,4,3,3,4,3,4
f756a4b0,Scotland,English,Psychology,1st Year,18-21,Female/Woman,I do not have an SpLD,3,2,3,3,4,1,4,4,4,3,4,2,4,2
f7f4832b,Scotland,English,Psychology,2nd Year,26+,Female/Woman,NA,4,3,4,3,5,3,1,4,5,4,4,4,3,4
f86abc53,Scotland,English,Psychology,1st Year,26+,Male/Man,"Dyslexia, Dyscalculia",5,2,2,2,5,3,4,3,5,2,2,3,4,2
f8df566b,Scotland,English,Psychology,2nd Year,18-21,Female/Woman,I do not have an SpLD,1,1,1,1,2,1,2,1,2,2,2,1,2,1
fa4f56ff,Scotland,English,Psychology,2nd Year,18-21,Female/Woman,I do not have an SpLD,4,2,3,3,5,3,5,4,4,4,3,3,4,4
fa7a14cb,Scotland,English,Psychology,1st Year,18-21,Female/Woman,I do not have an SpLD,3,2,2,1,5,1,5,1,4,1,3,2,1,1
fc5b1076,Scotland,English,Psychology,1st Year,18-21,Female/Woman,I do not have an SpLD,2,3,2,2,3,1,2,3,1,3,4,4,2,3
fcd96cfb,Scotland,English,Psychology,1st Year,18-21,Female/Woman,I do not have an SpLD,5,4,2,5,5,3,5,4,5,3,3,4,4,2
fcfff3ff,Scotland,English,Psychology,2nd Year,22-25,Another Gender,I do not have an SpLD,4,3,4,4,5,4,4,4,3,5,5,4,3,5
fd3cf41b,Scotland,English,Psychology,1st Year,18-21,Female/Woman,I do not have an SpLD,2,2,3,1,3,1,3,2,3,1,2,2,2,1
fd85a027,Scotland,English,Psychology,4th Year,18-21,Female/Woman,I do not have an SpLD,5,5,5,5,5,5,5,5,5,5,5,5,5,5
ffb5b447,Scotland,English,Psychology,2nd Year,22-25,Male/Man,I do not have an SpLD,1,1,1,2,2,1,1,1,1,1,3,2,3,1
010b7f83,England,English,Psychology,1st Year,18-21,Female/Woman,I do not have an SpLD,5,4,4,2,5,2,5,4,5,3,5,4,3,3
0a54c23c,England,English,Psychology,2nd Year,18-21,Female/Woman,I do not have an SpLD,4,3,2,2,4,2,4,2,4,4,2,3,4,2
0faf5793,England,English,Psychology,1st Year,18-21,Female/Woman,I do not have an SpLD,1,3,1,2,3,1,3,1,3,1,1,2,1,1
1216b22f,England,English,Psychology,1st Year,18-21,Female/Woman,I do not have an SpLD,3,2,1,1,5,2,5,2,5,2,1,1,1,2
18bf5bd8,England,English,Psychology,1st Year,18-21,Female/Woman,I do not have an SpLD,4,3,1,4,4,3,4,3,4,2,4,4,5,2
1cf3c033,England,English,Psychology,1st Year,18-21,Female/Woman,NA,5,5,4,5,5,5,5,5,5,5,5,5,4,5
1f0423ff,England,English,Psychology,1st Year,18-21,Female/Woman,I do not have an SpLD,3,2,2,2,5,1,5,2,5,1,1,1,3,1
2776cbb8,England,English,Psychology,2nd Year,18-21,Male/Man,I do not have an SpLD,5,1,1,2,5,1,4,1,5,4,2,2,3,2
2953734c,England,English,Psychology,2nd Year,18-21,Female/Woman,I do not have an SpLD,3,3,4,4,5,1,5,3,5,1,2,4,5,2
2c48cf26,England,English,Psychology,2nd Year,18-21,Female/Woman,I do not have an SpLD,3,1,3,2,4,2,5,2,4,3,3,3,3,4
2f58df01,England,English,Psychology,2nd Year,18-21,Male/Man,I do not have an SpLD,3,1,2,1,3,1,3,2,4,2,2,2,3,1
3664f4ba,England,English,Psychology,2nd Year,18-21,Male/Man,I do not have an SpLD,5,3,2,3,5,1,5,1,5,3,3,3,3,3
36bfbfc4,England,English,Psychology,2nd Year,18-21,Female/Woman,I do not have an SpLD,2,2,2,1,4,2,3,2,4,2,2,1,1,2
4205bf69,England,English,Psychology,NA,NA,NA,NA,3,4,3,4,4,3,5,3,4,4,4,4,4,3
4c262266,England,English,Psychology,2nd Year,18-21,Male/Man,I do not have an SpLD,2,1,1,1,4,1,4,1,4,2,2,1,3,2
4f8dba82,England,English,Psychology,NA,NA,NA,NA,2,3,1,2,2,1,4,2,3,1,1,3,1,1
691ad038,England,English,Psychology,1st Year,18-21,Female/Woman,ADHD/ADD,4,2,2,2,5,1,5,2,4,1,1,2,2,1
6b2594a0,England,English,Psychology,1st Year,18-21,Male/Man,Dyspraxia,3,1,1,1,2,1,4,1,3,2,1,1,2,1
6cf4b434,England,English,Psychology,2nd Year,18-21,Female/Woman,I do not have an SpLD,5,4,2,3,4,4,5,3,5,2,3,3,2,2
72ff67dc,England,English,Psychology,1st Year,18-21,Female/Woman,I do not have an SpLD,3,1,2,2,4,1,3,2,4,3,3,2,3,3
7690bb73,England,English,Psychology,1st Year,18-21,Female/Woman,I do not have an SpLD,3,3,4,2,3,3,3,4,3,3,4,4,3,4
7b011237,England,English,Psychology,1st Year,18-21,Female/Woman,I do not have an SpLD,4,3,4,4,4,2,3,4,4,4,4,3,3,3
80fcfd52,England,English,Psychology,1st Year,18-21,Female/Woman,I do not have an SpLD,3,3,3,2,3,3,4,3,3,1,2,3,4,1
81b95f52,England,English,Psychology,2nd Year,18-21,Female/Woman,I do not have an SpLD,5,4,2,4,5,3,5,4,5,5,4,4,5,3
8fb2da72,England,English,Psychology,2nd Year,18-21,Female/Woman,NA,5,5,5,4,5,3,5,4,5,3,5,4,5,5
99f15557,England,English,Psychology,2nd Year,18-21,Female/Woman,NA,5,5,5,5,5,5,5,5,4,5,4,5,5,4
9a840f4d,England,English,Psychology,1st Year,18-21,Female/Woman,I do not have an SpLD,5,3,3,3,5,1,5,3,5,5,4,3,3,4
9bb5587c,England,English,Psychology,2nd Year,18-21,Female/Woman,NA,3,2,4,4,4,4,3,4,2,3,4,3,3,4
9d591a20,England,English,Psychology,1st Year,18-21,Female/Woman,I do not have an SpLD,4,4,3,3,4,2,3,2,3,5,5,3,3,5
a08c2126,England,English,Psychology,1st Year,18-21,Male/Man,I do not have an SpLD,3,2,1,2,4,1,3,1,4,3,3,1,2,2
a28dd1b9,England,English,Psychology,2nd Year,18-21,Female/Woman,I do not have an SpLD,3,4,4,2,4,1,5,4,4,3,3,4,3,2
a4fcac50,England,English,Psychology,2nd Year,18-21,Female/Woman,I do not have an SpLD,2,2,2,2,3,3,3,3,3,2,2,3,2,3
a9503c95,England,English,Psychology,1st Year,18-21,Female/Woman,I do not have an SpLD,2,2,2,3,3,2,3,1,3,2,2,3,3,1
addaf22f,England,English,Psychology,1st Year,18-21,Female/Woman,I do not have an SpLD,4,2,5,2,5,2,5,4,5,5,5,5,4,3
b482f040,England,English,Psychology,1st Year,18-21,Female/Woman,NA,2,3,4,4,3,1,4,3,3,4,4,3,5,4
b7c0c090,England,English,Psychology,2nd Year,18-21,Female/Woman,NA,4,3,2,2,5,3,5,4,4,4,4,3,4,4
c0223b39,England,English,Psychology,1st Year,18-21,Female/Woman,I do not have an SpLD,2,1,2,2,4,2,4,2,3,2,2,1,3,2
c05f2650,England,English,Psychology,2nd Year,18-21,Male/Man,I do not have an SpLD,1,2,2,1,2,1,2,2,3,1,1,1,1,1
c12d1018,England,English,Psychology,2nd Year,18-21,Female/Woman,I do not have an SpLD,5,4,3,4,5,3,5,3,5,1,2,3,2,2
c175b467,England,English,Psychology,1st Year,18-21,Female/Woman,I do not have an SpLD,4,2,3,3,5,3,4,3,5,2,3,2,4,3
c3257567,England,English,Psychology,2nd Year,18-21,Female/Woman,I do not have an SpLD,4,1,3,2,4,3,5,2,4,1,2,2,4,2
c7bf8f06,England,English,Psychology,1st Year,18-21,Female/Woman,I do not have an SpLD,3,3,4,3,3,4,3,3,3,3,3,4,3,3
ca241da7,England,English,Psychology,1st Year,18-21,Female/Woman,I do not have an SpLD,2,3,2,3,2,2,2,1,2,2,1,4,4,3
cbf633f6,England,English,Psychology,1st Year,18-21,Female/Woman,I do not have an SpLD,3,2,2,2,4,1,4,1,4,2,1,2,5,2
cc8dddf1,England,English,Psychology,1st Year,18-21,Female/Woman,I do not have an SpLD,5,5,5,3,5,1,5,5,5,5,2,5,5,2
ccb4db97,England,English,Psychology,1st Year,18-21,Female/Woman,I do not have an SpLD,3,1,1,2,5,1,5,1,5,4,4,2,3,3
cf143caa,England,English,Psychology,1st Year,18-21,Female/Woman,I do not have an SpLD,5,5,4,5,5,3,5,5,5,3,4,5,5,4
d0561cf0,England,English,Psychology,1st Year,18-21,Female/Woman,I do not have an SpLD,2,3,3,3,3,3,2,3,3,3,1,3,2,1
d0af8cd2,England,English,Psychology,1st Year,18-21,Male/Man,I do not have an SpLD,1,2,1,2,2,1,2,2,4,4,4,2,1,4
d2af6b4a,England,English,Psychology,2nd Year,18-21,Female/Woman,I do not have an SpLD,2,2,1,1,3,1,3,1,3,1,1,1,1,1
df2f3d4b,England,English,Psychology,2nd Year,18-21,Female/Woman,I do not have an SpLD,5,4,1,4,5,3,5,3,4,5,5,5,3,3
f0451b4d,England,English,Psychology,1st Year,18-21,Female/Woman,I do not have an SpLD,4,3,4,3,4,3,5,5,5,4,4,5,5,4
f5cd60fd,England,English,Psychology,2nd Year,18-21,Female/Woman,I do not have an SpLD,4,4,2,4,4,1,4,3,4,4,4,4,3,2
f5d593c6,England,English,Psychology,2nd Year,18-21,Female/Woman,I do not have an SpLD,2,2,1,2,2,3,3,2,4,1,1,3,3,1
f6a45ff3,England,English,Psychology,1st Year,18-21,Female/Woman,I do not have an SpLD,5,3,2,2,4,3,5,4,4,4,2,4,5,1
f9c19067,England,English,Psychology,1st Year,18-21,Female/Woman,I do not have an SpLD,2,3,2,3,3,2,3,2,2,4,3,3,1,3
f9fbad47,England,English,Psychology,2nd Year,18-21,Female/Woman,I do not have an SpLD,4,4,3,3,5,3,5,4,5,4,4,4,4,4
fab0a7ba,England,English,Psychology,1st Year,18-21,NA,I do not have an SpLD,5,2,4,2,5,5,4,1,5,5,4,3,4,4
ff852c04,England,English,Psychology,2nd Year,18-21,Female/Woman,I do not have an SpLD,3,3,4,3,4,3,4,3,4,3,4,3,5,2
ff9b1a68,England,English,Psychology,1st Year,18-21,Female/Woman,I do not have an SpLD,2,4,4,3,3,2,4,3,3,1,2,4,1,2
013b9c3f,England,English,Psychology,2nd Year,18-21,Female/Woman,I do not have an SpLD,3,2,4,1,5,1,4,1,4,4,4,2,2,2
017b2fab,England,English,Psychology,2nd Year,22-25,Female/Woman,I do not have an SpLD,5,5,4,5,5,5,4,5,5,5,4,5,5,5
024cf75d,England,English,Psychology,1st Year,22-25,Female/Woman,NA,1,4,2,3,4,1,4,2,5,4,3,4,1,1
02a8f535,England,English,Psychology,1st Year,22-25,Male/Man,I do not have an SpLD,3,3,2,2,4,1,4,3,4,2,3,4,3,3
0319bdb9,England,English,Psychology,2nd Year,18-21,Female/Woman,I do not have an SpLD,3,4,4,3,5,2,4,4,4,3,3,4,4,2
035fbaf2,England,English,Psychology,1st Year,18-21,Female/Woman,I do not have an SpLD,2,2,2,1,3,1,3,4,1,4,5,4,4,2
039fbbc6,England,English,Psychology,2nd Year,18-21,Female/Woman,I do not have an SpLD,3,2,1,1,4,1,4,2,4,2,1,2,1,1
03c63bfd,England,English,Psychology,2nd Year,18-21,Female/Woman,I do not have an SpLD,4,3,2,4,5,2,5,2,5,5,3,3,2,3
063f27f1,England,English,Psychology,2nd Year,18-21,Female/Woman,I do not have an SpLD,3,2,2,2,5,1,5,2,5,1,1,1,4,1
066037d1,England,English,Psychology,2nd Year,18-21,Female/Woman,I do not have an SpLD,5,3,3,4,5,4,5,5,5,5,5,4,5,5
0926680b,England,English,Psychology,1st Year,18-21,Female/Woman,I do not have an SpLD,4,5,2,5,5,5,5,4,5,3,4,5,3,3
0a45b4cb,England,English,Psychology,1st Year,18-21,Female/Woman,I do not have an SpLD,5,2,2,3,3,2,4,4,5,3,2,2,2,1
0b667925,England,English,Psychology,3rd Year,18-21,Female/Woman,I do not have an SpLD,4,4,5,2,5,1,5,5,5,5,4,4,5,4
0bcd6b85,England,English,Psychology,1st Year,18-21,Female/Woman,I do not have an SpLD,4,2,1,2,4,1,3,3,3,3,3,2,3,3
0bda1d46,England,English,Psychology,1st Year,18-21,Female/Woman,I do not have an SpLD,5,4,5,4,4,2,4,4,4,5,5,3,4,4
0d01dda2,England,English,Psychology,2nd Year,18-21,Female/Woman,NA,3,1,2,1,3,1,4,1,4,5,5,1,3,3
0dd2cf72,England,English,Psychology,1st Year,18-21,Female/Woman,I do not have an SpLD,5,2,4,2,5,1,5,NA,5,5,5,2,5,2
105f0706,England,English,Psychology,2nd Year,18-21,Female/Woman,I do not have an SpLD,1,1,2,1,2,1,3,1,2,2,1,1,2,1
10f2892f,England,English,Psychology,1st Year,18-21,Female/Woman,I do not have an SpLD,2,2,1,3,4,1,4,2,2,3,2,3,1,2
120d9a47,England,English,Psychology,1st Year,22-25,Female/Woman,I do not have an SpLD,1,1,1,1,1,1,2,1,2,3,1,1,1,1
12cf4286,England,English,Psychology,2nd Year,18-21,Female/Woman,I do not have an SpLD,3,3,2,2,4,1,3,2,3,2,2,3,2,4
13a685d0,England,English,Psychology,2nd Year,18-21,Female/Woman,I do not have an SpLD,2,1,1,1,2,2,2,2,2,1,2,2,1,2
140c4ff8,England,English,Psychology,1st Year,18-21,Female/Woman,I do not have an SpLD,4,2,1,2,5,1,5,1,5,1,1,3,3,1
15d712b8,England,English,Psychology,1st Year,18-21,Female/Woman,I do not have an SpLD,5,2,2,2,5,1,5,3,5,5,5,3,4,3
16764992,England,English,Psychology,2nd Year,18-21,Female/Woman,I do not have an SpLD,5,2,4,3,5,3,5,4,5,2,2,2,3,3
168f3bdf,England,English,Psychology,1st Year,18-21,Female/Woman,I do not have an SpLD,2,2,2,2,3,2,3,2,2,3,3,2,4,3
1743ddc3,England,English,Psychology,2nd Year,18-21,Female/Woman,I do not have an SpLD,5,2,2,2,5,3,5,2,5,2,2,3,5,2
17f57029,England,English,Psychology,2nd Year,18-21,Female/Woman,I do not have an SpLD,3,3,3,3,4,3,3,3,3,4,4,3,5,4
17ffbf5f,England,English,Psychology,1st Year,26+,Female/Woman,I do not have an SpLD,5,4,5,4,5,2,5,4,4,4,4,4,4,4
1843f2a3,England,English,Psychology,2nd Year,22-25,Male/Man,I do not have an SpLD,2,3,4,2,3,1,4,3,4,1,1,3,2,1
190dd676,England,English,Psychology,1st Year,18-21,Female/Woman,I do not have an SpLD,2,1,1,1,3,1,4,1,1,2,1,1,2,1
1920cbc6,England,English,Psychology,2nd Year,18-21,Female/Woman,I do not have an SpLD,4,3,2,2,5,1,5,2,5,4,2,2,2,3
1934516f,England,English,Psychology,1st Year,18-21,Female/Woman,I do not have an SpLD,2,3,4,2,3,2,2,5,2,4,4,5,1,4
195f6f28,England,English,Psychology,1st Year,18-21,Female/Woman,I do not have an SpLD,2,2,1,1,3,1,4,2,2,5,4,2,3,4
19a209df,England,English,Psychology,1st Year,18-21,Female/Woman,I do not have an SpLD,3,1,2,1,2,1,3,1,5,3,2,1,3,3
19c07b97,England,English,Psychology,2nd Year,18-21,Female/Woman,NA,1,1,2,2,3,1,1,1,1,3,3,2,1,1
1a1124a6,England,English,Psychology,1st Year,18-21,Female/Woman,I do not have an SpLD,4,5,2,5,5,4,5,3,5,5,4,3,4,5
1b68c492,England,English,Psychology,1st Year,18-21,Female/Woman,NA,4,2,3,3,5,1,5,3,5,4,4,3,3,2
1c26b4b9,England,English,Psychology,1st Year,18-21,Male/Man,I do not have an SpLD,2,2,2,2,3,1,3,2,4,3,3,2,1,3
1d03176f,England,English,Psychology,1st Year,18-21,Female/Woman,I do not have an SpLD,5,3,3,1,5,1,4,3,5,4,4,4,4,3
1dcd487b,England,English,Psychology,2nd Year,22-25,Female/Woman,I do not have an SpLD,1,2,2,1,4,3,4,4,1,1,1,2,1,1
1dd41c80,England,English,Psychology,2nd Year,18-21,Female/Woman,I do not have an SpLD,4,2,4,2,5,1,4,2,3,3,2,5,3,1
1f63fcaf,England,English,Psychology,1st Year,18-21,Male/Man,I do not have an SpLD,2,2,2,2,3,2,3,2,3,3,3,2,1,2
20b05818,England,English,Psychology,1st Year,18-21,Male/Man,NA,2,1,2,1,2,1,1,1,2,1,1,1,2,1
210f21f0,England,English,Psychology,2nd Year,18-21,Female/Woman,Other - Autism Spectrum Disorder,2,1,2,3,4,1,5,1,2,1,1,4,2,1
2113d40f,England,English,Psychology,2nd Year,26+,Female/Woman,I do not have an SpLD,4,4,5,3,5,1,5,3,5,4,5,3,5,3
214dccb2,England,English,Psychology,1st Year,18-21,Female/Woman,I do not have an SpLD,5,4,4,4,5,2,5,4,5,5,4,2,5,3
21acff8a,England,English,Psychology,1st Year,18-21,Female/Woman,I do not have an SpLD,4,1,2,1,4,1,5,3,4,3,4,1,5,3
22d5baaa,England,English,Psychology,1st Year,18-21,Male/Man,I do not have an SpLD,4,4,3,2,5,3,4,3,4,4,3,4,3,4
22f15fa0,England,English,Psychology,1st Year,18-21,Female/Woman,Dyslexia,3,3,4,2,5,1,4,2,3,4,3,2,4,3
238c105a,England,English,Psychology,2nd Year,18-21,Female/Woman,I do not have an SpLD,4,3,4,3,5,2,5,3,5,3,3,3,4,3
241138a8,England,English,Psychology,2nd Year,18-21,Female/Woman,I do not have an SpLD,5,3,4,4,5,1,5,4,5,5,5,4,5,4
246f36a7,England,English,Psychology,1st Year,18-21,Female/Woman,I do not have an SpLD,1,1,2,1,4,1,2,1,4,2,2,1,1,2
24d9145a,England,English,Psychology,1st Year,18-21,Female/Woman,I do not have an SpLD,3,2,4,2,3,1,4,4,3,5,5,3,3,5
255341ba,England,English,Psychology,1st Year,18-21,Female/Woman,I do not have an SpLD,2,2,2,4,4,4,2,4,3,1,3,2,1,2
25d4c9fc,England,English,Psychology,2nd Year,18-21,Male/Man,I do not have an SpLD,3,3,1,3,4,2,4,2,4,3,3,3,4,2
261af46f,England,English,Psychology,2nd Year,22-25,Female/Woman,I do not have an SpLD,2,2,1,2,2,1,3,1,2,1,2,2,1,1
26990592,England,English,Psychology,1st Year,18-21,Female/Woman,NA,4,4,4,4,4,2,4,5,5,4,4,2,4,3
2718d13b,England,English,Psychology,1st Year,18-21,Female/Woman,I do not have an SpLD,4,4,5,5,5,1,5,5,4,5,4,5,2,4
2849d397,England,English,Psychology,2nd Year,18-21,Female/Woman,I do not have an SpLD,3,2,2,2,3,2,3,2,3,3,3,2,3,2
2940ff6f,England,English,Psychology,1st Year,18-21,Male/Man,I do not have an SpLD,3,2,3,2,4,1,4,3,4,2,2,3,2,2
2947278a,England,English,Psychology,2nd Year,18-21,Female/Woman,I do not have an SpLD,2,1,2,1,4,1,5,1,4,2,2,2,3,2
2bbc286c,England,English,Psychology,2nd Year,18-21,Female/Woman,"Dyslexia, Dyspraxia, ADHD/ADD",3,3,2,2,3,1,4,2,4,2,2,2,1,2
2c214575,England,English,Psychology,1st Year,18-21,Male/Man,NA,3,2,3,2,4,4,5,2,4,4,3,3,1,2
2c61943c,England,English,Psychology,1st Year,18-21,Female/Woman,I do not have an SpLD,4,5,4,1,5,1,4,5,5,4,3,1,3,2
2c7f9c45,England,English,Psychology,1st Year,18-21,Female/Woman,I do not have an SpLD,5,5,5,5,5,2,5,5,5,5,5,5,5,3
2fc8370b,England,English,Psychology,1st Year,18-21,Female/Woman,I do not have an SpLD,4,5,4,3,4,3,4,5,5,4,3,4,4,4
30066072,England,English,Psychology,1st Year,18-21,Female/Woman,I do not have an SpLD,4,2,5,2,5,2,5,5,5,2,2,2,3,2
3014f814,England,English,Psychology,2nd Year,18-21,Female/Woman,I do not have an SpLD,4,3,2,1,5,1,5,2,5,5,4,2,5,1
3125a92f,England,English,Psychology,1st Year,18-21,Female/Woman,I do not have an SpLD,3,3,4,4,5,1,5,4,5,3,3,5,4,4
315abd04,England,English,Psychology,1st Year,18-21,Female/Woman,NA,5,1,4,3,5,1,5,4,4,2,2,3,5,2
31962460,England,English,Psychology,1st Year,18-21,Female/Woman,I do not have an SpLD,5,5,3,3,5,5,5,5,5,5,5,5,5,5
320d5c48,England,English,Psychology,1st Year,18-21,Female/Woman,I do not have an SpLD,5,4,2,5,5,4,5,3,5,5,5,4,2,5
322a348f,England,English,Psychology,1st Year,18-21,Female/Woman,I do not have an SpLD,5,1,3,3,5,1,4,4,5,2,5,3,4,4
331f4702,England,English,Psychology,2nd Year,18-21,Female/Woman,I do not have an SpLD,2,3,2,2,3,1,3,2,3,5,5,4,3,5
33f3fdf3,England,English,Psychology,3rd Year,18-21,Female/Woman,I do not have an SpLD,4,3,3,3,5,1,5,2,4,3,3,3,4,3
342a4d88,England,English,Psychology,1st Year,18-21,Male/Man,I do not have an SpLD,2,1,2,1,4,1,4,1,3,1,1,1,3,1
3498b69a,England,English,Psychology,2nd Year,18-21,Female/Woman,I do not have an SpLD,2,3,2,2,3,2,3,2,3,3,3,2,3,3
34c6bbbc,England,English,Psychology,2nd Year,18-21,Female/Woman,Dyslexia,2,2,1,1,2,1,2,1,2,5,4,3,2,1
378a00bc,England,English,Psychology,1st Year,18-21,Female/Woman,I do not have an SpLD,3,1,1,2,5,2,4,2,4,3,4,2,1,2
3936362f,England,English,Psychology,2nd Year,18-21,Female/Woman,I do not have an SpLD,4,3,2,3,5,1,5,3,5,3,3,3,3,3
396959f8,England,English,Psychology,1st Year,18-21,Female/Woman,NA,5,1,4,3,5,3,3,4,5,4,4,2,1,2
3a239347,England,English,Psychology,1st Year,18-21,Female/Woman,I do not have an SpLD,2,1,1,1,1,1,1,1,1,1,1,1,2,2
3b60dfa5,England,English,Psychology,2nd Year,18-21,Female/Woman,I do not have an SpLD,3,4,4,3,4,3,5,3,4,4,4,3,3,4
3cf7f4f0,England,English,Psychology,2nd Year,18-21,Female/Woman,I do not have an SpLD,4,3,4,3,5,3,5,5,5,4,4,4,3,4
3d1dfb15,England,English,Psychology,2nd Year,18-21,Female/Woman,I do not have an SpLD,5,3,5,2,5,2,5,5,5,4,5,3,5,5
3ddc515d,England,English,Psychology,2nd Year,18-21,Female/Woman,I do not have an SpLD,4,1,4,2,5,2,4,4,5,1,4,4,1,2
3dfc096c,England,English,Psychology,1st Year,18-21,Female/Woman,I do not have an SpLD,4,2,2,2,4,1,4,1,4,4,2,2,4,2
3f7a2983,England,English,Psychology,2nd Year,18-21,Female/Woman,I do not have an SpLD,3,2,3,2,3,2,5,4,4,5,5,1,4,4
40203798,England,English,Psychology,1st Year,18-21,Female/Woman,NA,4,1,2,1,4,1,2,3,5,2,2,2,2,1
4081f335,England,English,Psychology,1st Year,18-21,Male/Man,I do not have an SpLD,4,4,3,4,3,1,4,4,4,4,4,4,4,3
41b1b50c,England,English,Psychology,2nd Year,18-21,Female/Woman,I do not have an SpLD,5,3,4,3,5,2,5,5,5,5,5,4,4,3
41d4af0f,England,English,Psychology,1st Year,18-21,Female/Woman,NA,3,1,2,1,4,2,4,2,3,3,3,1,2,2
42125d2a,England,English,Psychology,1st Year,18-21,Female/Woman,NA,2,3,2,1,3,3,4,1,3,3,3,3,2,3
422caf1c,England,English,Psychology,1st Year,18-21,Female/Woman,I do not have an SpLD,5,2,4,2,5,1,5,4,5,5,4,5,5,4
426fa51f,England,English,Psychology,1st Year,18-21,Female/Woman,Dyslexia,3,2,2,3,2,2,2,1,2,1,1,1,2,2
427c99a5,England,English,Psychology,1st Year,18-21,Male/Man,"Dyslexia, Dyspraxia, ADHD/ADD",3,3,3,3,5,1,5,3,5,2,2,2,3,3
447c6d4f,England,English,Psychology,1st Year,18-21,Female/Woman,I do not have an SpLD,3,1,2,1,5,1,2,2,4,2,2,1,2,1
4496462f,England,English,Psychology,2nd Year,18-21,Female/Woman,I do not have an SpLD,4,3,3,4,5,4,5,4,5,2,4,4,4,2
44ff5fa6,England,English,Psychology,3rd Year,18-21,Female/Woman,I do not have an SpLD,2,3,3,2,5,1,5,2,5,3,1,4,4,2
45c6ad94,England,English,Psychology,1st Year,18-21,Female/Woman,I do not have an SpLD,4,2,3,2,5,2,4,4,4,2,3,3,2,1
46147cf9,England,English,Psychology,1st Year,18-21,Female/Woman,I do not have an SpLD,4,4,1,4,4,4,4,4,4,3,2,4,4,1
464150db,England,English,Psychology,1st Year,18-21,Female/Woman,I do not have an SpLD,3,2,1,2,3,1,4,2,2,3,3,2,2,2
465b595c,England,English,Psychology,1st Year,18-21,Female/Woman,I do not have an SpLD,3,3,2,1,5,3,5,4,5,5,4,3,5,4
4662f532,England,English,Psychology,2nd Year,18-21,Female/Woman,I do not have an SpLD,4,3,4,3,4,2,4,4,4,4,4,3,3,3
4701dcac,England,English,Psychology,1st Year,18-21,Female/Woman,I do not have an SpLD,3,2,4,4,4,2,5,4,3,3,4,4,2,3
470f922f,England,English,Psychology,1st Year,18-21,Female/Woman,Other - Autism Spectrum Disorder,3,4,4,2,4,3,2,4,4,2,2,4,3,2
486dff3d,England,English,Psychology,1st Year,18-21,Female/Woman,I do not have an SpLD,4,3,3,3,5,3,5,3,5,5,4,5,4,5
490f89f6,England,English,Psychology,1st Year,18-21,Female/Woman,NA,2,3,2,4,5,2,4,2,3,4,2,4,3,2
49cdf526,England,English,Psychology,1st Year,18-21,Female/Woman,"Dyslexia, Dyscalculia",5,4,4,5,5,3,5,3,4,4,3,5,5,2
4a62d889,England,English,Psychology,1st Year,18-21,Female/Woman,I do not have an SpLD,5,3,4,2,5,2,5,3,5,5,4,3,4,3
4c2f5b23,England,English,Psychology,1st Year,18-21,Male/Man,I do not have an SpLD,4,3,2,3,3,4,4,3,3,2,3,3,3,3
4c4a38fd,England,English,Psychology,1st Year,18-21,Female/Woman,I do not have an SpLD,4,2,3,3,5,4,5,3,4,4,4,4,3,3
4cb5dd0d,England,English,Psychology,2nd Year,22-25,Male/Man,Dyslexia,1,1,1,1,4,1,3,1,3,1,2,1,2,1
4cbcfd55,England,English,Psychology,1st Year,18-21,Female/Woman,I do not have an SpLD,2,3,3,2,4,2,4,4,4,3,3,3,1,2
4da3c3d8,England,English,Psychology,1st Year,18-21,Female/Woman,I do not have an SpLD,5,3,4,4,5,4,5,4,5,5,5,3,5,4
4dcf0cfa,England,English,Psychology,1st Year,18-21,Female/Woman,I do not have an SpLD,5,5,5,5,5,2,5,5,5,2,5,5,2,2
4f015fd5,England,English,Psychology,1st Year,18-21,Female/Woman,I do not have an SpLD,5,3,5,4,5,3,5,3,5,5,5,4,4,5
4f0aa64d,England,English,Psychology,1st Year,18-21,Female/Woman,I do not have an SpLD,3,3,2,1,4,1,5,3,5,4,5,3,3,2
4f219b6a,England,English,Psychology,1st Year,18-21,Female/Woman,Dyslexia,4,2,3,3,4,3,4,4,5,4,3,3,3,2
4f2780b8,England,English,Psychology,1st Year,18-21,Female/Woman,I do not have an SpLD,4,4,4,3,5,1,5,3,5,5,5,4,2,3
4f79f3c7,England,English,Psychology,2nd Year,18-21,Female/Woman,Dyslexia,4,4,5,1,4,1,4,3,4,3,4,3,4,2
4f8f6756,England,English,Psychology,1st Year,18-21,Male/Man,I do not have an SpLD,3,2,2,1,4,1,3,2,4,4,3,2,3,4
4ff8417b,England,English,Psychology,1st Year,18-21,Male/Man,I do not have an SpLD,5,2,2,3,5,1,5,3,5,3,3,5,5,1
5181867b,England,English,Psychology,2nd Year,18-21,Female/Woman,NA,3,1,2,1,5,1,5,2,5,3,3,1,3,2
52b74f1f,England,English,Psychology,2nd Year,22-25,Female/Woman,I do not have an SpLD,4,3,3,3,5,1,5,3,5,4,4,3,2,2
53fdcb4f,England,English,Psychology,1st Year,18-21,Female/Woman,I do not have an SpLD,3,3,2,1,3,2,3,3,3,3,4,4,3,2
5410f505,England,English,Psychology,1st Year,18-21,Female/Woman,I do not have an SpLD,3,1,2,1,5,1,5,2,4,3,3,1,3,1
54cb5f2f,England,English,Psychology,1st Year,18-21,Female/Woman,I do not have an SpLD,3,4,4,4,3,1,3,4,2,2,2,5,4,1
55d46fbf,England,English,Psychology,2nd Year,22-25,Female/Woman,I do not have an SpLD,3,1,3,2,3,1,2,2,3,3,2,2,1,2
5609603c,England,English,Psychology,2nd Year,18-21,Female/Woman,Dyslexia,4,3,2,2,5,1,5,4,5,3,4,3,4,4
565ba9c1,England,English,Psychology,2nd Year,18-21,Male/Man,I do not have an SpLD,3,2,2,1,4,1,5,1,5,3,2,2,5,2
57656c11,England,English,Psychology,1st Year,18-21,Male/Man,I do not have an SpLD,3,4,3,1,3,1,3,1,3,1,2,3,2,1
57fa030b,England,English,Psychology,1st Year,18-21,Female/Woman,I do not have an SpLD,5,4,3,3,5,3,5,4,5,4,4,3,3,2
57ff2c33,England,English,Psychology,1st Year,18-21,Female/Woman,I do not have an SpLD,3,2,2,1,4,1,1,2,3,3,1,2,1,2
590d19f7,England,English,Psychology,2nd Year,18-21,Female/Woman,I do not have an SpLD,2,3,3,3,2,1,3,2,3,1,1,3,3,1
590f4dc3,England,English,Psychology,1st Year,18-21,Female/Woman,I do not have an SpLD,4,3,4,3,5,2,5,5,4,5,2,4,5,3
591fa03f,England,English,Psychology,1st Year,18-21,Female/Woman,I do not have an SpLD,1,3,2,3,5,1,5,3,5,2,2,3,4,2
5b69db8a,England,English,Psychology,1st Year,18-21,Male/Man,Other - Redacted,3,1,1,1,5,1,5,2,5,3,1,1,3,1
5b8bf308,England,English,Psychology,1st Year,18-21,Female/Woman,I do not have an SpLD,2,2,2,1,3,1,3,2,3,2,1,2,4,1
5bc9a076,England,English,Psychology,1st Year,26+,Female/Woman,I do not have an SpLD,5,5,4,2,5,3,4,2,5,5,4,4,5,5
5c8343d9,England,English,Psychology,2nd Year,18-21,Female/Woman,I do not have an SpLD,3,2,2,2,4,1,4,3,3,2,2,4,3,2
5ca183ab,England,English,Psychology,2nd Year,18-21,Male/Man,Dyslexia,2,2,3,2,4,2,4,2,4,3,2,2,4,2
5cdd85ff,England,English,Psychology,2nd Year,18-21,Female/Woman,I do not have an SpLD,3,3,2,3,5,1,3,2,4,4,4,4,3,2
5f179f32,England,English,Psychology,1st Year,18-21,Female/Woman,I do not have an SpLD,4,4,4,3,5,3,5,4,5,4,4,4,5,3
5f5a28cf,England,English,Psychology,2nd Year,18-21,Female/Woman,I do not have an SpLD,5,4,5,4,5,1,5,5,5,5,4,4,4,5
60221fa6,England,English,Psychology,1st Year,18-21,Female/Woman,I do not have an SpLD,3,1,2,1,4,1,4,2,3,2,2,2,1,2
612393c7,England,English,Psychology,1st Year,18-21,Female/Woman,I do not have an SpLD,4,3,4,2,5,2,5,2,5,4,2,3,2,1
613d709a,England,English,Psychology,2nd Year,18-21,Female/Woman,I do not have an SpLD,5,2,4,3,5,2,5,3,5,4,4,3,5,1
627b9844,England,English,Psychology,2nd Year,18-21,Female/Woman,I do not have an SpLD,2,5,1,2,4,3,2,1,4,4,2,1,1,3
628dc930,England,English,Psychology,1st Year,18-21,Male/Man,I do not have an SpLD,3,2,2,2,4,1,4,1,4,1,1,2,2,1
62d06a2c,England,English,Psychology,2nd Year,18-21,Female/Woman,I do not have an SpLD,5,4,3,3,4,2,5,2,4,2,2,4,5,2
62fca5af,England,English,Psychology,1st Year,18-21,Female/Woman,I do not have an SpLD,2,2,4,4,5,3,5,3,5,4,4,4,4,4
633cc241,England,English,Psychology,1st Year,22-25,Female/Woman,I do not have an SpLD,4,2,3,3,4,2,4,3,3,2,2,3,2,2
63b33568,England,English,Psychology,1st Year,18-21,Female/Woman,NA,4,3,3,3,5,2,5,3,5,5,4,3,4,4
6406bf2c,England,English,Psychology,1st Year,18-21,Male/Man,I do not have an SpLD,3,3,3,3,4,1,4,3,4,3,3,3,4,3
64f7ff4f,England,English,Psychology,2nd Year,18-21,Male/Man,I do not have an SpLD,2,3,3,3,3,1,4,4,3,4,4,4,1,2
682f1217,England,English,Psychology,1st Year,18-21,Female/Woman,I do not have an SpLD,5,5,4,4,3,3,4,3,5,2,3,4,5,3
684b25af,England,English,Psychology,1st Year,18-21,Female/Woman,I do not have an SpLD,3,2,3,2,3,1,4,2,3,2,2,2,2,2
6a2dff36,England,English,Psychology,1st Year,18-21,Female/Woman,I do not have an SpLD,4,3,5,4,4,5,3,4,4,4,4,4,5,4
6ab00b0a,England,English,Psychology,1st Year,26+,Female/Woman,"Dyslexia, Dyspraxia, ADHD/ADD",2,2,2,1,3,2,2,2,2,2,1,1,1,2
6ab06ca5,England,English,Psychology,1st Year,18-21,Female/Woman,I do not have an SpLD,2,2,4,2,5,1,4,2,4,4,3,3,5,1
6b3adfa1,England,English,Psychology,1st Year,18-21,Female/Woman,ADHD/ADD,5,4,4,2,5,3,5,2,5,3,4,3,5,3
6bbfcbb5,England,English,Psychology,2nd Year,18-21,Male/Man,I do not have an SpLD,3,1,1,1,3,1,3,2,3,2,2,1,2,2
6bfd2fb4,England,English,Psychology,2nd Year,18-21,Male/Man,I do not have an SpLD,2,1,1,1,2,1,3,2,3,1,1,2,1,1
6c90a56d,England,English,Psychology,1st Year,18-21,Male/Man,I do not have an SpLD,3,2,2,2,4,1,4,3,4,1,1,3,2,1
6d108bbb,England,English,Psychology,2nd Year,18-21,Male/Man,I do not have an SpLD,2,2,2,1,5,1,5,1,3,1,1,2,1,1
6d82861b,England,English,Psychology,1st Year,18-21,Another Gender,I do not have an SpLD,3,1,2,2,3,1,2,1,1,3,3,3,2,2
6fc449c2,England,English,Psychology,1st Year,18-21,Female/Woman,I do not have an SpLD,3,3,3,4,5,2,2,3,4,4,3,3,2,3
6fd3bdb3,England,English,Psychology,2nd Year,18-21,Female/Woman,I do not have an SpLD,4,4,4,3,4,3,5,4,5,5,3,4,2,2
6ffc2733,England,English,Psychology,1st Year,18-21,Female/Woman,I do not have an SpLD,3,3,3,2,4,1,5,2,4,5,3,3,4,4
70f3c0cf,England,English,Psychology,1st Year,18-21,Female/Woman,I do not have an SpLD,5,3,3,3,2,3,3,3,5,3,4,4,5,3
710200c6,England,English,Psychology,1st Year,18-21,Female/Woman,I do not have an SpLD,2,2,2,1,3,1,3,3,4,3,2,2,2,1
73545b3b,England,English,Psychology,2nd Year,18-21,Female/Woman,NA,4,1,2,2,5,2,4,2,4,4,4,2,4,3
74812357,England,English,Psychology,1st Year,18-21,Female/Woman,I do not have an SpLD,2,2,1,3,1,3,2,2,3,1,1,4,2,1
74af8f09,England,English,Psychology,1st Year,18-21,Female/Woman,I do not have an SpLD,3,4,4,2,5,3,5,3,5,4,3,3,2,3
75b604c5,England,English,Psychology,2nd Year,18-21,Female/Woman,Dyslexia,4,3,4,3,4,3,5,5,3,3,3,3,3,3
76b2dbfa,England,English,Psychology,2nd Year,18-21,Female/Woman,I do not have an SpLD,4,3,3,2,5,3,5,3,5,5,5,3,3,4
773db286,England,English,Psychology,3rd Year,18-21,Female/Woman,I do not have an SpLD,3,2,2,1,3,1,3,2,4,4,4,2,2,2
7757b654,England,English,Psychology,1st Year,18-21,Female/Woman,I do not have an SpLD,3,1,1,1,3,1,4,1,4,3,2,2,2,2
7867b2a0,England,English,Psychology,1st Year,18-21,Female/Woman,I do not have an SpLD,4,2,2,2,4,1,4,1,5,2,2,2,2,2
78c6df5d,England,English,Psychology,2nd Year,18-21,Male/Man,NA,4,3,3,3,5,2,4,3,3,4,4,3,2,4
7a76b51f,England,English,Psychology,1st Year,18-21,Female/Woman,NA,5,3,3,4,5,3,5,5,4,5,5,4,4,5
7a78966f,England,English,Psychology,2nd Year,18-21,Female/Woman,I do not have an SpLD,2,5,5,4,4,1,4,2,2,1,4,3,1,5
7b80b38d,England,English,Psychology,1st Year,18-21,Female/Woman,NA,5,4,5,4,5,3,5,5,4,5,5,5,4,5
7cb630c8,England,English,Psychology,1st Year,18-21,Female/Woman,I do not have an SpLD,3,2,3,1,4,1,4,3,3,1,3,3,5,1
7ccff319,England,English,Psychology,1st Year,18-21,Female/Woman,I do not have an SpLD,3,2,3,1,4,2,3,2,2,2,2,1,3,4
7cf200f7,England,English,Psychology,1st Year,18-21,Female/Woman,NA,4,4,3,3,3,1,5,3,5,4,4,3,3,2
7d428f58,England,English,Psychology,2nd Year,18-21,Female/Woman,I do not have an SpLD,2,2,3,1,3,1,3,3,2,4,4,2,2,2
7f0d531a,England,English,Psychology,1st Year,18-21,Female/Woman,NA,2,3,3,2,3,2,4,3,5,3,2,2,4,2
7f7c3667,England,English,Psychology,1st Year,18-21,Male/Man,I do not have an SpLD,1,2,1,1,3,1,2,2,3,2,3,2,2,3
7f8f88bf,England,English,Psychology,1st Year,18-21,Female/Woman,I do not have an SpLD,5,3,3,4,4,2,4,4,5,4,5,4,4,4
7fd5c671,England,English,Psychology,1st Year,18-21,Female/Woman,NA,2,1,2,1,3,3,2,2,2,2,2,3,2,1
7ff57099,England,English,Psychology,1st Year,18-21,Female/Woman,I do not have an SpLD,4,4,4,3,4,1,4,3,4,3,4,4,2,2
7ffcd7c1,England,English,Psychology,1st Year,18-21,Male/Man,I do not have an SpLD,1,1,1,1,3,1,3,1,3,2,2,1,3,2
8166160f,England,English,Psychology,1st Year,18-21,Female/Woman,I do not have an SpLD,5,2,5,2,5,3,4,4,1,5,4,4,2,4
81f5b95b,England,English,Psychology,1st Year,18-21,Female/Woman,I do not have an SpLD,5,2,2,2,4,2,5,1,4,2,2,3,3,1
82315cfb,England,English,Psychology,2nd Year,18-21,Female/Woman,I do not have an SpLD,5,4,5,3,5,2,5,5,5,5,5,5,3,4
824a0867,England,English,Psychology,1st Year,18-21,Female/Woman,I do not have an SpLD,2,3,3,3,4,3,4,1,4,2,2,3,2,2
82f1901f,England,English,Psychology,1st Year,18-21,Female/Woman,I do not have an SpLD,5,3,4,4,5,3,5,4,5,3,3,5,5,4
83fb55d4,England,English,Psychology,1st Year,18-21,Female/Woman,I do not have an SpLD,5,3,3,3,5,3,5,4,5,4,4,3,5,3
844bbf33,England,English,Psychology,1st Year,18-21,Female/Woman,I do not have an SpLD,1,3,3,3,4,1,3,3,2,2,4,2,3,2
846380fc,England,English,Psychology,1st Year,18-21,Female/Woman,I do not have an SpLD,3,1,1,1,3,1,4,1,5,3,3,1,3,2
84a0f245,England,English,Psychology,1st Year,18-21,Female/Woman,I do not have an SpLD,4,3,4,4,5,1,5,3,4,2,3,4,4,2
85173ff8,England,English,Psychology,1st Year,18-21,Another Gender,I do not have an SpLD,4,4,3,4,5,3,5,4,5,4,4,4,5,4
85a2c1f3,England,English,Psychology,2nd Year,18-21,Female/Woman,NA,5,4,5,5,5,3,4,4,5,5,5,4,5,5
866d22db,England,English,Psychology,1st Year,18-21,Female/Woman,Other - Autism Spectrum Disorder,3,2,2,2,5,4,5,2,5,3,2,4,4,2
89fd1fd8,England,English,Psychology,2nd Year,18-21,Female/Woman,I do not have an SpLD,4,5,4,4,5,1,5,5,5,4,4,5,2,3
8bc4cf7b,England,English,Psychology,1st Year,22-25,Female/Woman,I do not have an SpLD,5,3,1,3,5,1,5,5,5,4,4,3,5,3
8bf98c4a,England,English,Psychology,3rd Year,18-21,Female/Woman,I do not have an SpLD,2,4,4,2,4,2,4,3,4,2,3,3,2,2
8c83690a,England,English,Psychology,2nd Year,18-21,Female/Woman,I do not have an SpLD,3,3,3,3,5,3,5,3,5,4,4,3,3,4
8cb56cac,England,English,Psychology,1st Year,18-21,Female/Woman,I do not have an SpLD,5,3,3,4,4,2,5,4,5,5,4,5,4,2
8cdf1d1f,England,English,Psychology,2nd Year,18-21,Female/Woman,I do not have an SpLD,5,3,3,3,5,1,5,3,5,4,4,3,4,5
8cf70add,England,English,Psychology,1st Year,18-21,Male/Man,I do not have an SpLD,5,1,2,1,5,1,5,3,5,1,1,2,1,1
8d6f56d0,England,English,Psychology,1st Year,18-21,Female/Woman,I do not have an SpLD,3,2,4,2,4,3,4,2,4,4,3,2,4,4
8dbdf254,England,English,Psychology,1st Year,18-21,Female/Woman,I do not have an SpLD,5,4,4,4,5,4,5,4,5,5,5,5,5,5
8fd8ffff,England,English,Psychology,2nd Year,22-25,Male/Man,I do not have an SpLD,2,1,2,1,3,1,3,1,3,2,3,1,1,3
9096c24f,England,English,Psychology,1st Year,18-21,Female/Woman,I do not have an SpLD,3,2,3,2,4,2,4,2,4,4,3,2,4,3
917fb34b,England,English,Psychology,1st Year,18-21,Female/Woman,I do not have an SpLD,3,2,2,1,4,1,5,2,4,3,4,3,1,2
92234fa7,England,English,Psychology,1st Year,18-21,Female/Woman,I do not have an SpLD,5,2,5,2,5,2,5,1,5,5,5,4,5,4
92735ac0,England,English,Psychology,2nd Year,18-21,Female/Woman,I do not have an SpLD,3,4,4,3,4,2,3,4,4,3,4,4,4,3
931a6a1a,England,English,Psychology,2nd Year,18-21,Female/Woman,I do not have an SpLD,5,3,4,3,5,2,4,3,5,5,5,3,5,4
93c8f973,England,English,Psychology,1st Year,18-21,Female/Woman,I do not have an SpLD,1,1,1,1,2,1,2,1,3,1,1,1,1,1
94dcb1b8,England,English,Psychology,1st Year,18-21,Female/Woman,I do not have an SpLD,5,2,2,1,5,3,5,1,5,5,5,1,5,4
951f58cf,England,English,Psychology,1st Year,18-21,Female/Woman,I do not have an SpLD,3,2,3,1,3,2,4,2,4,3,3,3,3,3
95462a33,England,English,Psychology,1st Year,18-21,Female/Woman,I do not have an SpLD,4,4,4,3,4,1,4,3,4,3,3,4,2,3
958afbf5,England,English,Psychology,1st Year,18-21,Male/Man,NA,4,3,4,3,5,2,5,4,5,3,3,3,4,3
9691d7d9,England,English,Psychology,1st Year,22-25,Female/Woman,I do not have an SpLD,1,1,1,1,2,2,2,2,2,1,2,2,1,2
96abdf54,England,English,Psychology,1st Year,18-21,Female/Woman,I do not have an SpLD,3,3,3,3,4,1,4,3,4,3,3,3,3,3
994dc62f,England,English,Psychology,1st Year,18-21,Female/Woman,I do not have an SpLD,3,1,2,1,4,1,4,1,3,3,3,1,2,2
99cc9aa1,England,English,Psychology,1st Year,18-21,Male/Man,I do not have an SpLD,4,4,4,3,2,2,5,2,2,4,4,4,2,4
9a545df6,England,English,Psychology,1st Year,18-21,Male/Man,NA,4,1,1,1,5,1,5,1,5,1,1,1,3,1
9b20317f,England,English,Psychology,1st Year,18-21,Female/Woman,I do not have an SpLD,5,3,3,3,5,3,5,4,5,4,4,4,3,3
9b51b734,England,English,Psychology,1st Year,18-21,Female/Woman,I do not have an SpLD,4,3,4,3,5,2,4,2,4,5,4,3,4,2
9dc4aff0,England,English,Psychology,1st Year,18-21,Female/Woman,I do not have an SpLD,1,4,2,4,4,2,1,1,2,3,3,4,1,3
9fd528f5,England,English,Psychology,2nd Year,18-21,Female/Woman,I do not have an SpLD,3,2,2,1,4,1,4,2,3,2,2,1,3,2
9ffff3d0,England,English,Psychology,1st Year,18-21,Female/Woman,I do not have an SpLD,3,2,2,3,3,2,3,2,2,3,2,2,2,2
a01caaa5,England,English,Psychology,1st Year,18-21,Female/Woman,I do not have an SpLD,4,5,5,3,5,2,5,5,4,3,4,5,5,4
a01f9ba7,England,English,Psychology,2nd Year,18-21,Female/Woman,I do not have an SpLD,2,2,2,1,3,1,5,4,4,3,3,1,2,3
a0f79f04,England,English,Psychology,2nd Year,18-21,Female/Woman,I do not have an SpLD,2,1,2,1,3,2,5,2,1,3,3,1,3,3
a10f9b40,England,English,Psychology,2nd Year,18-21,Male/Man,I do not have an SpLD,3,3,4,2,4,1,3,3,3,3,2,4,2,3
a1532461,England,English,Psychology,2nd Year,18-21,Female/Woman,NA,3,2,2,1,5,1,3,2,3,1,1,1,3,2
a160432b,England,English,Psychology,1st Year,18-21,Female/Woman,I do not have an SpLD,3,3,2,4,3,1,5,3,5,2,5,4,3,3
a5c7f29d,England,English,Psychology,1st Year,18-21,Female/Woman,I do not have an SpLD,4,3,3,3,5,3,4,3,4,3,3,3,3,3
a626c5ff,England,English,Psychology,1st Year,18-21,Female/Woman,I do not have an SpLD,3,3,4,4,2,4,5,4,2,2,2,4,2,1
a76bf702,England,English,Psychology,2nd Year,22-25,Female/Woman,I do not have an SpLD,3,5,5,5,5,2,5,5,4,5,5,5,5,4
a7d1553c,England,English,Psychology,4th Year,18-21,Male/Man,I do not have an SpLD,2,1,2,3,3,1,3,1,4,4,2,3,2,3
a8a973a2,England,English,Psychology,1st Year,18-21,Female/Woman,I do not have an SpLD,4,5,4,3,4,4,5,3,2,5,5,4,4,3
a8c201f7,England,English,Psychology,2nd Year,18-21,Male/Man,I do not have an SpLD,2,3,2,2,4,1,2,2,3,1,1,2,2,1
a921bc09,England,English,Psychology,1st Year,18-21,Female/Woman,I do not have an SpLD,4,2,2,3,4,1,5,2,5,4,3,3,3,3
a9fd7733,England,English,Psychology,1st Year,18-21,Female/Woman,I do not have an SpLD,3,3,5,5,4,1,3,5,2,5,5,5,3,5
abacff5a,England,English,Psychology,2nd Year,18-21,Female/Woman,I do not have an SpLD,5,4,5,3,5,1,5,5,5,5,5,4,5,5
ac01b358,England,English,Psychology,1st Year,18-21,Female/Woman,I do not have an SpLD,3,2,2,1,5,1,5,1,3,2,3,2,2,2
ac7f16ab,England,English,Psychology,1st Year,18-21,Male/Man,I do not have an SpLD,3,2,3,2,3,3,4,2,3,5,5,3,3,5
ac89da4f,England,English,Psychology,2nd Year,18-21,Female/Woman,I do not have an SpLD,3,4,3,2,4,2,4,4,3,3,5,3,2,2
af2d370c,England,English,Psychology,2nd Year,18-21,Female/Woman,I do not have an SpLD,4,3,3,2,5,1,5,3,3,3,4,2,3,3
b05c8766,England,English,Psychology,1st Year,18-21,Female/Woman,I do not have an SpLD,3,2,2,2,5,1,4,2,4,5,4,2,2,3
b153ab49,England,English,Psychology,1st Year,18-21,Female/Woman,I do not have an SpLD,5,4,5,5,5,2,5,5,5,5,5,5,5,4
b185f897,England,English,Psychology,1st Year,18-21,Female/Woman,I do not have an SpLD,4,2,4,2,5,1,5,2,5,5,5,3,2,5
b2bfbb9b,England,English,Psychology,1st Year,18-21,Female/Woman,"Dyslexia, ADHD/ADD",3,2,3,2,5,1,5,2,3,2,3,2,5,3
b32f92cd,England,English,Psychology,1st Year,18-21,Female/Woman,I do not have an SpLD,1,2,2,1,4,1,3,2,3,4,2,2,2,1
b39b5cf0,England,English,Psychology,2nd Year,26+,Female/Woman,ADHD/ADD,4,1,2,1,5,1,5,2,3,2,2,1,1,1
b4b53b9c,England,English,Psychology,1st Year,18-21,Female/Woman,I do not have an SpLD,3,4,3,3,2,1,3,5,4,4,2,3,3,4
b5fbff5b,England,English,Psychology,1st Year,18-21,Female/Woman,I do not have an SpLD,3,2,3,2,3,3,3,3,3,4,4,3,3,4
b6a3473c,England,English,Psychology,1st Year,18-21,Female/Woman,Other - Undiagnosed ADHD/ADD,3,5,5,3,5,4,5,4,5,5,5,5,3,4
b6b883d7,England,English,Psychology,2nd Year,18-21,Female/Woman,I do not have an SpLD,2,2,2,2,2,1,2,1,2,2,3,2,2,3
b7591812,England,English,Psychology,1st Year,18-21,Male/Man,I do not have an SpLD,2,2,3,3,4,1,5,2,5,4,5,3,2,5
b774f51a,England,English,Psychology,1st Year,18-21,Female/Woman,I do not have an SpLD,4,5,1,2,4,2,2,3,3,2,3,3,2,2
b8d95685,England,English,Psychology,1st Year,18-21,Female/Woman,I do not have an SpLD,4,3,3,2,5,5,5,3,4,3,3,5,4,4
b95a36fd,England,English,Psychology,1st Year,18-21,Female/Woman,NA,3,4,3,3,3,3,4,4,4,2,4,2,2,3
bd1d5231,England,English,Psychology,2nd Year,18-21,Female/Woman,I do not have an SpLD,5,5,3,4,5,3,5,2,5,4,1,4,5,2
bf12df58,England,English,Psychology,1st Year,22-25,Female/Woman,Dyslexia,4,2,4,2,5,2,5,4,5,2,4,4,2,2
bf1b4c58,England,English,Psychology,2nd Year,22-25,Female/Woman,I do not have an SpLD,5,5,4,3,5,2,5,4,3,5,5,4,4,3
bf608df4,England,English,Psychology,1st Year,18-21,Female/Woman,I do not have an SpLD,1,1,1,1,5,1,5,1,1,2,2,1,5,2
bf6b45a9,England,English,Psychology,2nd Year,22-25,Female/Woman,I do not have an SpLD,5,1,2,1,5,4,5,2,5,2,2,2,2,2
bf6f62a9,England,English,Psychology,1st Year,22-25,Female/Woman,I do not have an SpLD,3,2,4,2,4,1,4,5,3,5,3,2,3,3
c07bd550,England,English,Psychology,1st Year,18-21,Female/Woman,I do not have an SpLD,4,4,4,4,5,2,5,1,5,5,4,3,4,3
c0ffb783,England,English,Psychology,1st Year,18-21,Female/Woman,I do not have an SpLD,5,4,3,4,5,2,5,4,5,5,5,5,4,5
c11a6f80,England,English,Psychology,2nd Year,18-21,Female/Woman,I do not have an SpLD,4,5,5,5,4,3,4,4,4,5,5,5,4,5
c1358c9a,England,English,Psychology,2nd Year,18-21,Female/Woman,I do not have an SpLD,4,2,4,1,4,1,4,1,4,1,1,2,3,2
c1fb6441,England,English,Psychology,2nd Year,18-21,Female/Woman,I do not have an SpLD,1,1,2,1,3,1,4,1,3,1,2,1,3,2
c390120d,England,English,Psychology,1st Year,18-21,Female/Woman,I do not have an SpLD,2,1,1,2,3,1,3,1,1,1,1,2,3,2
c412653c,England,English,Psychology,1st Year,18-21,Male/Man,I do not have an SpLD,3,2,2,2,4,1,5,2,4,3,3,2,3,3
c500d5bb,England,English,Psychology,2nd Year,18-21,Female/Woman,I do not have an SpLD,2,2,2,3,3,1,4,2,4,5,2,3,1,2
c6a84198,England,English,Psychology,2nd Year,18-21,Female/Woman,I do not have an SpLD,4,4,2,4,4,2,3,2,3,3,3,4,2,2
c709bc6b,England,English,Psychology,1st Year,18-21,Female/Woman,I do not have an SpLD,5,2,3,2,5,1,5,1,5,3,3,4,4,3
c7523542,England,English,Psychology,1st Year,18-21,Female/Woman,I do not have an SpLD,5,4,4,5,5,4,5,5,5,3,4,5,4,3
ca7f5f7a,England,English,Psychology,1st Year,18-21,Female/Woman,I do not have an SpLD,4,3,3,2,4,3,3,3,3,4,3,3,3,3
caf34021,England,English,Psychology,2nd Year,18-21,Female/Woman,I do not have an SpLD,4,2,3,1,3,1,3,1,3,4,5,2,4,3
cb339774,England,English,Psychology,1st Year,18-21,Female/Woman,I do not have an SpLD,5,4,4,3,5,3,5,4,5,5,4,4,3,4
cbcf2411,England,English,Psychology,1st Year,22-25,Male/Man,I do not have an SpLD,2,1,1,1,2,1,2,1,2,1,1,1,1,1
cc105745,England,English,Psychology,1st Year,18-21,Female/Woman,I do not have an SpLD,4,3,3,3,4,2,4,3,3,2,2,3,4,2
cc5fb7fb,England,English,Psychology,1st Year,18-21,Female/Woman,NA,4,4,4,3,5,3,4,4,5,2,2,4,4,2
ccad1759,England,English,Psychology,2nd Year,22-25,Female/Woman,NA,4,3,1,3,5,2,5,1,4,3,2,3,3,2
ccb2ff05,England,English,Psychology,1st Year,18-21,Female/Woman,"Dyslexia, ADHD/ADD",2,2,2,3,2,3,3,2,4,4,3,3,3,3
cd1a48fc,England,English,Psychology,2nd Year,18-21,Female/Woman,I do not have an SpLD,3,1,1,1,5,1,5,2,5,2,3,1,1,3
cf78c975,England,English,Psychology,2nd Year,18-21,Female/Woman,I do not have an SpLD,4,3,3,2,4,2,4,2,4,4,3,4,5,2
cfa43098,England,English,Psychology,2nd Year,18-21,Female/Woman,Dyslexia,4,4,5,4,5,3,4,5,5,4,4,4,4,4
d04ca191,England,English,Psychology,1st Year,18-21,Female/Woman,I do not have an SpLD,2,2,2,2,2,2,1,3,2,2,3,1,2,3
d0963403,England,English,Psychology,1st Year,18-21,Female/Woman,I do not have an SpLD,4,4,2,4,5,2,4,4,4,3,4,3,5,3
d0f51bcb,England,English,Psychology,1st Year,18-21,Female/Woman,I do not have an SpLD,2,2,2,2,3,1,3,1,2,3,4,2,3,3
d2626c17,England,English,Psychology,1st Year,18-21,Female/Woman,I do not have an SpLD,2,2,3,2,3,4,3,2,3,2,2,2,2,2
d329f0d6,England,English,Psychology,1st Year,18-21,Female/Woman,I do not have an SpLD,4,3,4,3,5,2,5,4,5,4,4,4,4,4
d467d174,England,English,Psychology,1st Year,18-21,Male/Man,NA,4,2,4,2,4,2,4,4,4,4,4,3,4,3
d4f9c27f,England,English,Psychology,1st Year,18-21,Female/Woman,I do not have an SpLD,2,1,1,2,5,1,5,2,4,5,3,2,4,4
d6c1430d,England,English,Psychology,1st Year,18-21,Female/Woman,I do not have an SpLD,5,1,1,1,5,1,5,3,5,5,4,1,5,4
d6f169ac,England,English,Psychology,1st Year,18-21,Female/Woman,I do not have an SpLD,5,3,2,4,5,3,5,5,5,5,5,3,2,5
d76ff3c7,England,English,Psychology,2nd Year,18-21,Female/Woman,I do not have an SpLD,4,3,2,3,5,1,5,3,5,5,5,2,4,5
d789c46d,England,English,Psychology,2nd Year,18-21,Female/Woman,I do not have an SpLD,5,5,4,5,5,2,4,5,3,4,4,5,4,4
d82f7f5f,England,English,Psychology,1st Year,18-21,Female/Woman,I do not have an SpLD,5,4,2,3,4,3,5,3,5,4,4,4,4,4
d88bb081,England,English,Psychology,2nd Year,18-21,Female/Woman,I do not have an SpLD,3,2,2,2,3,2,2,2,4,3,3,2,3,2
d9d76cbc,England,English,Psychology,2nd Year,18-21,Female/Woman,I do not have an SpLD,3,1,1,2,5,1,5,2,3,2,2,2,1,3
d9d9f742,England,English,Psychology,1st Year,18-21,Female/Woman,I do not have an SpLD,3,1,2,1,4,1,4,2,5,2,3,2,1,3
da4dcd94,England,English,Psychology,1st Year,18-21,Female/Woman,NA,5,4,3,3,5,1,4,3,4,2,2,5,4,2
da717fa1,England,English,Psychology,2nd Year,18-21,Male/Man,I do not have an SpLD,2,1,2,2,1,1,4,1,2,2,1,2,1,1
da99dc9a,England,English,Psychology,2nd Year,18-21,Female/Woman,I do not have an SpLD,4,2,4,3,5,1,5,2,5,5,5,2,5,4
daba8d0a,England,English,Psychology,1st Year,18-21,Female/Woman,I do not have an SpLD,5,3,2,2,5,1,5,2,5,5,4,3,5,4
db2df266,England,English,Psychology,2nd Year,18-21,Female/Woman,I do not have an SpLD,1,3,3,3,2,2,4,3,3,3,4,3,4,4
db8224c3,England,English,Psychology,2nd Year,18-21,Female/Woman,I do not have an SpLD,4,3,2,2,5,2,5,3,5,3,2,3,3,1
db8874ba,England,English,Psychology,1st Year,18-21,Male/Man,I do not have an SpLD,3,3,3,3,5,3,4,4,5,4,2,3,4,2
dd13af02,England,English,Psychology,1st Year,18-21,Female/Woman,I do not have an SpLD,5,4,4,3,5,4,4,4,5,4,5,4,4,5
dd48d411,England,English,Psychology,2nd Year,18-21,Female/Woman,I do not have an SpLD,3,4,3,2,5,1,5,2,5,5,4,1,2,3
df380a19,England,English,Psychology,1st Year,18-21,Female/Woman,I do not have an SpLD,5,2,1,1,5,1,5,3,4,4,3,1,1,1
df49a9cf,England,English,Psychology,1st Year,18-21,Male/Man,I do not have an SpLD,2,1,1,1,3,1,1,1,3,1,1,1,1,1
f01d6892,England,English,Psychology,2nd Year,18-21,Female/Woman,I do not have an SpLD,2,3,3,2,4,2,3,2,2,3,3,3,5,2
f087ac04,England,English,Psychology,1st Year,18-21,Female/Woman,NA,5,2,3,2,5,4,4,3,4,3,3,3,3,2
f08a6611,England,English,Psychology,2nd Year,18-21,Female/Woman,I do not have an SpLD,4,2,3,2,4,2,4,3,4,3,3,2,5,2
f0a650d0,England,English,Psychology,1st Year,18-21,Female/Woman,I do not have an SpLD,4,4,4,3,4,4,4,4,5,4,3,4,4,3
f11ab1a8,England,English,Psychology,4th Year,22-25,Male/Man,I do not have an SpLD,1,1,1,1,3,1,3,1,3,2,1,1,1,1
f221b92f,England,English,Psychology,1st Year,18-21,Female/Woman,I do not have an SpLD,2,3,3,3,3,3,4,4,2,2,4,4,3,2
f228c1a7,England,English,Psychology,2nd Year,18-21,Female/Woman,I do not have an SpLD,4,4,4,4,5,2,5,3,5,4,3,4,4,3
f26d8a66,England,English,Psychology,1st Year,18-21,Female/Woman,I do not have an SpLD,4,1,2,1,4,1,5,2,4,4,4,3,2,4
f277901f,England,English,Psychology,2nd Year,18-21,Female/Woman,I do not have an SpLD,2,1,1,1,4,1,4,2,3,1,1,1,1,1
f2b5dc1d,England,English,Psychology,1st Year,18-21,Female/Woman,I do not have an SpLD,4,2,4,2,4,1,5,3,4,1,1,2,3,3
f2d619bf,England,English,Psychology,1st Year,18-21,Male/Man,I do not have an SpLD,4,4,4,4,4,2,4,3,5,3,2,4,2,2
f3f51bc0,England,English,Psychology,1st Year,18-21,Male/Man,ADHD/ADD,3,2,2,2,4,2,4,2,4,2,3,2,2,2
f3f5a6b6,England,English,Psychology,2nd Year,18-21,Female/Woman,I do not have an SpLD,3,3,3,3,4,3,4,3,4,3,3,3,3,3
f415ac17,England,English,Psychology,1st Year,18-21,Another Gender,I do not have an SpLD,4,3,4,2,5,2,4,4,5,5,5,1,2,5
f44f4630,England,English,Psychology,1st Year,18-21,Female/Woman,I do not have an SpLD,4,4,4,4,4,4,3,4,4,5,5,5,3,5
f4647a05,England,English,Psychology,1st Year,18-21,Female/Woman,NA,5,2,4,3,5,2,5,5,5,4,5,3,4,4
f4ff77c1,England,English,Psychology,2nd Year,22-25,Female/Woman,I do not have an SpLD,5,3,3,2,5,5,5,3,5,4,5,2,5,4
f5f650d7,England,English,Psychology,2nd Year,NA,Female/Woman,NA,4,3,4,3,4,1,4,3,5,3,2,3,3,1
f5fb3858,England,English,Psychology,1st Year,18-21,Female/Woman,I do not have an SpLD,2,1,2,1,1,2,2,2,1,2,2,1,1,2
f6528d50,England,English,Psychology,1st Year,18-21,Female/Woman,I do not have an SpLD,4,3,3,2,4,4,3,3,3,5,5,3,5,4
f704a546,England,English,Psychology,2nd Year,18-21,Female/Woman,I do not have an SpLD,2,2,2,1,3,1,3,1,3,1,1,1,3,1
f753d177,England,English,Psychology,1st Year,18-21,Female/Woman,I do not have an SpLD,5,2,5,3,5,1,5,5,5,5,5,5,5,5
f76c8076,England,English,Psychology,2nd Year,18-21,Female/Woman,I do not have an SpLD,4,3,1,2,5,2,4,5,3,5,4,2,3,1
f7b1c033,England,English,Psychology,1st Year,22-25,Another Gender,I do not have an SpLD,2,3,2,1,2,1,4,1,3,4,3,1,3,3
f7f6df05,England,English,Psychology,1st Year,18-21,Female/Woman,I do not have an SpLD,5,2,3,1,5,1,5,2,4,1,4,2,4,1
f85adb55,England,English,Psychology,2nd Year,18-21,Female/Woman,I do not have an SpLD,4,5,3,4,5,3,2,2,3,5,2,3,4,2
f8c67f86,England,English,Psychology,4th Year,18-21,Female/Woman,Dyslexia,4,4,5,3,5,2,4,3,4,4,4,4,5,3
f90cfddc,England,English,Psychology,2nd Year,18-21,Male/Man,I do not have an SpLD,4,2,2,2,5,1,5,2,4,3,3,2,4,2
fa772723,England,English,Psychology,2nd Year,18-21,Another Gender,I do not have an SpLD,1,1,2,1,2,2,3,1,1,4,4,2,2,4
fa7ad8ab,England,English,Psychology,2nd Year,18-21,Female/Woman,I do not have an SpLD,1,2,2,5,5,1,5,2,2,1,2,1,4,2
faa26b2d,England,English,Psychology,1st Year,18-21,Female/Woman,I do not have an SpLD,3,2,3,2,3,3,4,3,4,1,1,3,4,1
fb429d52,England,English,Psychology,1st Year,26+,Female/Woman,Dyscalculia,5,4,4,3,5,2,5,5,4,5,5,4,4,4
fba3cca1,England,English,Psychology,1st Year,18-21,Female/Woman,I do not have an SpLD,4,4,3,2,5,2,5,3,5,3,3,3,3,2
fbf85090,England,English,Psychology,1st Year,18-21,Male/Man,I do not have an SpLD,4,4,4,4,5,2,5,3,4,4,4,4,3,4
fc36f257,England,English,Psychology,1st Year,22-25,Female/Woman,I do not have an SpLD,5,3,3,5,5,3,5,3,5,3,3,4,4,3
fc462ad3,England,English,Psychology,1st Year,18-21,Male/Man,NA,1,5,5,1,1,1,1,1,1,1,1,1,1,1
fcdfb793,England,English,Psychology,1st Year,18-21,Female/Woman,I do not have an SpLD,3,2,2,2,3,1,4,2,2,5,2,2,5,2
fd037405,England,English,Psychology,2nd Year,22-25,Female/Woman,I do not have an SpLD,4,4,4,5,5,4,4,5,5,5,4,5,4,3
fd0d15fc,England,English,Psychology,1st Year,18-21,Female/Woman,I do not have an SpLD,4,2,2,1,5,1,5,3,4,3,4,2,3,2
fdb1355d,England,English,Psychology,1st Year,18-21,Female/Woman,I do not have an SpLD,4,2,3,3,4,2,4,3,4,3,2,3,3,2
fdd6ff1a,England,English,Psychology,2nd Year,26+,Female/Woman,Dyslexia,4,3,4,3,4,2,4,3,4,3,3,3,3,3
ff3b5a4f,England,English,Psychology,2nd Year,22-25,Female/Woman,NA,4,4,2,3,5,2,4,2,5,4,4,4,4,2
ff63dcfd,England,English,Psychology,2nd Year,18-21,Female/Woman,Dyslexia,4,5,4,5,4,5,5,4,5,5,4,5,4,4
ff6b6997,England,English,Psychology,2nd Year,18-21,Female/Woman,I do not have an SpLD,5,1,1,1,5,1,5,2,5,3,3,2,2,2
ffaa2d0b,England,English,Psychology,2nd Year,18-21,Female/Woman,I do not have an SpLD,4,2,3,2,5,2,4,3,4,4,4,2,5,5
ffb8d445,England,English,Psychology,1st Year,18-21,Female/Woman,Dyslexia,4,2,3,2,5,1,4,3,3,4,3,2,1,3
ffc307a7,England,English,Psychology,1st Year,18-21,Female/Woman,I do not have an SpLD,4,2,2,2,4,2,2,3,2,3,3,2,1,2
ffd1fdb0,England,English,Psychology,1st Year,18-21,Male/Man,I do not have an SpLD,2,2,1,1,2,1,2,2,2,5,3,2,2,3
014c6080,England,English,Psychology,1st Year,26+,Female/Woman,Other - Autism Spectrum Disorder,5,5,2,5,5,4,5,4,4,4,4,5,5,4
0248491f,England,English,Psychology,1st Year,22-25,Female/Woman,I do not have an SpLD,4,5,4,4,5,2,5,4,5,4,5,4,2,5
06c282ab,England,English,Psychology,1st Year,18-21,Female/Woman,I do not have an SpLD,3,1,1,1,3,2,2,3,2,1,1,1,1,1
06d7296a,England,English,Psychology,2nd Year,18-21,Male/Man,I do not have an SpLD,5,5,5,4,5,4,5,5,5,5,5,4,3,5
09ab6dba,England,English,Psychology,1st Year,26+,Female/Woman,I do not have an SpLD,2,2,3,2,5,1,5,2,5,2,3,3,3,1
0b51629b,England,English,Psychology,1st Year,26+,Female/Woman,I do not have an SpLD,4,3,3,4,4,1,4,1,4,1,2,3,4,2
0f5f1aa1,England,English,Psychology,2nd Year,22-25,Female/Woman,I do not have an SpLD,3,2,3,1,4,2,3,3,4,3,2,3,3,1
131986d6,England,English,Psychology,2nd Year,22-25,Female/Woman,"Dyslexia, Dyscalculia, Dysgraphia/Dysorthography, Dyspraxia",5,5,5,5,5,1,5,5,5,5,2,5,5,5
198cf4ba,England,English,Psychology,2nd Year,22-25,Female/Woman,I do not have an SpLD,3,2,3,2,3,2,1,3,4,2,3,2,2,3
1fd29f3c,England,English,Psychology,2nd Year,22-25,Female/Woman,Other - Autism Spectrum Disorder,2,1,4,1,5,1,5,4,5,1,1,1,5,2
1ff8fa7f,England,English,Psychology,2nd Year,18-21,Female/Woman,I do not have an SpLD,5,4,4,4,5,1,5,5,5,5,5,4,5,4
2922b1f7,England,English,Psychology,1st Year,18-21,Female/Woman,I do not have an SpLD,3,3,2,3,4,2,3,4,3,5,5,3,2,5
2ac12fb0,England,English,Psychology,3rd Year,18-21,Female/Woman,I do not have an SpLD,1,5,4,4,2,1,2,4,2,1,2,4,3,2
2dd1cd63,England,English,Psychology,2nd Year,18-21,Male/Man,I do not have an SpLD,3,3,2,3,4,1,4,2,3,3,2,2,3,4
2f50cc8f,England,English,Psychology,1st Year,18-21,Female/Woman,I do not have an SpLD,4,3,4,3,5,4,5,4,5,4,4,4,4,4
2f660fd4,England,English,Psychology,1st Year,18-21,Female/Woman,I do not have an SpLD,3,3,2,2,5,1,4,4,5,4,4,3,4,4
313a8f75,England,English,Psychology,3rd Year,22-25,Female/Woman,I do not have an SpLD,2,2,1,1,2,2,3,1,3,2,3,2,2,2
355f5b8d,England,English,Psychology,1st Year,26+,Male/Man,I do not have an SpLD,4,4,4,4,5,5,5,1,5,5,5,4,4,5
36f1d966,England,English,Psychology,1st Year,18-21,Female/Woman,I do not have an SpLD,3,2,3,1,3,1,4,2,4,2,2,1,2,1
3780917d,England,English,Psychology,2nd Year,18-21,Female/Woman,I do not have an SpLD,4,4,5,2,5,2,5,3,5,2,3,3,5,2
41b4583a,England,English,Psychology,NA,NA,NA,NA,4,5,4,3,5,3,5,4,5,5,3,4,3,3
4682f79b,England,English,Psychology,1st Year,18-21,Female/Woman,I do not have an SpLD,3,3,2,3,4,3,2,3,3,2,3,3,2,3
47294579,England,English,Psychology,2nd Year,26+,Female/Woman,I do not have an SpLD,2,3,3,2,3,3,2,4,3,4,2,4,4,2
4f9489b6,England,English,Psychology,2nd Year,18-21,Female/Woman,I do not have an SpLD,2,5,4,4,3,3,4,3,5,4,2,3,4,2
542afba0,England,English,Psychology,1st Year,26+,Female/Woman,NA,4,3,2,3,4,2,4,3,4,2,2,3,3,2
5790392b,England,English,Psychology,1st Year,26+,Female/Woman,Other - Redacted,5,3,5,5,5,3,5,5,5,4,5,4,5,4
5b22da02,England,English,Psychology,1st Year,18-21,Female/Woman,I do not have an SpLD,5,5,5,5,5,5,4,5,4,4,4,5,5,4
5b9f3bf6,England,English,Psychology,2nd Year,26+,Female/Woman,I do not have an SpLD,3,4,4,4,5,3,1,3,5,5,3,4,3,2
5d92479f,England,English,Psychology,2nd Year,26+,Female/Woman,I do not have an SpLD,4,2,3,3,4,2,4,2,4,3,2,4,2,2
5f995377,England,English,Psychology,1st Year,22-25,Female/Woman,I do not have an SpLD,4,4,4,4,4,4,4,5,4,5,5,4,5,5
61d7cd03,England,English,Psychology,3rd Year,26+,Male/Man,I do not have an SpLD,3,3,3,2,2,1,4,3,5,1,1,2,2,1
63a1b2c0,England,English,Psychology,1st Year,18-21,Female/Woman,I do not have an SpLD,1,4,3,4,3,1,1,4,1,1,2,5,1,1
65f9f67b,England,English,Psychology,1st Year,26+,Female/Woman,I do not have an SpLD,3,3,4,3,5,3,4,4,4,3,2,3,3,3
665634f4,England,English,Psychology,2nd Year,18-21,Female/Woman,I do not have an SpLD,4,2,3,1,4,1,5,1,4,5,3,2,4,3
6f4747cc,England,English,Psychology,1st Year,18-21,Female/Woman,I do not have an SpLD,5,5,5,4,5,1,5,4,5,3,3,4,5,3
6f61065c,England,English,Psychology,2nd Year,26+,Female/Woman,I do not have an SpLD,5,2,2,2,5,1,5,5,5,5,4,3,5,5
71c0046f,England,English,Psychology,2nd Year,18-21,Female/Woman,I do not have an SpLD,4,2,4,3,5,1,5,4,5,3,3,4,4,3
751a7fc5,England,English,Psychology,1st Year,18-21,Female/Woman,Dyslexia,3,2,3,3,5,3,5,2,5,2,2,3,2,2
793fcc18,England,English,Psychology,1st Year,18-21,Female/Woman,"Dyslexia, Dyspraxia",4,4,4,4,4,4,5,4,5,4,4,4,5,4
79c0ff04,England,English,Psychology,1st Year,22-25,Female/Woman,I do not have an SpLD,3,1,1,1,3,1,3,1,3,1,1,1,3,1
7a709f5d,England,English,Psychology,3rd Year,26+,Female/Woman,NA,4,3,3,3,5,2,5,3,5,4,4,3,2,2
7d6fb114,England,English,Psychology,1st Year,18-21,Female/Woman,NA,5,3,4,3,4,3,3,3,4,3,4,3,5,3
7f25804d,England,English,Psychology,NA,NA,NA,NA,4,4,4,3,3,2,4,5,4,2,2,4,2,3
937634f9,England,English,Psychology,1st Year,26+,Female/Woman,I do not have an SpLD,4,4,5,5,5,5,5,5,4,5,5,5,5,5
9430a246,England,English,Psychology,2nd Year,26+,Female/Woman,Dyslexia,5,5,5,5,5,4,5,5,5,4,5,5,5,5
957b7b1d,England,English,Psychology,1st Year,18-21,Female/Woman,I do not have an SpLD,5,4,5,4,4,1,5,5,5,5,5,4,4,5
963603af,England,English,Psychology,2nd Year,18-21,Female/Woman,I do not have an SpLD,3,4,4,3,4,2,4,4,5,1,3,3,5,1
9f2c629f,England,English,Psychology,1st Year,22-25,Female/Woman,I do not have an SpLD,3,3,4,3,4,3,5,4,4,2,3,3,2,2
a07dc168,England,English,Psychology,2nd Year,18-21,Male/Man,I do not have an SpLD,3,3,2,3,4,3,2,2,2,5,4,4,4,2
a5fc4685,England,English,Psychology,3rd Year,26+,Female/Woman,Dyslexia,3,5,2,5,3,2,3,5,3,2,2,5,2,1
a6d793dd,England,English,Psychology,1st Year,18-21,Female/Woman,Dyslexia,4,3,3,1,4,4,3,3,3,1,1,4,3,2
adb8436f,England,English,Psychology,2nd Year,18-21,Male/Man,I do not have an SpLD,4,3,2,2,4,1,5,3,5,4,4,3,5,4
b09daff8,England,English,Psychology,2nd Year,26+,Female/Woman,I do not have an SpLD,4,3,3,4,5,1,5,3,5,4,4,3,4,4
b1777bd7,England,English,Psychology,2nd Year,26+,Female/Woman,I do not have an SpLD,5,4,2,4,5,1,5,2,5,2,2,5,2,3
b3138a7b,England,English,Psychology,3rd Year,18-21,Female/Woman,Other - Autism Spectrum Disorder,4,3,4,3,5,2,4,4,4,4,4,4,5,4
b7c4712f,England,English,Psychology,2nd Year,18-21,Male/Man,I do not have an SpLD,4,2,2,1,4,1,2,1,5,3,3,2,5,3
b7fc2473,England,English,Psychology,1st Year,26+,Female/Woman,I do not have an SpLD,5,5,5,2,5,3,5,3,5,3,4,5,5,4
bb8f6f52,England,English,Psychology,3rd Year,26+,Female/Woman,I do not have an SpLD,2,4,4,3,2,2,2,2,2,2,2,3,2,2
bc4cc5fd,England,English,Psychology,1st Year,18-21,Female/Woman,I do not have an SpLD,3,4,2,3,4,4,2,4,4,3,3,4,3,4
bfa0df7c,England,English,Psychology,1st Year,18-21,Female/Woman,I do not have an SpLD,3,2,2,2,3,2,3,1,3,2,2,3,3,3
c216212a,England,English,Psychology,2nd Year,26+,Female/Woman,I do not have an SpLD,5,5,5,5,5,1,5,5,5,5,5,5,5,5
c7347a0f,England,English,Psychology,2nd Year,26+,Female/Woman,Dyslexia,5,4,1,4,5,1,5,3,5,2,4,2,1,1
cd864c69,England,English,Psychology,2nd Year,18-21,Female/Woman,I do not have an SpLD,2,2,2,1,3,1,4,3,3,2,2,2,1,2
d7daf7bd,England,English,Psychology,2nd Year,18-21,Female/Woman,I do not have an SpLD,5,3,4,3,4,2,5,5,4,5,4,4,4,4
d8c08d7c,England,English,Psychology,2nd Year,18-21,Male/Man,NA,3,1,1,1,4,1,3,1,3,5,3,1,1,2
da8f21b3,England,English,Psychology,1st Year,26+,Female/Woman,I do not have an SpLD,3,1,1,1,4,1,4,1,4,2,2,2,1,2
dcdbc691,England,English,Psychology,1st Year,18-21,Female/Woman,NA,4,5,4,3,5,3,5,5,5,4,4,4,5,4
f04f9c74,England,English,Psychology,1st Year,26+,Female/Woman,Other - Undiagnosed Non-Specific,3,5,5,5,5,1,5,5,5,5,5,5,5,4
f4b896f4,England,English,Psychology,1st Year,18-21,Female/Woman,I do not have an SpLD,3,3,3,3,4,3,4,3,4,4,4,3,3,4
f56c301a,England,English,Psychology,1st Year,26+,Female/Woman,I do not have an SpLD,2,4,3,3,5,1,5,2,5,2,2,3,3,2
f71fda31,England,English,Psychology,1st Year,26+,Female/Woman,I do not have an SpLD,4,3,3,3,5,1,5,4,4,3,3,3,3,2
f8a20208,England,English,Psychology,2nd Year,18-21,Female/Woman,I do not have an SpLD,4,2,2,2,4,2,5,3,5,3,4,2,4,3
f8c7776a,England,English,Psychology,1st Year,18-21,Female/Woman,I do not have an SpLD,2,2,2,3,2,3,2,2,2,1,3,2,3,3
fa62d2ca,England,English,Psychology,2nd Year,18-21,Female/Woman,I do not have an SpLD,4,4,3,5,5,4,5,5,5,4,2,4,2,2
fbf6ab7f,England,English,Psychology,1st Year,18-21,Female/Woman,I do not have an SpLD,4,3,4,2,3,4,5,4,3,5,5,3,3,5
fc561ab7,England,English,Psychology,2nd Year,22-25,Female/Woman,I do not have an SpLD,3,4,2,2,5,1,5,1,5,4,2,1,4,2
fffabc84,England,English,Psychology,2nd Year,26+,Male/Man,I do not have an SpLD,2,3,2,2,2,1,2,2,2,1,2,2,3,2
18f0f311,China,Non-English,Psychology,NA,NA,NA,NA,1,2,1,2,2,2,1,3,1,2,2,1,1,1
306fbff9,China,Non-English,Social Sciences,4th Year,18-21,Female/Woman,I do not have an SpLD,2,2,2,2,2,2,2,2,2,2,2,2,3,2
347a8b93,China,Non-English,Psychology,2nd Year,18-21,Female/Woman,I do not have an SpLD,2,2,2,2,2,1,2,2,2,4,3,2,2,2
3613408f,China,Non-English,Business & Finance,4th Year,22-25,Female/Woman,I do not have an SpLD,3,4,2,3,3,3,3,4,3,4,3,3,2,2
3b53010d,China,Non-English,Business & Finance,4th Year,18-21,Female/Woman,I do not have an SpLD,4,2,3,2,4,2,4,3,4,2,2,2,3,3
48a0ff29,China,Non-English,Business & Finance,4th Year,22-25,Male/Man,I do not have an SpLD,2,2,1,1,2,1,3,2,2,2,2,2,2,2
63602955,China,Non-English,Education,4th Year,18-21,Female/Woman,I do not have an SpLD,3,3,3,3,4,2,3,2,3,2,2,2,2,2
67c08522,China,Non-English,Education,4th Year,18-21,Female/Woman,I do not have an SpLD,3,3,2,4,4,1,3,4,2,2,2,4,2,2
7149dbb8,China,Non-English,Social Sciences,4th Year,18-21,Female/Woman,I do not have an SpLD,4,5,5,5,5,2,5,3,5,3,4,5,3,2
78d79f00,China,Non-English,Psychology,4th Year,18-21,Male/Man,I do not have an SpLD,1,1,1,3,1,1,2,1,1,1,1,1,1,1
8aa53f25,China,Non-English,Psychology,4th Year,18-21,Female/Woman,I do not have an SpLD,4,2,1,1,4,1,3,3,3,2,1,3,1,2
90fdfbf1,China,Non-English,Education,4th Year,18-21,Female/Woman,I do not have an SpLD,2,2,1,2,5,2,4,2,4,2,2,4,1,2
96d29397,China,Non-English,Education,4th Year,18-21,Female/Woman,I do not have an SpLD,4,3,3,3,4,1,5,3,4,2,2,2,2,1
9baf5f89,China,Non-English,Business & Finance,4th Year,18-21,Female/Woman,I do not have an SpLD,2,2,2,2,2,1,2,2,2,1,2,2,1,2
baf0776f,China,Non-English,Psychology,3rd Year,18-21,Female/Woman,I do not have an SpLD,4,3,2,3,5,2,5,2,3,5,4,4,5,3
cc5f0fdc,China,Non-English,Business & Finance,4th Year,18-21,Female/Woman,I do not have an SpLD,3,3,4,3,4,2,3,2,4,2,3,3,3,3
ccff362c,China,Non-English,Psychology,4th Year,18-21,Female/Woman,I do not have an SpLD,4,3,2,2,3,1,2,3,2,1,1,3,1,1
cf07ca55,China,Non-English,Psychology,3rd Year,22-25,Female/Woman,I do not have an SpLD,2,3,3,2,2,3,2,3,3,2,2,2,2,2
d6b2b06a,China,Non-English,Business & Finance,NA,18-21,Male/Man,NA,3,4,3,2,3,3,3,2,4,2,4,2,3,3
f9fffff0,China,Non-English,Education,4th Year,18-21,Female/Woman,I do not have an SpLD,1,2,1,2,4,1,2,1,2,2,1,3,1,1
faf6a36f,China,Non-English,Psychology,NA,22-25,Female/Woman,I do not have an SpLD,2,3,2,2,3,2,2,1,2,1,3,1,2,2
025aada5,Netherlands,Non-English,Psychology,1st Year,18-21,Female/Woman,I do not have an SpLD,3,4,2,5,5,3,4,2,4,2,2,4,4,2
027b63dd,Netherlands,Non-English,Psychology,1st Year,18-21,Female/Woman,I do not have an SpLD,3,4,4,4,5,2,5,3,4,3,3,2,3,3
02854fa4,Netherlands,Non-English,Psychology,1st Year,22-25,Female/Woman,I do not have an SpLD,1,2,2,3,3,2,2,2,1,2,3,2,3,2
04003a42,Netherlands,Non-English,Psychology,1st Year,18-21,Female/Woman,Dyslexia,4,4,4,3,4,1,3,4,4,2,2,3,2,2
086fa3c1,Netherlands,Non-English,Psychology,1st Year,18-21,Female/Woman,I do not have an SpLD,4,5,3,5,4,2,5,4,4,2,3,5,3,2
08cf5f8f,Netherlands,Non-English,Psychology,1st Year,18-21,Female/Woman,I do not have an SpLD,3,4,2,3,4,2,4,3,3,1,1,4,3,1
091aa7fc,Netherlands,Non-English,Psychology,1st Year,18-21,Female/Woman,I do not have an SpLD,3,4,2,1,4,3,3,2,4,2,2,4,2,2
09bf71f5,Netherlands,Non-English,Psychology,1st Year,18-21,Female/Woman,I do not have an SpLD,3,2,4,1,4,1,3,1,5,3,4,2,4,4
0a418c5b,Netherlands,Non-English,Psychology,1st Year,18-21,Female/Woman,I do not have an SpLD,3,1,1,1,5,1,5,2,4,1,1,2,3,1
0bf1d728,Netherlands,Non-English,Psychology,1st Year,18-21,Female/Woman,I do not have an SpLD,5,2,3,2,5,1,5,2,5,3,2,2,4,2
0c4f7a0c,Netherlands,Non-English,Psychology,1st Year,18-21,Female/Woman,I do not have an SpLD,4,2,2,3,4,4,5,3,4,2,2,2,5,1
0f6801b1,Netherlands,Non-English,Psychology,1st Year,18-21,Female/Woman,I do not have an SpLD,2,3,3,3,3,3,3,2,2,2,2,3,1,2
100bb5cd,Netherlands,Non-English,Psychology,1st Year,18-21,Female/Woman,I do not have an SpLD,4,5,4,5,5,2,5,3,5,3,2,5,4,3
103fb9fd,Netherlands,Non-English,Psychology,1st Year,18-21,Female/Woman,I do not have an SpLD,3,4,3,4,4,1,5,3,4,3,4,3,4,2
1241794f,Netherlands,Non-English,Psychology,1st Year,18-21,Female/Woman,I do not have an SpLD,3,3,4,3,5,1,5,2,5,3,2,4,3,3
14827bfb,Netherlands,Non-English,Psychology,1st Year,18-21,Female/Woman,I do not have an SpLD,2,3,2,3,3,4,2,3,4,1,1,4,2,1
1764c990,Netherlands,Non-English,Psychology,1st Year,18-21,Female/Woman,I do not have an SpLD,1,1,2,1,3,1,4,2,4,1,1,1,3,1
17f72dbf,Netherlands,Non-English,Psychology,1st Year,18-21,Female/Woman,I do not have an SpLD,3,3,2,3,4,1,3,1,4,2,2,3,3,1
18fbd03a,Netherlands,Non-English,Psychology,1st Year,18-21,Female/Woman,I do not have an SpLD,2,3,3,3,4,1,5,3,4,2,2,3,1,2
1b3ff7cd,Netherlands,Non-English,Psychology,1st Year,18-21,Female/Woman,I do not have an SpLD,3,2,1,2,5,1,4,1,5,1,1,2,3,1
1dfc9ac2,Netherlands,Non-English,Psychology,1st Year,18-21,Female/Woman,I do not have an SpLD,4,2,3,2,5,2,4,2,5,3,3,2,2,3
1f95047f,Netherlands,Non-English,Psychology,1st Year,NA,Female/Woman,I do not have an SpLD,3,3,3,3,4,1,4,2,4,4,4,3,3,4
208ddc08,Netherlands,Non-English,Psychology,2nd Year,22-25,Female/Woman,I do not have an SpLD,4,3,4,4,5,1,1,2,5,4,3,4,5,1
229371f0,Netherlands,Non-English,Psychology,1st Year,18-21,Female/Woman,I do not have an SpLD,2,2,2,2,4,1,4,2,2,4,3,2,2,3
246bcdd6,Netherlands,Non-English,Psychology,1st Year,26+,Male/Man,I do not have an SpLD,1,4,3,2,3,1,3,2,2,2,2,1,1,2
269d1f46,Netherlands,Non-English,Psychology,1st Year,18-21,Female/Woman,I do not have an SpLD,4,4,3,4,4,3,4,3,4,3,3,4,3,3
283d474f,Netherlands,Non-English,Psychology,1st Year,NA,Female/Woman,I do not have an SpLD,3,1,2,1,4,1,4,2,4,3,3,2,1,3
2b0674f1,Netherlands,Non-English,Psychology,1st Year,NA,Female/Woman,I do not have an SpLD,2,3,2,2,3,2,4,2,3,3,2,2,4,2
2bf18fd7,Netherlands,Non-English,Psychology,1st Year,18-21,Female/Woman,I do not have an SpLD,3,1,2,2,5,1,5,1,5,2,2,1,3,2
2f851980,Netherlands,Non-English,Psychology,1st Year,18-21,Female/Woman,I do not have an SpLD,2,2,2,2,3,1,3,2,2,1,1,2,2,1
30bb68fb,Netherlands,Non-English,Psychology,1st Year,18-21,Female/Woman,Dyslexia,4,3,3,3,5,1,5,3,5,4,4,4,5,4
327176b6,Netherlands,Non-English,Psychology,1st Year,18-21,Female/Woman,I do not have an SpLD,1,3,2,2,5,1,3,1,5,2,3,3,2,2
36709681,Netherlands,Non-English,Psychology,1st Year,18-21,Female/Woman,Dyslexia,3,1,3,3,5,1,5,3,5,3,2,2,4,3
39a88c54,Netherlands,Non-English,Psychology,1st Year,18-21,Female/Woman,I do not have an SpLD,5,2,3,3,5,2,5,1,5,3,5,3,4,4
39c2b5d2,Netherlands,Non-English,Psychology,1st Year,18-21,Male/Man,I do not have an SpLD,1,2,1,1,2,1,1,1,1,2,1,1,1,2
3f0f0ac2,Netherlands,Non-English,Psychology,1st Year,18-21,Female/Woman,I do not have an SpLD,2,2,2,2,2,3,3,4,3,1,1,2,1,4
3f9d8407,Netherlands,Non-English,Psychology,1st Year,18-21,Female/Woman,I do not have an SpLD,1,1,2,1,3,1,3,1,3,2,1,1,2,1
417c2a69,Netherlands,Non-English,Psychology,2nd Year,26+,Male/Man,I do not have an SpLD,1,3,2,3,3,1,2,1,2,2,2,3,1,1
440b5009,Netherlands,Non-English,Psychology,1st Year,22-25,Male/Man,I do not have an SpLD,3,2,2,2,3,1,3,2,3,4,3,2,2,4
46027b44,Netherlands,Non-English,Psychology,1st Year,18-21,Male/Man,I do not have an SpLD,3,2,3,2,2,1,2,2,2,3,5,2,2,2
46ff4620,Netherlands,Non-English,Psychology,1st Year,18-21,Female/Woman,I do not have an SpLD,3,4,4,5,5,2,5,4,5,4,3,5,4,3
47d92262,Netherlands,Non-English,Psychology,1st Year,18-21,Female/Woman,I do not have an SpLD,3,1,1,1,4,1,4,2,4,3,3,2,3,2
494ffd2f,Netherlands,Non-English,Psychology,1st Year,18-21,Female/Woman,I do not have an SpLD,3,5,4,4,4,4,4,4,5,2,3,4,4,2
508b1a39,Netherlands,Non-English,Psychology,1st Year,18-21,Female/Woman,I do not have an SpLD,3,2,2,2,3,3,4,2,3,3,2,2,3,2
54259b14,Netherlands,Non-English,Psychology,1st Year,18-21,Female/Woman,I do not have an SpLD,4,4,5,4,5,5,5,5,5,4,4,4,5,3
54596d60,Netherlands,Non-English,Psychology,1st Year,18-21,Female/Woman,I do not have an SpLD,3,3,3,3,3,2,2,3,3,3,3,3,3,2
549b8181,Netherlands,Non-English,Psychology,1st Year,18-21,Male/Man,I do not have an SpLD,1,1,2,1,3,1,2,1,2,3,3,2,1,3
553f4ad5,Netherlands,Non-English,Psychology,3rd Year,22-25,Female/Woman,I do not have an SpLD,4,4,3,4,5,2,5,2,5,4,4,4,5,2
56ffd566,Netherlands,Non-English,Psychology,1st Year,18-21,Female/Woman,Dyslexia,1,1,3,1,5,1,1,1,4,3,3,1,1,3
5727600d,Netherlands,Non-English,Psychology,2nd Year,18-21,Female/Woman,I do not have an SpLD,4,1,2,2,5,1,5,2,5,2,3,2,5,3
5954485c,Netherlands,Non-English,Psychology,1st Year,18-21,Female/Woman,ADHD/ADD,3,3,3,2,5,2,5,2,4,1,2,3,1,1
599c33ff,Netherlands,Non-English,Psychology,1st Year,18-21,Female/Woman,I do not have an SpLD,2,4,4,4,4,2,5,4,5,2,2,4,4,2
59ba9b64,Netherlands,Non-English,Psychology,1st Year,18-21,Female/Woman,I do not have an SpLD,2,3,3,4,4,4,2,1,5,3,3,4,1,3
59baf946,Netherlands,Non-English,Psychology,1st Year,18-21,Female/Woman,I do not have an SpLD,2,2,2,2,3,1,3,4,3,2,2,2,2,3
60d4b552,Netherlands,Non-English,Psychology,1st Year,18-21,Female/Woman,I do not have an SpLD,2,2,1,3,4,1,4,1,3,2,1,3,1,1
666fd000,Netherlands,Non-English,Psychology,1st Year,18-21,Female/Woman,I do not have an SpLD,4,3,4,3,4,3,4,3,4,3,2,4,4,2
68da5955,Netherlands,Non-English,Psychology,1st Year,18-21,Male/Man,I do not have an SpLD,2,2,1,1,2,1,3,1,2,1,1,2,2,1
6dcb2c14,Netherlands,Non-English,Psychology,1st Year,18-21,Female/Woman,I do not have an SpLD,4,3,3,3,4,2,3,2,3,3,4,3,3,3
74908623,Netherlands,Non-English,Psychology,1st Year,18-21,Female/Woman,I do not have an SpLD,2,3,4,2,4,2,4,4,3,2,2,4,2,2
752f306c,Netherlands,Non-English,Psychology,NA,18-21,Male/Man,I do not have an SpLD,2,4,2,4,2,4,3,3,3,4,2,4,2,3
76391ffb,Netherlands,Non-English,Psychology,1st Year,18-21,Female/Woman,I do not have an SpLD,1,1,2,1,3,1,4,2,2,3,3,2,1,3
7793dca4,Netherlands,Non-English,Psychology,1st Year,18-21,Female/Woman,I do not have an SpLD,3,2,2,2,4,1,4,3,4,3,3,2,3,2
77c830d2,Netherlands,Non-English,Psychology,1st Year,18-21,Female/Woman,I do not have an SpLD,3,1,4,1,5,1,5,2,5,2,1,2,4,1
7b3f804c,Netherlands,Non-English,Psychology,1st Year,18-21,Female/Woman,I do not have an SpLD,2,1,1,1,1,2,2,1,3,1,1,1,1,1
7bf98291,Netherlands,Non-English,Psychology,2nd Year,22-25,Male/Man,I do not have an SpLD,2,2,1,2,2,1,3,1,2,2,2,2,3,2
7d640fff,Netherlands,Non-English,Psychology,1st Year,18-21,Female/Woman,I do not have an SpLD,2,1,1,1,4,1,1,2,4,2,2,1,1,1
7f4b52b7,Netherlands,Non-English,Psychology,2nd Year,NA,Male/Man,I do not have an SpLD,5,5,4,5,4,1,4,2,3,3,3,5,5,4
80aa4bf8,Netherlands,Non-English,Psychology,1st Year,18-21,Male/Man,I do not have an SpLD,5,2,2,3,5,2,5,3,5,4,3,3,5,3
84840d3c,Netherlands,Non-English,Psychology,1st Year,18-21,Female/Woman,I do not have an SpLD,4,1,2,3,4,1,4,2,5,3,3,3,3,2
866ff397,Netherlands,Non-English,Psychology,1st Year,18-21,Female/Woman,I do not have an SpLD,4,3,3,3,5,1,4,2,4,3,3,3,2,3
87962bff,Netherlands,Non-English,Psychology,1st Year,18-21,Female/Woman,I do not have an SpLD,1,1,1,1,1,1,1,1,1,1,1,1,1,1
8af62311,Netherlands,Non-English,Psychology,1st Year,18-21,Female/Woman,I do not have an SpLD,5,3,4,4,5,2,5,4,5,2,3,4,5,2
8c8aa3c2,Netherlands,Non-English,Psychology,1st Year,18-21,Female/Woman,I do not have an SpLD,2,2,2,2,3,2,3,2,3,2,2,2,3,2
8f71faff,Netherlands,Non-English,Psychology,1st Year,18-21,Female/Woman,Dyslexia,4,2,2,3,3,2,2,2,4,3,3,3,4,3
8fafc67d,Netherlands,Non-English,Psychology,1st Year,18-21,Female/Woman,I do not have an SpLD,3,2,3,2,5,1,5,2,3,2,2,3,3,2
8fb1264c,Netherlands,Non-English,Psychology,1st Year,18-21,Male/Man,I do not have an SpLD,1,1,1,1,2,1,2,1,2,4,3,1,1,3
8ff67c5d,Netherlands,Non-English,Psychology,2nd Year,22-25,Female/Woman,I do not have an SpLD,3,2,2,1,5,1,4,2,4,1,1,2,3,1
93cf9309,Netherlands,Non-English,Psychology,1st Year,18-21,Female/Woman,I do not have an SpLD,2,3,1,2,4,1,5,2,5,2,1,2,4,1
94ddcd9f,Netherlands,Non-English,Psychology,1st Year,18-21,Female/Woman,I do not have an SpLD,3,1,2,1,4,1,4,2,4,2,2,2,3,1
97dcf2f8,Netherlands,Non-English,Psychology,2nd Year,18-21,Male/Man,I do not have an SpLD,3,3,2,2,4,2,4,2,3,2,2,3,2,1
9986a6ab,Netherlands,Non-English,Psychology,1st Year,18-21,Male/Man,I do not have an SpLD,1,1,1,1,1,1,3,1,4,1,1,1,2,1
9a116baf,Netherlands,Non-English,Psychology,1st Year,18-21,Male/Man,I do not have an SpLD,1,1,2,1,2,1,2,1,2,1,1,1,1,1
9c3dd6ff,Netherlands,Non-English,Psychology,1st Year,18-21,Male/Man,I do not have an SpLD,2,2,1,2,4,1,4,1,5,2,2,2,3,2
9f8a91f2,Netherlands,Non-English,Psychology,1st Year,18-21,Female/Woman,ADHD/ADD,2,1,1,1,3,1,3,1,3,2,2,1,2,2
a1f40942,Netherlands,Non-English,Psychology,1st Year,18-21,Female/Woman,I do not have an SpLD,4,4,4,4,5,4,4,3,5,2,2,4,5,2
a25795fd,Netherlands,Non-English,Psychology,1st Year,18-21,Female/Woman,I do not have an SpLD,2,2,1,1,4,1,4,2,4,1,1,1,2,1
a33d1d15,Netherlands,Non-English,Psychology,1st Year,18-21,Female/Woman,I do not have an SpLD,3,1,2,1,5,1,4,2,3,3,3,1,4,3
a68bb045,Netherlands,Non-English,Psychology,1st Year,18-21,Female/Woman,I do not have an SpLD,3,2,2,2,4,1,4,4,4,3,3,3,3,2
b39a38b0,Netherlands,Non-English,Psychology,1st Year,18-21,Female/Woman,I do not have an SpLD,1,2,2,2,1,1,2,1,1,1,1,2,2,1
b4f52015,Netherlands,Non-English,Psychology,1st Year,18-21,Female/Woman,Dyslexia,2,1,1,3,4,1,4,2,4,1,3,2,1,1
b4fbbadb,Netherlands,Non-English,Psychology,3rd Year,22-25,Male/Man,I do not have an SpLD,2,2,1,3,3,1,2,3,3,2,2,4,2,1
b6385df9,Netherlands,Non-English,Psychology,1st Year,18-21,Female/Woman,ADHD/ADD,2,1,3,1,5,1,5,3,4,4,4,3,4,4
b8775fa4,Netherlands,Non-English,Psychology,1st Year,18-21,Female/Woman,I do not have an SpLD,5,4,3,4,5,3,5,4,5,4,4,4,5,4
b8f17715,Netherlands,Non-English,Psychology,1st Year,18-21,Female/Woman,I do not have an SpLD,4,5,3,5,4,1,4,3,3,2,3,5,3,1
ba3720bd,Netherlands,Non-English,Psychology,1st Year,18-21,Female/Woman,I do not have an SpLD,3,3,2,4,4,3,4,4,4,4,4,4,3,3
c45084c4,Netherlands,Non-English,Psychology,1st Year,18-21,Male/Man,I do not have an SpLD,3,2,2,2,5,1,4,1,5,2,2,3,3,2
c6ba22b5,Netherlands,Non-English,Psychology,1st Year,18-21,Female/Woman,I do not have an SpLD,4,2,1,1,5,1,5,1,5,4,4,1,4,4
cc127caf,Netherlands,Non-English,Psychology,1st Year,18-21,Another Gender,I do not have an SpLD,3,2,3,2,4,1,4,2,5,3,4,3,3,4
cc3a87fd,Netherlands,Non-English,Psychology,1st Year,18-21,Female/Woman,I do not have an SpLD,5,4,3,3,5,1,5,4,5,4,1,3,4,4
cf36ca05,Netherlands,Non-English,Psychology,1st Year,18-21,Female/Woman,I do not have an SpLD,3,3,3,2,5,2,5,4,5,4,4,3,3,3
cfdd3360,Netherlands,Non-English,Psychology,1st Year,18-21,Female/Woman,I do not have an SpLD,3,2,1,2,5,1,1,2,3,2,1,2,4,2
d5278680,Netherlands,Non-English,Psychology,1st Year,18-21,Female/Woman,I do not have an SpLD,3,3,2,3,4,2,4,2,2,4,4,2,3,3
d5d8601f,Netherlands,Non-English,Psychology,1st Year,18-21,Female/Woman,I do not have an SpLD,2,1,1,2,3,1,2,1,3,1,1,2,1,2
d89fb078,Netherlands,Non-English,Psychology,1st Year,18-21,Female/Woman,I do not have an SpLD,2,2,2,3,4,1,4,1,3,1,1,3,5,1
d8d7a381,Netherlands,Non-English,Psychology,1st Year,18-21,Another Gender,I do not have an SpLD,2,2,3,2,4,2,4,2,3,2,2,2,1,3
da402239,Netherlands,Non-English,Psychology,1st Year,18-21,Female/Woman,I do not have an SpLD,1,3,1,2,1,1,1,1,1,1,1,1,4,2
f06290fa,Netherlands,Non-English,Psychology,1st Year,18-21,Female/Woman,I do not have an SpLD,2,2,2,2,3,1,3,1,2,2,3,2,2,2
f09c921b,Netherlands,Non-English,Psychology,1st Year,18-21,Female/Woman,I do not have an SpLD,3,1,2,2,3,1,4,2,3,4,3,2,3,3
f0cc06fd,Netherlands,Non-English,Psychology,1st Year,18-21,Female/Woman,I do not have an SpLD,5,3,2,3,5,3,5,2,5,2,2,3,5,3
f166279d,Netherlands,Non-English,Psychology,1st Year,18-21,Female/Woman,I do not have an SpLD,4,2,2,2,5,3,5,2,5,3,4,2,3,2
f2f083f6,Netherlands,Non-English,Psychology,1st Year,18-21,Female/Woman,I do not have an SpLD,4,2,1,2,5,1,5,2,5,1,3,4,4,3
f456aa3c,Netherlands,Non-English,Psychology,3rd Year,18-21,Male/Man,I do not have an SpLD,1,1,1,1,1,1,2,1,1,1,1,1,1,1
f514ba84,Netherlands,Non-English,Psychology,1st Year,18-21,Female/Woman,I do not have an SpLD,1,1,1,1,2,1,2,1,2,1,1,1,1,1
f54946fc,Netherlands,Non-English,Psychology,1st Year,18-21,Female/Woman,I do not have an SpLD,1,1,2,2,4,1,4,1,4,2,2,2,4,2
f77fa678,Netherlands,Non-English,Psychology,1st Year,18-21,Female/Woman,I do not have an SpLD,4,1,4,4,4,1,5,1,4,2,2,4,3,2
f8fd7a7f,Netherlands,Non-English,Psychology,1st Year,18-21,Female/Woman,I do not have an SpLD,2,1,1,2,2,1,3,1,2,1,1,1,2,1
fa014696,Netherlands,Non-English,Psychology,1st Year,18-21,Female/Woman,I do not have an SpLD,3,1,1,3,4,1,4,2,2,3,2,4,1,1
fa144868,Netherlands,Non-English,Psychology,1st Year,18-21,Female/Woman,I do not have an SpLD,4,2,1,3,5,4,4,1,5,2,2,4,4,2
fb86a9b4,Netherlands,Non-English,Psychology,1st Year,18-21,Female/Woman,I do not have an SpLD,5,4,5,4,5,4,4,4,3,4,4,4,3,3
fbc8aa63,Netherlands,Non-English,Psychology,1st Year,18-21,Female/Woman,I do not have an SpLD,3,3,4,3,4,3,4,3,4,4,4,4,4,4
043d4fcf,Germany,Non-English,Psychology,4th Year,NA,Female/Woman,I do not have an SpLD,2,1,2,1,3,1,3,1,3,2,1,1,1,1
06d8055a,Germany,Non-English,Psychology,1st Year,18-21,Female/Woman,I do not have an SpLD,3,1,1,1,5,1,5,2,5,3,1,1,2,1
06fcadca,Germany,Non-English,Psychology,3rd Year,26+,Female/Woman,I do not have an SpLD,3,1,1,2,5,1,4,1,4,5,1,2,5,1
073d4a40,Germany,Non-English,Psychology,3rd Year,22-25,Female/Woman,I do not have an SpLD,2,1,2,1,5,1,5,1,5,3,1,1,1,1
0a729c05,Germany,Non-English,Psychology,2nd Year,18-21,Female/Woman,I do not have an SpLD,2,4,4,1,5,1,5,3,5,4,3,1,1,2
0b52f9f5,Germany,Non-English,Psychology,1st Year,18-21,Female/Woman,I do not have an SpLD,2,2,1,1,5,1,5,1,5,1,1,1,1,1
0bf70825,Germany,Non-English,Psychology,3rd Year,22-25,Female/Woman,I do not have an SpLD,3,1,2,1,3,3,2,3,3,2,2,2,4,1
1a2f0fcb,Germany,Non-English,Psychology,2nd Year,18-21,Female/Woman,I do not have an SpLD,3,5,4,1,2,1,1,2,3,3,4,2,1,1
1d8fad23,Germany,Non-English,Psychology,1st Year,26+,Female/Woman,I do not have an SpLD,1,1,1,1,2,1,2,1,2,2,2,1,1,1
272f37fd,Germany,Non-English,Psychology,3rd Year,22-25,Female/Woman,I do not have an SpLD,3,2,2,1,3,1,3,2,3,3,2,2,1,1
29b382bc,Germany,Non-English,Psychology,4th Year,22-25,Female/Woman,I do not have an SpLD,4,2,3,1,5,1,5,2,5,2,2,3,2,2
2a78c6b0,Germany,Non-English,Psychology,1st Year,18-21,Female/Woman,I do not have an SpLD,4,3,3,2,4,1,5,2,4,5,4,2,3,4
2bf2f1f4,Germany,Non-English,Psychology,2nd Year,18-21,Female/Woman,I do not have an SpLD,1,1,1,1,2,1,2,1,3,1,2,1,1,1
2cffcf5f,Germany,Non-English,Psychology,2nd Year,22-25,Female/Woman,I do not have an SpLD,2,1,1,1,4,1,3,1,3,1,1,1,1,1
2d15b4f0,Germany,Non-English,Psychology,2nd Year,18-21,Female/Woman,I do not have an SpLD,1,1,2,1,1,1,1,1,1,2,1,1,1,1
32f6f2cc,Germany,Non-English,Psychology,1st Year,22-25,Female/Woman,ADHD/ADD,5,3,5,3,5,2,5,5,5,5,5,4,5,5
3810bcff,Germany,Non-English,Psychology,3rd Year,22-25,Male/Man,I do not have an SpLD,1,1,1,1,2,1,2,1,1,2,1,1,1,1
3f86cf5a,Germany,Non-English,Psychology,2nd Year,18-21,Female/Woman,I do not have an SpLD,2,1,1,1,2,1,2,1,2,1,1,1,1,1
41faf4cc,Germany,Non-English,Psychology,3rd Year,NA,Female/Woman,I do not have an SpLD,5,4,3,4,5,1,5,3,5,4,3,3,3,3
46296701,Germany,Non-English,Psychology,3rd Year,26+,Male/Man,I do not have an SpLD,3,3,3,3,5,1,5,3,4,3,1,1,3,2
46f51864,Germany,Non-English,Psychology,2nd Year,18-21,Female/Woman,I do not have an SpLD,2,1,1,1,2,1,3,1,3,3,4,1,1,2
4835dd9f,Germany,Non-English,Psychology,3rd Year,26+,Female/Woman,I do not have an SpLD,2,1,1,1,3,1,3,1,2,3,1,1,2,1
4f1c2a64,Germany,Non-English,Psychology,1st Year,18-21,Female/Woman,I do not have an SpLD,4,1,1,1,5,1,4,2,4,5,2,1,5,1
58d14805,Germany,Non-English,Psychology,1st Year,18-21,Female/Woman,I do not have an SpLD,4,1,2,1,5,1,5,2,5,3,3,2,2,3
59fa6483,Germany,Non-English,Psychology,3rd Year,26+,Male/Man,I do not have an SpLD,3,1,1,1,3,1,3,2,3,1,1,1,1,1
5a03d7b2,Germany,Non-English,Psychology,1st Year,18-21,Female/Woman,I do not have an SpLD,2,3,3,1,4,3,2,2,4,3,3,2,1,2
62fb216f,Germany,Non-English,Psychology,1st Year,18-21,Female/Woman,I do not have an SpLD,3,2,3,3,4,1,5,2,4,3,4,2,2,4
661cf40f,Germany,Non-English,Psychology,2nd Year,18-21,Female/Woman,I do not have an SpLD,4,3,4,2,4,2,5,3,4,3,3,3,2,1
685fbb7f,Germany,Non-English,Psychology,2nd Year,22-25,Female/Woman,I do not have an SpLD,5,2,4,2,5,1,5,4,5,4,2,2,3,2
6f0b80fa,Germany,Non-English,Social Sciences,3rd Year,22-25,Female/Woman,I do not have an SpLD,3,1,1,1,4,1,4,1,4,3,2,1,3,1
6fd6c0b8,Germany,Non-English,Psychology,2nd Year,22-25,Female/Woman,I do not have an SpLD,5,3,4,3,5,1,5,3,5,5,4,3,2,4
7131b985,Germany,Non-English,Psychology,1st Year,18-21,Female/Woman,I do not have an SpLD,3,2,2,1,3,1,4,2,4,2,2,1,1,2
75428db6,Germany,Non-English,Psychology,2nd Year,18-21,Female/Woman,I do not have an SpLD,5,3,3,3,5,2,5,3,5,3,2,3,3,3
7fafd6cf,Germany,Non-English,Psychology,3rd Year,18-21,Female/Woman,I do not have an SpLD,4,4,2,1,5,1,5,2,5,2,2,3,3,2
7fff70d8,Germany,Non-English,Psychology,1st Year,18-21,Female/Woman,I do not have an SpLD,4,3,3,1,5,1,4,3,3,4,4,1,3,2
80b45a30,Germany,Non-English,Psychology,1st Year,18-21,Female/Woman,I do not have an SpLD,5,4,4,4,5,4,5,5,5,5,4,3,3,5
83c80437,Germany,Non-English,Psychology,1st Year,18-21,Female/Woman,I do not have an SpLD,2,2,2,1,3,1,3,1,3,3,2,1,1,2
85a2bfdc,Germany,Non-English,Psychology,2nd Year,18-21,Female/Woman,I do not have an SpLD,4,2,3,2,5,2,5,3,4,4,2,2,2,3
8884f548,Germany,Non-English,Psychology,2nd Year,18-21,Female/Woman,I do not have an SpLD,2,1,1,1,3,1,3,1,2,1,1,1,2,1
88f6117c,Germany,Non-English,Psychology,2nd Year,26+,Male/Man,I do not have an SpLD,1,1,1,1,4,1,3,1,3,2,1,1,2,1
8d6357a2,Germany,Non-English,Psychology,1st Year,22-25,Female/Woman,I do not have an SpLD,3,1,1,1,4,1,4,1,3,3,2,1,1,3
9187819c,Germany,Non-English,Psychology,1st Year,18-21,Female/Woman,I do not have an SpLD,5,2,3,2,5,1,2,3,5,3,2,2,4,3
9c8c5fff,Germany,Non-English,Psychology,1st Year,18-21,Female/Woman,I do not have an SpLD,4,3,2,2,5,1,5,2,5,3,2,2,3,2
a090aa85,Germany,Non-English,Psychology,2nd Year,18-21,Female/Woman,I do not have an SpLD,2,1,1,1,3,1,3,1,3,2,1,1,1,2
a1db1f0f,Germany,Non-English,Psychology,1st Year,18-21,Female/Woman,I do not have an SpLD,2,3,4,1,5,1,5,4,5,5,2,2,1,2
a37ff0a2,Germany,Non-English,Psychology,3rd Year,22-25,Female/Woman,I do not have an SpLD,3,4,2,2,5,1,5,2,5,3,2,2,4,2
a8f9cd59,Germany,Non-English,Psychology,3rd Year,18-21,Male/Man,I do not have an SpLD,1,1,1,1,2,1,3,1,3,3,3,1,1,1
a8ff16fb,Germany,Non-English,Psychology,3rd Year,22-25,Female/Woman,I do not have an SpLD,2,1,2,1,5,1,5,1,5,4,2,2,2,1
abf47371,Germany,Non-English,Psychology,2nd Year,18-21,Female/Woman,NA,4,3,3,2,5,1,4,2,5,4,3,2,3,2
b0b523bb,Germany,Non-English,Psychology,1st Year,18-21,Male/Man,I do not have an SpLD,4,4,4,4,4,4,5,3,4,4,4,4,3,4
b4bfba0a,Germany,Non-English,Psychology,2nd Year,22-25,Female/Woman,NA,5,3,4,3,5,2,5,4,5,3,3,2,5,2
b525c559,Germany,Non-English,Psychology,NA,NA,Female/Woman,I do not have an SpLD,1,1,1,1,3,1,3,1,2,1,1,1,1,1
b5805b43,Germany,Non-English,Psychology,3rd Year,26+,Female/Woman,I do not have an SpLD,4,3,5,2,5,2,2,2,3,3,2,2,3,1
b6b818f5,Germany,Non-English,Psychology,1st Year,22-25,Female/Woman,I do not have an SpLD,3,2,2,2,4,1,4,2,4,2,1,2,2,1
bb71f1ff,Germany,Non-English,Psychology,3rd Year,22-25,Female/Woman,I do not have an SpLD,4,3,3,1,5,1,5,3,4,3,2,1,1,1
bbc6ff41,Germany,Non-English,Psychology,1st Year,18-21,Female/Woman,I do not have an SpLD,3,2,2,2,4,1,4,3,4,3,3,2,4,2
bf219614,Germany,Non-English,Psychology,1st Year,18-21,Female/Woman,I do not have an SpLD,4,2,2,1,5,1,5,3,5,2,2,3,2,2
bfa40db0,Germany,Non-English,Psychology,1st Year,NA,Female/Woman,I do not have an SpLD,4,2,2,3,5,1,5,1,5,4,2,2,2,3
c2fcaf62,Germany,Non-English,Psychology,1st Year,18-21,Female/Woman,I do not have an SpLD,3,4,3,2,5,2,5,5,4,5,5,2,2,4
c352dd85,Germany,Non-English,Psychology,1st Year,18-21,Female/Woman,I do not have an SpLD,3,2,2,2,5,1,5,4,5,3,3,2,2,2
c3631f45,Germany,Non-English,Psychology,2nd Year,18-21,Female/Woman,I do not have an SpLD,3,2,2,2,4,2,4,2,4,1,1,1,1,1
c486313a,Germany,Non-English,Psychology,1st Year,22-25,Female/Woman,NA,4,2,3,2,4,1,4,2,5,1,1,2,3,1
c57a7303,Germany,Non-English,Psychology,2nd Year,18-21,Female/Woman,I do not have an SpLD,5,2,2,2,5,2,5,1,5,3,3,2,2,3
cb016ca8,Germany,Non-English,Psychology,2nd Year,18-21,Female/Woman,I do not have an SpLD,2,1,2,1,4,1,4,1,5,1,1,1,1,1
cdf1515a,Germany,Non-English,Psychology,3rd Year,22-25,Female/Woman,I do not have an SpLD,4,3,4,3,5,1,5,3,5,3,3,3,3,2
cfc1f59b,Germany,Non-English,Psychology,2nd Year,22-25,Female/Woman,I do not have an SpLD,3,5,5,4,5,2,5,4,4,4,2,3,5,4
d1519ff1,Germany,Non-English,Psychology,3rd Year,22-25,Female/Woman,I do not have an SpLD,2,4,2,2,3,1,3,1,3,1,1,2,1,1
d239a9cd,Germany,Non-English,Psychology,3rd Year,18-21,Female/Woman,I do not have an SpLD,3,1,2,1,4,1,5,3,4,3,3,2,2,2
d2b2a90a,Germany,Non-English,Psychology,3rd Year,22-25,Female/Woman,I do not have an SpLD,4,3,2,3,5,2,5,4,5,2,2,3,3,3
d3a87061,Germany,Non-English,Psychology,2nd Year,18-21,Male/Man,I do not have an SpLD,1,1,1,1,2,1,1,1,2,1,1,1,1,1
d3f653ff,Germany,Non-English,Psychology,1st Year,22-25,Female/Woman,NA,4,1,2,1,5,1,3,2,4,2,2,1,3,1
dafd0fcf,Germany,Non-English,Psychology,2nd Year,18-21,Female/Woman,I do not have an SpLD,4,1,1,1,4,1,5,1,5,3,1,1,1,2
f0ab26f7,Germany,Non-English,Psychology,1st Year,18-21,Female/Woman,I do not have an SpLD,1,1,1,1,1,1,1,1,1,1,1,1,2,1
f1b6fa78,Germany,Non-English,Psychology,2nd Year,22-25,Female/Woman,I do not have an SpLD,3,1,3,1,4,3,4,2,4,1,1,1,2,1
f3152887,Germany,Non-English,Psychology,2nd Year,18-21,Female/Woman,I do not have an SpLD,3,3,3,3,4,4,4,4,4,3,3,3,2,2
f3f55c0f,Germany,Non-English,Psychology,3rd Year,22-25,Male/Man,I do not have an SpLD,2,1,1,1,2,1,2,1,2,3,1,1,1,1
f69f9f8c,Germany,Non-English,Psychology,3rd Year,22-25,Female/Woman,I do not have an SpLD,2,1,1,1,3,1,3,2,3,2,1,1,1,1
f9206d3a,Germany,Non-English,Psychology,1st Year,22-25,Female/Woman,I do not have an SpLD,1,1,1,1,2,1,1,1,1,1,1,1,1,1
fa9fa33a,Germany,Non-English,Psychology,3rd Year,18-21,Female/Woman,I do not have an SpLD,1,1,1,1,1,1,1,1,2,1,1,1,1,1
fb9f0a88,Germany,Non-English,Psychology,1st Year,18-21,Female/Woman,NA,5,3,2,1,5,1,5,3,5,1,2,3,5,2
ff8853cb,Germany,Non-English,Psychology,2nd Year,18-21,Female/Woman,I do not have an SpLD,3,2,1,1,5,1,5,1,4,3,1,1,2,2
040714d0,Republic of Ireland,English,Business & Finance,1st Year,18-21,Male/Man,I do not have an SpLD,2,1,1,1,4,1,3,1,3,2,1,1,2,2
133a7658,Republic of Ireland,English,Psychology,1st Year,18-21,Female/Woman,I do not have an SpLD,2,3,3,2,4,2,4,3,3,3,3,2,2,2
3240a4d8,Republic of Ireland,English,Psychology,2nd Year,22-25,Female/Woman,I do not have an SpLD,1,1,1,1,3,1,2,2,2,1,1,1,1,1
3b42f221,Republic of Ireland,English,Psychology,4th Year,22-25,Female/Woman,I do not have an SpLD,3,4,4,2,5,4,4,3,4,3,2,2,4,3
5c9dc8da,Republic of Ireland,English,Business & Finance,2nd Year,26+,Male/Man,I do not have an SpLD,4,2,3,2,5,2,5,3,5,2,3,1,4,1
7599f1b6,Republic of Ireland,English,Business & Finance,2nd Year,18-21,Male/Man,I do not have an SpLD,2,2,2,1,2,1,2,1,3,2,2,3,2,2
7fffb74c,Republic of Ireland,English,Psychology,2nd Year,26+,Male/Man,I do not have an SpLD,3,3,2,2,5,2,5,2,5,3,3,3,5,2
879f1697,Republic of Ireland,English,Psychology,2nd Year,18-21,Female/Woman,I do not have an SpLD,3,2,3,2,4,2,4,3,4,3,2,2,2,2
aa0d4559,Republic of Ireland,English,Psychology,2nd Year,18-21,Female/Woman,I do not have an SpLD,2,2,3,1,3,2,4,3,3,3,3,2,2,3
c973d70d,Republic of Ireland,English,Psychology,1st Year,18-21,Male/Man,I do not have an SpLD,1,1,1,1,2,1,1,1,1,1,1,1,1,1
020d1a93,Belgium,Non-English,Psychology,1st Year,18-21,Female/Woman,I do not have an SpLD,5,5,5,5,5,5,5,3,5,5,5,5,3,5
02d5fa03,Belgium,Non-English,Psychology,2nd Year,18-21,Female/Woman,I do not have an SpLD,3,3,2,3,1,3,2,2,1,2,3,2,1,1
03b06a4f,Belgium,Non-English,Psychology,1st Year,22-25,Male/Man,I do not have an SpLD,5,4,3,3,5,1,5,5,5,5,5,5,5,5
052df8a7,Belgium,Non-English,Psychology,2nd Year,18-21,Male/Man,I do not have an SpLD,5,2,2,2,5,1,4,3,3,3,3,2,2,2
09c484f3,Belgium,Non-English,Psychology,3rd Year,22-25,Female/Woman,I do not have an SpLD,3,2,2,1,5,1,3,2,4,5,3,1,1,3
0cfcffbf,Belgium,Non-English,Psychology,2nd Year,18-21,Female/Woman,I do not have an SpLD,1,1,1,1,3,1,3,1,3,4,3,1,1,1
0fb6a790,Belgium,Non-English,Psychology,2nd Year,18-21,Female/Woman,I do not have an SpLD,2,1,2,1,4,1,2,2,4,2,3,1,2,2
10487c5a,Belgium,Non-English,Psychology,2nd Year,18-21,Female/Woman,I do not have an SpLD,3,1,2,1,4,1,4,2,3,2,2,1,2,1
14808847,Belgium,Non-English,Psychology,2nd Year,18-21,Female/Woman,I do not have an SpLD,4,3,3,1,5,1,5,3,5,5,4,2,4,1
150ff12c,Belgium,Non-English,Psychology,2nd Year,18-21,Male/Man,I do not have an SpLD,3,1,3,1,4,1,5,2,3,4,3,1,5,1
1603b2f2,Belgium,Non-English,Psychology,2nd Year,18-21,Male/Man,I do not have an SpLD,2,1,2,1,4,1,4,2,3,2,2,1,3,1
1654bf07,Belgium,Non-English,Psychology,2nd Year,18-21,Female/Woman,I do not have an SpLD,3,4,2,3,3,4,4,5,1,2,2,4,4,2
16667fcc,Belgium,Non-English,Psychology,3rd Year,26+,Female/Woman,I do not have an SpLD,5,3,3,2,5,1,5,3,5,3,5,3,3,3
183500b3,Belgium,Non-English,Psychology,2nd Year,18-21,Female/Woman,ADHD/ADD,5,2,3,2,5,1,5,3,4,1,2,3,2,2
18d76c65,Belgium,Non-English,Psychology,2nd Year,18-21,Female/Woman,I do not have an SpLD,4,1,2,1,5,1,5,2,5,4,3,1,4,3
1a3a1cf5,Belgium,Non-English,Psychology,2nd Year,18-21,Female/Woman,I do not have an SpLD,2,1,2,1,5,1,5,1,5,3,3,1,1,1
1b38bd76,Belgium,Non-English,Psychology,1st Year,22-25,Female/Woman,ADHD/ADD,4,3,2,1,4,2,4,3,4,3,3,3,3,2
1b70b170,Belgium,Non-English,Psychology,2nd Year,18-21,Female/Woman,I do not have an SpLD,3,2,2,1,5,1,4,4,4,3,3,1,4,1
1c5f38d3,Belgium,Non-English,Psychology,2nd Year,18-21,Female/Woman,I do not have an SpLD,3,1,3,1,4,1,4,2,2,2,2,2,2,1
1c8a9793,Belgium,Non-English,Psychology,2nd Year,18-21,Female/Woman,I do not have an SpLD,2,3,2,1,4,2,4,2,2,3,3,2,3,2
1d307951,Belgium,Non-English,Psychology,2nd Year,22-25,Male/Man,I do not have an SpLD,2,3,2,2,5,2,3,3,4,2,3,3,4,1
1f121452,Belgium,Non-English,Psychology,2nd Year,18-21,Female/Woman,I do not have an SpLD,2,2,2,2,3,2,3,1,3,1,1,2,1,1
214cbfc7,Belgium,Non-English,Psychology,2nd Year,18-21,Female/Woman,I do not have an SpLD,2,3,4,3,2,1,2,3,2,5,4,3,2,2
2581fcb5,Belgium,Non-English,Psychology,2nd Year,18-21,Female/Woman,I do not have an SpLD,3,3,3,2,5,1,4,2,5,5,4,3,3,2
25c49631,Belgium,Non-English,Psychology,2nd Year,18-21,Female/Woman,I do not have an SpLD,2,3,2,2,5,1,5,3,5,1,1,2,5,1
269231c0,Belgium,Non-English,Psychology,2nd Year,18-21,Female/Woman,I do not have an SpLD,4,3,4,3,4,1,4,3,4,5,5,4,2,4
28a7a086,Belgium,Non-English,Psychology,2nd Year,18-21,Female/Woman,I do not have an SpLD,5,3,3,4,5,3,5,4,5,5,4,3,5,4
2d45fac4,Belgium,Non-English,Psychology,2nd Year,18-21,Female/Woman,I do not have an SpLD,2,3,3,2,5,1,1,3,5,2,2,2,1,1
2dcff3a3,Belgium,Non-English,Psychology,2nd Year,18-21,Female/Woman,I do not have an SpLD,5,3,3,3,5,4,5,4,5,5,4,3,4,3
32aaccc0,Belgium,Non-English,Psychology,2nd Year,18-21,Male/Man,I do not have an SpLD,4,3,2,4,5,2,3,4,3,5,5,2,3,2
3485b708,Belgium,Non-English,Psychology,3rd Year,22-25,Female/Woman,I do not have an SpLD,4,4,3,4,5,4,5,2,3,1,1,3,4,1
363c315d,Belgium,Non-English,Psychology,2nd Year,18-21,Female/Woman,"Dyscalculia, Other - Unspecified",4,1,1,1,5,2,5,1,5,1,1,1,2,1
36f92687,Belgium,Non-English,Psychology,2nd Year,18-21,Male/Man,I do not have an SpLD,3,3,4,2,5,1,4,4,3,4,4,3,4,4
3a53a2cd,Belgium,Non-English,Psychology,2nd Year,18-21,Female/Woman,I do not have an SpLD,1,1,2,1,1,1,1,2,2,3,3,3,1,2
3b637dc3,Belgium,Non-English,Psychology,2nd Year,18-21,Female/Woman,I do not have an SpLD,4,4,2,3,5,2,5,4,2,5,5,3,2,2
3c295f14,Belgium,Non-English,Psychology,2nd Year,18-21,Male/Man,I do not have an SpLD,4,2,2,2,5,2,5,3,5,4,5,2,4,1
3f74aa50,Belgium,Non-English,Psychology,2nd Year,18-21,Male/Man,I do not have an SpLD,2,2,2,2,4,2,4,2,3,2,2,2,3,1
3fb0fd49,Belgium,Non-English,Psychology,2nd Year,22-25,Male/Man,I do not have an SpLD,3,2,3,2,4,1,4,2,3,2,3,2,2,3
3ff99f66,Belgium,Non-English,Psychology,2nd Year,18-21,Male/Man,I do not have an SpLD,3,1,2,1,4,2,4,1,2,3,3,2,3,2
41832935,Belgium,Non-English,Psychology,2nd Year,18-21,Male/Man,I do not have an SpLD,4,2,2,1,5,2,5,3,5,4,4,3,2,2
4221666c,Belgium,Non-English,Psychology,2nd Year,18-21,Female/Woman,I do not have an SpLD,3,3,2,2,5,3,5,2,4,4,3,3,5,1
42f09690,Belgium,Non-English,Psychology,2nd Year,18-21,Female/Woman,I do not have an SpLD,4,2,2,1,5,1,5,4,5,3,4,2,4,3
4349f557,Belgium,Non-English,Psychology,2nd Year,22-25,Female/Woman,I do not have an SpLD,5,2,4,2,5,3,3,3,4,4,2,4,4,2
44707986,Belgium,Non-English,Psychology,2nd Year,18-21,Female/Woman,Dyslexia,3,1,2,1,3,1,3,2,2,4,2,2,2,3
4c557821,Belgium,Non-English,Psychology,2nd Year,18-21,Female/Woman,I do not have an SpLD,2,2,2,1,4,1,4,2,3,4,4,2,1,3
4d0b8174,Belgium,Non-English,Psychology,2nd Year,18-21,Female/Woman,I do not have an SpLD,5,1,1,1,5,1,5,2,5,3,2,1,5,2
4f1dd03f,Belgium,Non-English,Psychology,2nd Year,18-21,Female/Woman,I do not have an SpLD,2,3,3,3,4,3,4,1,4,2,1,3,1,1
4fd23791,Belgium,Non-English,Psychology,2nd Year,18-21,Female/Woman,I do not have an SpLD,2,1,2,1,3,1,2,2,3,2,1,1,1,1
4ff49fd2,Belgium,Non-English,Psychology,2nd Year,18-21,Female/Woman,I do not have an SpLD,3,1,3,1,5,1,5,4,5,4,3,2,4,2
52f03a38,Belgium,Non-English,Psychology,2nd Year,18-21,Female/Woman,I do not have an SpLD,5,2,2,2,5,1,5,2,5,2,2,2,4,2
53c996a5,Belgium,Non-English,Psychology,2nd Year,18-21,Female/Woman,I do not have an SpLD,3,2,3,2,5,1,3,1,4,4,4,2,2,3
5733b926,Belgium,Non-English,Psychology,2nd Year,18-21,Female/Woman,I do not have an SpLD,4,2,2,1,5,2,4,2,4,5,4,1,5,2
58982fa2,Belgium,Non-English,Psychology,2nd Year,18-21,Male/Man,I do not have an SpLD,3,3,2,2,3,2,2,3,2,2,3,3,1,3
589b6360,Belgium,Non-English,Psychology,2nd Year,18-21,Female/Woman,I do not have an SpLD,5,3,4,3,5,1,5,2,5,3,4,3,5,1
5af7fa83,Belgium,Non-English,Psychology,2nd Year,18-21,Female/Woman,I do not have an SpLD,4,2,3,2,5,2,5,2,4,3,3,3,4,2
5b23d900,Belgium,Non-English,Psychology,2nd Year,22-25,Female/Woman,I do not have an SpLD,3,3,4,4,4,4,4,3,5,2,2,3,3,2
5b9df091,Belgium,Non-English,Psychology,2nd Year,18-21,Female/Woman,I do not have an SpLD,3,2,2,1,5,1,5,2,4,4,3,2,2,3
5dd838af,Belgium,Non-English,Psychology,2nd Year,18-21,Female/Woman,I do not have an SpLD,4,3,3,2,5,2,5,2,5,2,2,3,4,2
5f713fa7,Belgium,Non-English,Psychology,2nd Year,18-21,Male/Man,I do not have an SpLD,5,2,4,3,5,3,5,4,5,4,3,3,3,2
5faf5506,Belgium,Non-English,Psychology,2nd Year,18-21,Female/Woman,I do not have an SpLD,3,2,3,4,5,1,5,2,4,3,3,3,4,2
606f40b1,Belgium,Non-English,Psychology,2nd Year,18-21,Female/Woman,I do not have an SpLD,2,1,1,1,3,1,2,1,2,3,3,1,1,2
61aac001,Belgium,Non-English,Psychology,2nd Year,22-25,Male/Man,I do not have an SpLD,2,1,1,1,4,1,4,3,3,2,2,1,2,1
61bf25cc,Belgium,Non-English,Psychology,2nd Year,18-21,Female/Woman,I do not have an SpLD,2,1,1,1,3,1,3,1,2,2,2,1,2,1
6395f1c5,Belgium,Non-English,Psychology,2nd Year,18-21,Female/Woman,I do not have an SpLD,5,1,3,1,5,1,5,4,5,1,1,2,4,1
648f2013,Belgium,Non-English,Psychology,2nd Year,18-21,Female/Woman,I do not have an SpLD,4,1,1,1,5,1,4,1,4,1,1,1,3,1
669c2c93,Belgium,Non-English,Psychology,2nd Year,18-21,Female/Woman,I do not have an SpLD,3,3,4,2,5,3,5,3,4,4,4,2,5,4
6768b367,Belgium,Non-English,Psychology,2nd Year,18-21,Female/Woman,I do not have an SpLD,3,1,1,1,5,1,3,2,5,5,4,1,2,4
6acf68a2,Belgium,Non-English,Psychology,2nd Year,18-21,Female/Woman,Dyslexia,3,1,1,1,5,1,5,1,5,4,1,2,5,3
6bd50692,Belgium,Non-English,Psychology,2nd Year,18-21,Female/Woman,I do not have an SpLD,5,1,2,2,5,2,5,5,5,5,4,3,5,3
7080434f,Belgium,Non-English,Psychology,2nd Year,18-21,Female/Woman,I do not have an SpLD,3,2,3,1,5,1,3,2,4,5,4,2,3,2
73407170,Belgium,Non-English,Psychology,2nd Year,18-21,Female/Woman,I do not have an SpLD,3,1,2,1,3,2,4,2,4,3,4,2,2,1
743f7d56,Belgium,Non-English,Psychology,2nd Year,18-21,Female/Woman,I do not have an SpLD,3,1,1,2,4,1,5,1,4,1,1,2,3,1
749d5540,Belgium,Non-English,Psychology,2nd Year,18-21,Female/Woman,I do not have an SpLD,2,3,3,3,4,3,4,4,5,4,5,3,2,1
74f32628,Belgium,Non-English,Psychology,2nd Year,18-21,Male/Man,NA,3,3,1,3,3,1,3,1,3,1,2,2,1,1
79299255,Belgium,Non-English,Psychology,2nd Year,18-21,Female/Woman,I do not have an SpLD,4,2,4,2,4,2,4,4,4,2,3,4,3,1
7a3984a7,Belgium,Non-English,Psychology,2nd Year,18-21,Female/Woman,I do not have an SpLD,4,2,1,2,4,4,4,1,3,5,5,2,3,4
7a3c0fa6,Belgium,Non-English,Psychology,3rd Year,26+,Female/Woman,I do not have an SpLD,3,4,4,2,5,1,5,2,5,4,4,3,4,4
7bf99200,Belgium,Non-English,Psychology,2nd Year,18-21,Female/Woman,I do not have an SpLD,4,3,3,3,5,2,4,3,3,4,4,3,2,2
7cd6a38d,Belgium,Non-English,Psychology,2nd Year,18-21,Female/Woman,I do not have an SpLD,5,3,2,3,5,1,4,3,5,5,5,3,4,4
7f2cb5b7,Belgium,Non-English,Psychology,2nd Year,18-21,Female/Woman,I do not have an SpLD,5,2,3,3,5,4,5,5,5,4,4,3,3,4
7f3692c1,Belgium,Non-English,Psychology,2nd Year,18-21,Female/Woman,I do not have an SpLD,4,1,1,1,5,1,5,3,5,2,3,1,4,1
7faf5c3f,Belgium,Non-English,Psychology,2nd Year,18-21,Female/Woman,I do not have an SpLD,4,2,2,2,5,1,5,2,5,4,3,3,4,3
82f7f194,Belgium,Non-English,Psychology,2nd Year,18-21,Female/Woman,I do not have an SpLD,5,1,5,1,5,1,5,2,5,5,5,1,2,2
82fff00b,Belgium,Non-English,Psychology,2nd Year,18-21,Female/Woman,I do not have an SpLD,3,2,2,2,3,1,3,3,3,3,4,3,5,4
85933f14,Belgium,Non-English,Psychology,2nd Year,18-21,Another Gender,I do not have an SpLD,3,3,3,2,5,3,4,2,4,2,3,2,3,2
8b490c34,Belgium,Non-English,Psychology,2nd Year,18-21,Female/Woman,I do not have an SpLD,3,2,4,2,4,2,4,3,4,3,2,3,1,2
8bcbb5fb,Belgium,Non-English,Psychology,1st Year,18-21,Female/Woman,I do not have an SpLD,5,2,4,1,5,1,5,3,5,4,3,2,3,3
8bfdf1bb,Belgium,Non-English,Psychology,2nd Year,18-21,Female/Woman,I do not have an SpLD,3,3,3,3,4,2,4,3,4,3,2,2,2,3
8cfc5f2d,Belgium,Non-English,Psychology,2nd Year,18-21,Male/Man,I do not have an SpLD,2,2,5,2,4,1,4,5,2,2,4,2,2,1
8f4543ff,Belgium,Non-English,Psychology,2nd Year,22-25,Male/Man,ADHD/ADD,1,1,1,1,1,1,1,1,2,2,4,1,1,2
90020694,Belgium,Non-English,Psychology,2nd Year,18-21,Female/Woman,ADHD/ADD,4,3,5,3,5,2,4,4,4,2,4,4,5,4
927c2f91,Belgium,Non-English,Psychology,2nd Year,18-21,Female/Woman,I do not have an SpLD,5,4,3,4,5,4,5,4,5,4,3,4,3,3
93c1fafc,Belgium,Non-English,Psychology,2nd Year,26+,Female/Woman,I do not have an SpLD,2,1,1,1,4,2,2,2,4,2,3,1,1,1
94fcd0ff,Belgium,Non-English,Psychology,2nd Year,26+,Female/Woman,ADHD/ADD,4,2,1,2,5,2,5,3,5,4,3,3,4,2
95ff6bdf,Belgium,Non-English,Psychology,2nd Year,18-21,Female/Woman,I do not have an SpLD,4,4,3,2,5,2,5,2,5,3,4,2,4,3
96f6b042,Belgium,Non-English,Psychology,2nd Year,18-21,Female/Woman,Dyslexia,2,3,1,1,4,1,3,3,4,3,2,2,4,2
97b37f8f,Belgium,Non-English,Psychology,2nd Year,18-21,Female/Woman,I do not have an SpLD,5,2,4,2,5,1,5,4,5,5,1,2,4,1
99b8a9df,Belgium,Non-English,Psychology,2nd Year,18-21,Female/Woman,I do not have an SpLD,3,1,2,1,5,1,4,1,4,3,3,1,2,2
9af830fc,Belgium,Non-English,Psychology,2nd Year,18-21,Male/Man,I do not have an SpLD,4,3,4,4,4,2,4,4,4,4,3,3,2,3
9dd1138f,Belgium,Non-English,Psychology,2nd Year,22-25,Female/Woman,Dyscalculia,5,4,4,5,5,3,5,5,5,5,5,4,5,5
9dd87248,Belgium,Non-English,Psychology,2nd Year,18-21,Female/Woman,I do not have an SpLD,3,2,4,1,5,1,5,2,5,1,3,2,3,1
9f1a8a90,Belgium,Non-English,Psychology,3rd Year,22-25,Another Gender,NA,4,4,3,2,4,4,4,5,4,5,5,5,3,4
a089bbf1,Belgium,Non-English,Psychology,2nd Year,18-21,Male/Man,I do not have an SpLD,1,1,1,1,2,1,2,1,2,1,5,1,3,1
a159b11d,Belgium,Non-English,Psychology,2nd Year,18-21,Female/Woman,I do not have an SpLD,1,2,1,1,2,3,2,2,3,2,1,1,1,1
a3df43c4,Belgium,Non-English,Psychology,2nd Year,18-21,Female/Woman,I do not have an SpLD,5,2,4,1,5,1,5,1,5,2,4,2,5,2
a4faf50d,Belgium,Non-English,Psychology,2nd Year,18-21,Female/Woman,I do not have an SpLD,3,2,3,2,4,2,4,2,4,4,3,2,2,3
a8040cbf,Belgium,Non-English,Psychology,2nd Year,18-21,Female/Woman,I do not have an SpLD,4,2,3,2,4,1,4,2,4,3,4,3,2,4
a8854726,Belgium,Non-English,Psychology,2nd Year,18-21,Female/Woman,I do not have an SpLD,4,1,2,1,5,1,5,2,5,5,4,1,2,3
a9736f5b,Belgium,Non-English,Psychology,2nd Year,18-21,Female/Woman,I do not have an SpLD,2,1,2,1,5,1,5,3,3,3,2,1,3,1
a9a1918f,Belgium,Non-English,Psychology,2nd Year,18-21,Female/Woman,I do not have an SpLD,3,3,3,1,3,1,3,3,3,4,4,3,1,1
aa33710a,Belgium,Non-English,Psychology,2nd Year,18-21,Female/Woman,I do not have an SpLD,1,1,1,1,2,1,3,1,1,1,1,1,1,1
ab0417fa,Belgium,Non-English,Psychology,2nd Year,18-21,Male/Man,ADHD/ADD,5,4,5,4,4,4,4,5,4,5,5,4,2,5
ab2ffa79,Belgium,Non-English,Psychology,2nd Year,18-21,Female/Woman,I do not have an SpLD,4,2,3,1,5,2,5,4,5,2,2,2,4,1
abc34019,Belgium,Non-English,Psychology,2nd Year,18-21,Male/Man,I do not have an SpLD,1,2,1,1,2,1,3,1,2,2,2,1,2,1
ac3c004b,Belgium,Non-English,Psychology,2nd Year,18-21,Female/Woman,I do not have an SpLD,4,4,5,1,5,1,5,4,5,4,4,4,1,2
ad8f28dc,Belgium,Non-English,Psychology,1st Year,22-25,Male/Man,I do not have an SpLD,2,1,3,1,5,1,5,2,4,2,3,1,1,2
af7f50bc,Belgium,Non-English,Psychology,1st Year,18-21,Female/Woman,I do not have an SpLD,1,1,2,1,4,4,2,2,2,1,2,2,2,1
af9f4b4b,Belgium,Non-English,Psychology,3rd Year,18-21,Female/Woman,I do not have an SpLD,4,2,2,1,4,1,4,2,4,1,1,1,2,1
b210005f,Belgium,Non-English,Psychology,2nd Year,18-21,Female/Woman,I do not have an SpLD,5,2,4,3,5,4,5,5,5,4,3,3,2,1
b3fcf84b,Belgium,Non-English,Psychology,2nd Year,18-21,Female/Woman,ADHD/ADD,5,3,3,3,5,1,5,3,5,1,2,3,2,1
b4892388,Belgium,Non-English,Psychology,2nd Year,18-21,Male/Man,I do not have an SpLD,3,2,3,3,3,1,4,2,2,1,2,3,1,1
b8b37c89,Belgium,Non-English,Psychology,NA,22-25,Female/Woman,I do not have an SpLD,1,3,1,1,5,1,5,1,2,1,2,1,2,1
b980951b,Belgium,Non-English,Psychology,2nd Year,22-25,Female/Woman,I do not have an SpLD,2,1,3,2,5,1,5,3,4,3,3,3,2,2
b9b4f80c,Belgium,Non-English,Psychology,2nd Year,18-21,Female/Woman,I do not have an SpLD,2,1,1,1,2,2,2,1,2,3,3,1,2,3
b9d4d052,Belgium,Non-English,Psychology,2nd Year,18-21,Female/Woman,ADHD/ADD,5,4,1,4,5,1,5,5,5,1,1,4,1,1
ba2a88b5,Belgium,Non-English,Psychology,2nd Year,18-21,Female/Woman,I do not have an SpLD,2,2,4,2,4,2,4,2,4,4,4,2,5,2
baf85069,Belgium,Non-English,Psychology,2nd Year,18-21,Another Gender,I do not have an SpLD,4,2,3,1,5,1,5,3,4,5,5,2,4,5
bbf260f1,Belgium,Non-English,Psychology,2nd Year,18-21,Female/Woman,I do not have an SpLD,4,3,4,2,4,2,5,3,4,4,4,4,3,2
bcb6b1f3,Belgium,Non-English,Psychology,2nd Year,18-21,Female/Woman,I do not have an SpLD,5,5,5,4,5,1,5,5,5,5,5,5,4,1
bf54c859,Belgium,Non-English,Psychology,2nd Year,18-21,Female/Woman,I do not have an SpLD,3,1,3,1,5,1,5,1,5,4,4,1,3,2
bf5fd8fd,Belgium,Non-English,Psychology,2nd Year,18-21,Female/Woman,I do not have an SpLD,3,1,1,1,3,1,3,1,2,4,4,2,2,3
c0696da4,Belgium,Non-English,Psychology,2nd Year,18-21,Male/Man,I do not have an SpLD,4,2,2,2,4,2,4,2,4,2,2,2,4,2
c0fa8450,Belgium,Non-English,Psychology,2nd Year,18-21,Female/Woman,I do not have an SpLD,4,4,5,2,5,1,5,3,4,1,2,4,5,1
c455f045,Belgium,Non-English,Psychology,2nd Year,18-21,Female/Woman,I do not have an SpLD,2,1,1,1,4,1,3,1,3,1,1,1,2,1
c4b5294a,Belgium,Non-English,Psychology,2nd Year,22-25,Female/Woman,I do not have an SpLD,4,2,2,2,4,2,4,2,3,3,3,3,3,2
c5ad7f41,Belgium,Non-English,Psychology,2nd Year,22-25,Female/Woman,I do not have an SpLD,2,2,2,2,4,2,4,2,4,2,2,3,4,1
c640d5d2,Belgium,Non-English,Psychology,2nd Year,18-21,Female/Woman,I do not have an SpLD,4,2,3,3,5,1,5,2,5,2,2,2,4,1
cb8a3215,Belgium,Non-English,Psychology,2nd Year,18-21,Female/Woman,I do not have an SpLD,2,1,2,1,2,1,2,1,2,2,1,2,1,1
cbdb4b84,Belgium,Non-English,Psychology,2nd Year,22-25,Female/Woman,Dyscalculia,4,2,3,3,5,3,3,3,4,5,4,2,5,1
cd6908c6,Belgium,Non-English,Psychology,2nd Year,18-21,Female/Woman,I do not have an SpLD,4,1,1,1,5,1,5,3,5,2,1,1,2,2
cdb0f37c,Belgium,Non-English,Psychology,2nd Year,18-21,Female/Woman,I do not have an SpLD,4,2,4,2,5,2,5,3,4,2,2,3,1,2
cf173379,Belgium,Non-English,Psychology,2nd Year,18-21,Female/Woman,I do not have an SpLD,4,3,1,2,4,3,4,3,4,4,4,3,2,2
cf71fc4a,Belgium,Non-English,Psychology,2nd Year,18-21,Female/Woman,I do not have an SpLD,3,1,3,2,5,1,4,3,4,2,1,2,4,1
cf7a5f31,Belgium,Non-English,Psychology,2nd Year,18-21,Female/Woman,I do not have an SpLD,5,2,4,1,5,3,4,4,3,1,3,2,4,2
d1668233,Belgium,Non-English,Psychology,2nd Year,18-21,Female/Woman,I do not have an SpLD,3,4,5,5,4,4,4,5,4,3,3,4,2,2
d262b796,Belgium,Non-English,Psychology,2nd Year,18-21,Male/Man,I do not have an SpLD,5,1,1,1,5,1,5,1,5,3,4,1,2,4
d32d16fa,Belgium,Non-English,Psychology,2nd Year,22-25,Female/Woman,I do not have an SpLD,4,2,3,2,5,2,4,5,4,2,3,2,4,2
d41b8db9,Belgium,Non-English,Psychology,2nd Year,18-21,Female/Woman,I do not have an SpLD,4,3,5,3,4,3,5,3,3,3,2,4,3,3
d604d971,Belgium,Non-English,Psychology,2nd Year,18-21,Female/Woman,I do not have an SpLD,2,2,3,1,4,1,1,2,3,3,2,2,1,1
d6c91b93,Belgium,Non-English,Psychology,2nd Year,22-25,Female/Woman,"Dyslexia, Dyscalculia",4,1,1,2,5,1,4,4,3,2,1,3,2,2
d6f7d4ff,Belgium,Non-English,Psychology,2nd Year,22-25,Male/Man,I do not have an SpLD,2,3,1,3,1,1,2,3,1,3,4,2,1,3
d7afcafa,Belgium,Non-English,Psychology,2nd Year,18-21,Female/Woman,I do not have an SpLD,5,3,4,2,5,1,5,3,5,5,4,4,1,2
d7b073f6,Belgium,Non-English,Psychology,2nd Year,18-21,Female/Woman,I do not have an SpLD,4,3,4,2,5,1,5,4,4,4,4,2,3,1
db23b4b9,Belgium,Non-English,Psychology,2nd Year,18-21,Female/Woman,I do not have an SpLD,4,2,3,1,5,1,5,3,5,4,5,2,5,5
dc26ff54,Belgium,Non-English,Psychology,2nd Year,18-21,Female/Woman,I do not have an SpLD,5,4,3,1,4,1,4,2,5,2,2,4,4,2
dcc74f2f,Belgium,Non-English,Psychology,2nd Year,18-21,Female/Woman,Dyslexia,5,1,4,2,5,1,5,3,5,2,2,1,1,2
dd97f820,Belgium,Non-English,Psychology,2nd Year,18-21,Female/Woman,I do not have an SpLD,4,2,2,1,5,1,5,2,5,5,5,1,4,4
dddc136d,Belgium,Non-English,Psychology,1st Year,18-21,Female/Woman,I do not have an SpLD,1,2,1,1,3,1,2,1,2,1,1,1,1,1
f0d3b66c,Belgium,Non-English,Psychology,2nd Year,18-21,Female/Woman,"Dyslexia, ADHD/ADD",4,3,3,3,5,2,5,4,5,3,3,3,1,3
f0f4dad5,Belgium,Non-English,Psychology,1st Year,18-21,Female/Woman,I do not have an SpLD,2,3,3,2,5,1,5,3,4,3,4,4,3,2
f1380ab2,Belgium,Non-English,Psychology,2nd Year,18-21,Female/Woman,Dyslexia,1,2,3,2,2,1,3,2,3,2,2,2,3,2
f1db6a84,Belgium,Non-English,Psychology,1st Year,18-21,Male/Man,I do not have an SpLD,4,2,4,1,5,2,5,5,3,3,3,4,2,3
f1f11616,Belgium,Non-English,Psychology,3rd Year,22-25,Female/Woman,Dyslexia,4,2,4,2,5,4,5,4,5,4,1,4,5,1
f24cda7b,Belgium,Non-English,Psychology,2nd Year,18-21,Female/Woman,Dyscalculia,3,4,3,4,5,2,5,3,4,3,2,3,3,1
f308499a,Belgium,Non-English,Psychology,2nd Year,18-21,Female/Woman,I do not have an SpLD,5,4,2,5,5,2,3,4,5,4,5,5,5,4
f3222a39,Belgium,Non-English,Psychology,2nd Year,18-21,Male/Man,I do not have an SpLD,1,1,2,1,2,1,2,2,1,2,2,1,1,2
f479c87a,Belgium,Non-English,Psychology,2nd Year,18-21,Female/Woman,I do not have an SpLD,4,3,3,1,5,1,4,4,5,4,4,1,5,3
f56f689a,Belgium,Non-English,Psychology,2nd Year,18-21,Female/Woman,I do not have an SpLD,4,2,2,2,5,1,5,2,5,2,2,2,3,2
f676d598,Belgium,Non-English,Psychology,2nd Year,NA,Female/Woman,I do not have an SpLD,2,2,2,3,3,2,4,3,3,1,1,3,2,1
f7fc5f7b,Belgium,Non-English,Psychology,2nd Year,18-21,Female/Woman,I do not have an SpLD,4,3,3,2,5,2,5,2,5,4,4,3,4,3
f80ccd4f,Belgium,Non-English,Psychology,2nd Year,18-21,Male/Man,I do not have an SpLD,4,4,4,2,5,2,4,2,5,3,3,3,3,4
f9cdd447,Belgium,Non-English,Psychology,3rd Year,22-25,Female/Woman,I do not have an SpLD,3,2,3,1,5,1,5,2,4,2,1,1,2,2
fb9dbafb,Belgium,Non-English,Psychology,2nd Year,18-21,Male/Man,I do not have an SpLD,4,3,3,4,4,3,3,3,5,3,2,4,4,2
fdc39b13,Belgium,Non-English,Psychology,2nd Year,18-21,Female/Woman,I do not have an SpLD,2,1,2,1,3,1,2,1,2,1,1,1,2,1
ff68302f,Belgium,Non-English,Psychology,2nd Year,18-21,Male/Man,I do not have an SpLD,2,3,2,3,5,3,5,2,2,4,4,3,2,2
1d0bf65c,Ukraine,Non-English,Education,3rd Year,18-21,Female/Woman,I do not have an SpLD,3,2,2,2,4,1,2,2,3,2,2,2,3,1
2f77da64,Ukraine,Non-English,Education,3rd Year,18-21,Female/Woman,I do not have an SpLD,4,1,2,1,4,1,1,3,3,4,4,2,5,2
8411893c,Ukraine,Non-English,Education,NA,NA,NA,NA,3,1,2,2,4,1,2,3,3,2,2,1,3,2
92f1d197,Ukraine,Non-English,Education,3rd Year,18-21,Female/Woman,I do not have an SpLD,2,1,1,1,3,1,3,2,2,3,3,2,2,2
abb0f448,Ukraine,Non-English,Education,3rd Year,18-21,Female/Woman,I do not have an SpLD,5,1,5,3,5,4,5,3,3,5,2,1,3,5
004988b2,Chile,Non-English,Psychology,3rd Year,18-21,Female/Woman,NA,5,4,2,4,5,3,5,5,5,5,5,5,4,5
057bcd17,Chile,Non-English,Social Sciences,NA,NA,NA,NA,5,3,3,3,5,5,5,3,5,3,4,3,2,3
07dfa812,Chile,Non-English,Social Sciences,5th Year,22-25,Female/Woman,I do not have an SpLD,3,3,4,3,4,3,3,3,3,3,2,3,4,2
08af2fa4,Chile,Non-English,Social Sciences,4th Year,18-21,Female/Woman,I do not have an SpLD,2,1,1,1,3,2,3,1,1,1,1,1,1,1
09dd2068,Chile,Non-English,Social Sciences,2nd Year,18-21,Female/Woman,I do not have an SpLD,5,5,5,5,5,5,5,5,5,5,5,5,5,5
0b2fdcd9,Chile,Non-English,Social Sciences,4th Year,26+,Female/Woman,I do not have an SpLD,1,1,1,1,3,1,3,2,3,4,2,2,1,1
0fb712ff,Chile,Non-English,Psychology,2nd Year,18-21,Female/Woman,I do not have an SpLD,5,5,5,4,5,4,5,4,5,5,3,5,5,3
1138c35d,Chile,Non-English,Social Sciences,3rd Year,18-21,Another Gender,Other - Not an SpLD,5,3,2,3,5,2,5,4,5,5,4,2,5,3
196b4bc6,Chile,Non-English,Social Sciences,3rd Year,18-21,Female/Woman,I do not have an SpLD,4,3,1,2,4,1,5,3,3,3,3,2,3,1
1c74a6ab,Chile,Non-English,Psychology,2nd Year,26+,Male/Man,I do not have an SpLD,1,1,1,1,1,1,3,1,3,3,3,1,2,2
288539ff,Chile,Non-English,Psychology,5th Year,22-25,Female/Woman,ADHD/ADD,3,1,2,1,5,1,5,1,5,1,1,1,2,1
2f74d249,Chile,Non-English,Social Sciences,4th Year,22-25,Female/Woman,I do not have an SpLD,5,5,2,5,5,5,5,5,5,5,5,3,4,4
39d312f3,Chile,Non-English,Psychology,2nd Year,18-21,Female/Woman,ADHD/ADD,5,5,5,5,5,4,5,5,5,5,5,5,5,4
49d480b3,Chile,Non-English,Psychology,1st Year,18-21,Female/Woman,Dyslexia,4,3,5,1,5,3,5,2,5,1,2,2,3,1
4f87b3f5,Chile,Non-English,Social Sciences,5th Year,22-25,Male/Man,I do not have an SpLD,2,2,1,1,4,1,4,2,2,1,1,1,2,1
561b2db7,Chile,Non-English,Social Sciences,2nd Year,22-25,Female/Woman,I do not have an SpLD,5,3,3,3,5,1,5,2,5,5,3,4,5,1
594f77d7,Chile,Non-English,Psychology,3rd Year,22-25,Female/Woman,ADHD/ADD,5,5,5,5,5,5,5,5,3,2,2,5,2,2
5fd10fd7,Chile,Non-English,Psychology,5th Year,26+,Female/Woman,I do not have an SpLD,5,5,5,5,5,5,5,5,5,5,5,5,5,4
615bf080,Chile,Non-English,Psychology,1st Year,18-21,Female/Woman,NA,3,5,5,5,5,4,5,4,4,1,3,5,5,2
643a732f,Chile,Non-English,Psychology,3rd Year,18-21,Female/Woman,I do not have an SpLD,5,5,4,4,5,5,5,3,5,4,4,4,4,4
7045f23d,Chile,Non-English,Psychology,1st Year,18-21,Female/Woman,I do not have an SpLD,5,4,3,4,5,4,5,4,5,3,3,5,3,2
7065c5b3,Chile,Non-English,Social Sciences,4th Year,22-25,Female/Woman,I do not have an SpLD,5,1,1,2,4,1,5,2,4,1,1,2,2,1
76c67d31,Chile,Non-English,Social Sciences,5th Year,22-25,Female/Woman,I do not have an SpLD,5,2,2,1,5,3,5,2,4,5,3,3,5,3
8027c4f1,Chile,Non-English,Social Sciences,1st Year,18-21,Male/Man,I do not have an SpLD,2,2,2,2,3,2,2,3,2,1,1,2,1,1
807bbcf0,Chile,Non-English,Social Sciences,3rd Year,18-21,Female/Woman,I do not have an SpLD,4,2,1,1,4,3,4,1,4,1,2,2,5,1
84a64f53,Chile,Non-English,Social Sciences,2nd Year,18-21,Male/Man,I do not have an SpLD,4,2,1,1,5,1,5,3,5,2,1,2,3,1
8605bbc7,Chile,Non-English,Psychology,3rd Year,22-25,Female/Woman,NA,5,1,1,1,5,1,5,2,5,1,2,1,5,1
8aa1d6b3,Chile,Non-English,Psychology,2nd Year,26+,Female/Woman,I do not have an SpLD,2,2,4,1,3,3,4,3,4,1,1,2,2,1
929b2859,Chile,Non-English,Social Sciences,2nd Year,18-21,Female/Woman,I do not have an SpLD,4,2,3,1,5,1,5,2,5,3,4,3,5,1
974b7796,Chile,Non-English,Social Sciences,4th Year,22-25,Another Gender,I do not have an SpLD,2,2,1,3,2,1,3,1,2,1,1,3,2,1
974f7f16,Chile,Non-English,Social Sciences,4th Year,22-25,Male/Man,I do not have an SpLD,4,2,1,1,4,1,4,2,4,3,2,3,5,1
9b57221f,Chile,Non-English,Psychology,2nd Year,18-21,Female/Woman,I do not have an SpLD,5,5,2,3,5,1,5,5,5,5,5,5,5,5
a0514f3f,Chile,Non-English,Psychology,3rd Year,22-25,Another Gender,ADHD/ADD,5,5,3,5,5,5,5,5,5,3,5,5,5,3
a33fdddd,Chile,Non-English,Psychology,3rd Year,18-21,Female/Woman,I do not have an SpLD,5,3,2,2,5,3,5,2,5,5,5,3,4,4
a64f2b3c,Chile,Non-English,Psychology,2nd Year,18-21,Female/Woman,NA,2,4,4,1,4,2,4,3,3,1,1,3,4,1
a7df85dd,Chile,Non-English,Psychology,2nd Year,22-25,Male/Man,I do not have an SpLD,4,3,3,3,5,3,5,3,4,4,3,3,4,3
c08642f6,Chile,Non-English,Social Sciences,2nd Year,18-21,Female/Woman,ADHD/ADD,5,3,3,2,5,1,5,2,5,5,5,3,3,2
c37028f0,Chile,Non-English,Social Sciences,4th Year,22-25,Female/Woman,I do not have an SpLD,4,4,4,3,5,3,5,4,5,4,4,4,5,4
c74a011a,Chile,Non-English,Psychology,5th Year,26+,Female/Woman,I do not have an SpLD,4,2,5,3,5,2,5,5,5,3,5,2,3,2
cc262462,Chile,Non-English,Psychology,2nd Year,18-21,Female/Woman,I do not have an SpLD,1,2,2,2,4,2,4,2,2,1,1,3,1,2
d873429c,Chile,Non-English,Social Sciences,NA,NA,NA,NA,3,3,3,3,4,3,5,3,4,3,3,3,4,1
df48ffa8,Chile,Non-English,Social Sciences,4th Year,18-21,Male/Man,I do not have an SpLD,2,2,3,2,5,1,5,3,4,1,1,3,5,1
f07318cf,Chile,Non-English,Psychology,2nd Year,18-21,Female/Woman,I do not have an SpLD,4,3,2,2,5,4,5,2,4,5,4,1,5,3
f10b2506,Chile,Non-English,Social Sciences,2nd Year,18-21,Female/Woman,I do not have an SpLD,2,5,1,4,4,1,5,4,4,2,4,5,4,1
f1ff1a68,Chile,Non-English,Social Sciences,NA,26+,Male/Man,I do not have an SpLD,4,2,1,3,4,1,1,2,1,2,1,2,3,1
f4236323,Chile,Non-English,Psychology,2nd Year,18-21,Female/Woman,I do not have an SpLD,3,1,3,1,3,4,1,3,2,2,3,1,4,2
f6a58af4,Chile,Non-English,Psychology,3rd Year,18-21,Female/Woman,I do not have an SpLD,4,4,3,4,5,3,5,5,5,1,1,5,5,2
f94f67f9,Chile,Non-English,Social Sciences,2nd Year,18-21,Male/Man,I do not have an SpLD,4,3,3,4,5,4,4,3,5,3,3,4,5,2
f9f6210b,Chile,Non-English,Psychology,NA,NA,NA,NA,5,3,1,3,5,1,1,3,2,4,1,1,3,2
fa4f6646,Chile,Non-English,Psychology,2nd Year,18-21,Male/Man,I do not have an SpLD,4,5,2,2,4,1,3,4,3,2,1,3,2,1
fa67d22c,Chile,Non-English,Social Sciences,2nd Year,18-21,Male/Man,ADHD/ADD,4,3,3,3,5,3,5,4,5,4,1,4,5,3
fd6811f0,Chile,Non-English,Social Sciences,4th Year,26+,Female/Woman,I do not have an SpLD,5,4,4,4,4,3,5,4,5,4,4,3,3,4
ffd3400a,Chile,Non-English,Social Sciences,5th Year,22-25,Female/Woman,I do not have an SpLD,5,3,4,3,5,3,5,4,5,5,5,3,5,5
54882f97,Brazil,Non-English,Psychology,4th Year,NA,Male/Man,I do not have an SpLD,4,3,3,2,4,4,4,4,3,4,2,4,3,4
6c599301,Brazil,Non-English,Psychology,5th Year,18-21,Male/Man,I do not have an SpLD,4,3,4,3,4,2,4,5,4,4,3,3,3,3
78967c95,Brazil,Non-English,Psychology,5th Year,22-25,Female/Woman,I do not have an SpLD,5,5,2,2,5,4,5,4,5,4,2,5,4,2
b3c9b40a,Brazil,Non-English,Psychology,4th Year,NA,Male/Man,I do not have an SpLD,3,1,2,1,3,1,3,1,3,1,1,1,3,1
dfa14d63,Brazil,Non-English,Psychology,4th Year,22-25,Female/Woman,I do not have an SpLD,4,2,4,2,4,4,3,3,1,5,4,2,3,4
021c16ab,Austria,Non-English,Psychology,1st Year,18-21,Female/Woman,I do not have an SpLD,3,1,2,1,3,3,3,1,2,2,2,1,1,2
06977bf5,Austria,Non-English,Psychology,1st Year,18-21,Female/Woman,I do not have an SpLD,3,2,1,1,5,2,5,3,4,4,2,1,1,1
0afd7386,Austria,Non-English,Psychology,1st Year,22-25,Female/Woman,I do not have an SpLD,5,1,1,1,5,1,5,3,5,4,4,2,2,3
0b3fbfaf,Austria,Non-English,Psychology,1st Year,26+,Male/Man,I do not have an SpLD,1,1,1,1,3,1,3,1,2,2,1,1,1,1
0b456d5f,Austria,Non-English,Psychology,1st Year,18-21,Female/Woman,I do not have an SpLD,3,2,3,1,5,1,5,2,5,1,1,2,1,1
0f2d69ad,Austria,Non-English,Psychology,1st Year,18-21,Female/Woman,I do not have an SpLD,2,2,1,1,3,1,3,1,3,1,1,1,1,1
0fac0f4c,Austria,Non-English,Psychology,1st Year,18-21,Female/Woman,I do not have an SpLD,2,4,1,1,2,1,2,4,2,4,1,4,1,2
0fd06b1f,Austria,Non-English,Psychology,1st Year,18-21,Male/Man,I do not have an SpLD,2,1,1,1,3,1,3,2,2,2,3,2,1,2
0ffb51fa,Austria,Non-English,Psychology,1st Year,18-21,Female/Woman,I do not have an SpLD,5,3,4,1,5,1,5,1,5,4,4,1,5,1
12617626,Austria,Non-English,Psychology,1st Year,18-21,Female/Woman,I do not have an SpLD,2,2,3,1,5,1,4,1,4,4,3,1,2,2
12d8857f,Austria,Non-English,Psychology,1st Year,22-25,Female/Woman,ADHD/ADD,3,1,2,1,2,1,1,1,2,4,2,2,1,3
13ff57d1,Austria,Non-English,Psychology,1st Year,18-21,Female/Woman,I do not have an SpLD,4,2,2,2,4,1,4,2,4,3,3,2,2,3
14d9cf1d,Austria,Non-English,Psychology,1st Year,18-21,Male/Man,I do not have an SpLD,2,1,1,1,2,1,2,1,2,2,1,1,1,1
15c64363,Austria,Non-English,Psychology,1st Year,18-21,Female/Woman,I do not have an SpLD,2,2,1,2,4,2,5,2,4,1,1,2,1,1
15f13d29,Austria,Non-English,Psychology,1st Year,18-21,Female/Woman,Other - Undiagnosed ADHD/ADD,5,2,1,1,2,1,2,1,2,1,2,1,2,1
18814ac9,Austria,Non-English,Psychology,1st Year,18-21,Female/Woman,I do not have an SpLD,1,1,2,1,4,1,3,4,3,1,1,1,1,1
1969316f,Austria,Non-English,Psychology,1st Year,18-21,Female/Woman,I do not have an SpLD,3,1,1,1,4,1,4,1,4,2,2,1,1,1
197ff0af,Austria,Non-English,Psychology,1st Year,26+,Male/Man,NA,3,2,2,1,5,1,5,3,5,2,2,1,2,2
1d4bd0a1,Austria,Non-English,Psychology,1st Year,22-25,Male/Man,I do not have an SpLD,1,1,1,1,2,1,2,2,1,2,1,2,1,1
1ff6279b,Austria,Non-English,Psychology,1st Year,18-21,Male/Man,I do not have an SpLD,2,2,3,1,3,1,4,1,3,2,2,1,1,2
236bda52,Austria,Non-English,Psychology,1st Year,18-21,Female/Woman,I do not have an SpLD,4,2,4,2,5,2,5,2,5,3,2,2,4,2
26b5819f,Austria,Non-English,Psychology,1st Year,22-25,Female/Woman,I do not have an SpLD,2,1,2,1,2,1,3,3,3,2,2,2,1,1
2857ba66,Austria,Non-English,Psychology,1st Year,22-25,Female/Woman,I do not have an SpLD,1,1,1,1,2,1,2,1,2,1,1,1,1,1
2979f645,Austria,Non-English,Psychology,1st Year,18-21,Female/Woman,I do not have an SpLD,2,3,2,1,4,1,4,1,4,3,2,2,1,2
2cf1bcf3,Austria,Non-English,Psychology,1st Year,18-21,Female/Woman,I do not have an SpLD,4,2,4,1,4,1,4,3,4,4,2,2,1,1
2f075bc1,Austria,Non-English,Psychology,1st Year,18-21,Female/Woman,Dyslexia,3,2,2,1,5,1,3,3,4,4,2,2,2,1
30dfb9af,Austria,Non-English,Psychology,1st Year,18-21,Female/Woman,I do not have an SpLD,2,1,1,1,2,1,3,1,2,1,1,1,2,1
31c815ac,Austria,Non-English,Psychology,1st Year,18-21,Female/Woman,I do not have an SpLD,2,2,2,1,3,1,2,1,2,2,1,2,1,1
33289234,Austria,Non-English,Psychology,2nd Year,26+,Female/Woman,I do not have an SpLD,4,4,2,2,5,1,5,4,5,3,3,3,3,2
3717a3fd,Austria,Non-English,Psychology,1st Year,18-21,Female/Woman,I do not have an SpLD,3,1,2,1,5,2,5,2,5,2,1,1,2,2
38faf57b,Austria,Non-English,Psychology,1st Year,18-21,Female/Woman,I do not have an SpLD,2,1,1,1,3,2,1,1,2,3,1,1,2,2
3a005c44,Austria,Non-English,Psychology,1st Year,18-21,Female/Woman,I do not have an SpLD,3,3,3,1,4,2,3,1,4,2,3,2,1,1
3baf1614,Austria,Non-English,Psychology,1st Year,18-21,Female/Woman,I do not have an SpLD,4,3,3,2,5,3,5,3,5,4,4,3,3,4
3f12a156,Austria,Non-English,Psychology,1st Year,18-21,Female/Woman,I do not have an SpLD,4,1,3,1,5,1,5,5,5,5,4,2,3,2
3ffac1b1,Austria,Non-English,Psychology,1st Year,18-21,Female/Woman,I do not have an SpLD,5,1,1,1,5,1,5,4,5,3,3,2,5,2
4205315f,Austria,Non-English,Psychology,1st Year,18-21,Female/Woman,I do not have an SpLD,1,1,2,1,3,1,1,1,2,1,3,2,1,2
42f6df27,Austria,Non-English,Psychology,1st Year,26+,Male/Man,NA,1,1,1,1,3,1,3,1,2,1,1,1,1,1
438c3d32,Austria,Non-English,Psychology,1st Year,18-21,Male/Man,I do not have an SpLD,3,2,2,1,3,1,4,3,4,3,3,1,3,2
44d46d6f,Austria,Non-English,Psychology,1st Year,18-21,Female/Woman,Dysgraphia/Dysorthography,1,1,2,1,1,1,1,1,1,1,2,1,1,1
459d096c,Austria,Non-English,Psychology,1st Year,22-25,Male/Man,"Dyslexia, Dysgraphia/Dysorthography",3,1,2,1,5,1,4,3,5,3,3,2,4,3
468bdfdf,Austria,Non-English,Psychology,1st Year,18-21,Female/Woman,I do not have an SpLD,4,2,2,2,5,2,4,2,4,3,2,3,2,2
4692cfb7,Austria,Non-English,Psychology,1st Year,18-21,Female/Woman,I do not have an SpLD,2,2,1,1,4,1,4,1,4,1,1,2,2,1
4a660a1c,Austria,Non-English,Psychology,1st Year,18-21,Female/Woman,I do not have an SpLD,4,1,2,4,4,1,4,1,4,2,3,2,3,1
51104358,Austria,Non-English,Psychology,2nd Year,22-25,Female/Woman,I do not have an SpLD,2,2,4,2,4,1,4,3,3,4,4,1,4,4
52180bbf,Austria,Non-English,Psychology,1st Year,18-21,Female/Woman,I do not have an SpLD,1,1,1,1,2,1,2,1,1,3,3,1,2,2
5271272c,Austria,Non-English,Psychology,1st Year,18-21,Female/Woman,I do not have an SpLD,5,2,5,2,5,2,5,4,5,4,4,3,4,4
5313f355,Austria,Non-English,Psychology,1st Year,22-25,Female/Woman,Dyslexia,2,3,2,1,3,1,3,2,3,2,1,1,2,1
545b9d88,Austria,Non-English,Psychology,1st Year,18-21,Female/Woman,I do not have an SpLD,4,4,3,4,4,3,3,3,4,3,3,4,3,3
555ac357,Austria,Non-English,Psychology,1st Year,22-25,Female/Woman,I do not have an SpLD,4,2,2,2,4,2,4,4,4,4,2,1,2,2
5cc919da,Austria,Non-English,Psychology,1st Year,18-21,Female/Woman,I do not have an SpLD,4,3,3,1,5,1,5,3,5,2,2,2,1,1
5f8c1923,Austria,Non-English,Psychology,1st Year,18-21,Female/Woman,I do not have an SpLD,2,1,1,1,3,1,3,1,3,1,1,1,1,1
626639bb,Austria,Non-English,Psychology,1st Year,18-21,Male/Man,I do not have an SpLD,2,2,2,1,4,1,4,3,4,3,3,1,2,3
6635d1db,Austria,Non-English,Psychology,1st Year,18-21,Female/Woman,NA,3,4,4,3,3,2,4,2,4,2,2,2,1,1
68fd05ca,Austria,Non-English,Psychology,1st Year,18-21,Female/Woman,I do not have an SpLD,5,1,1,1,5,1,5,5,5,4,1,1,1,1
6b561f7b,Austria,Non-English,Psychology,1st Year,18-21,Female/Woman,NA,3,3,1,1,5,1,5,2,4,4,2,1,2,1
6fcff5d3,Austria,Non-English,Psychology,1st Year,18-21,Male/Man,I do not have an SpLD,2,2,2,1,2,1,3,2,2,2,3,2,1,1
71d64c34,Austria,Non-English,Psychology,1st Year,18-21,Female/Woman,I do not have an SpLD,1,1,1,1,2,1,2,1,2,2,1,1,1,1
789a4cbd,Austria,Non-English,Psychology,1st Year,18-21,Male/Man,I do not have an SpLD,2,1,4,1,4,1,3,3,4,1,1,2,1,1
79c91db7,Austria,Non-English,Psychology,1st Year,18-21,Female/Woman,I do not have an SpLD,3,4,5,1,5,1,5,4,5,3,2,3,3,2
79ffa5a7,Austria,Non-English,Psychology,1st Year,18-21,Female/Woman,I do not have an SpLD,4,2,3,2,4,2,3,2,4,1,1,2,2,1
7a2d4411,Austria,Non-English,Psychology,1st Year,18-21,Female/Woman,I do not have an SpLD,1,1,2,1,1,1,1,1,2,2,1,1,1,1
7ab696f5,Austria,Non-English,Psychology,1st Year,18-21,Female/Woman,I do not have an SpLD,4,2,3,1,4,1,4,4,4,4,3,2,2,2
7c909a41,Austria,Non-English,Psychology,1st Year,18-21,Male/Man,I do not have an SpLD,1,1,1,1,2,1,2,1,2,3,2,1,2,1
7d757496,Austria,Non-English,Psychology,1st Year,22-25,Female/Woman,I do not have an SpLD,4,3,4,2,5,2,4,3,5,3,4,2,2,2
7fb61f22,Austria,Non-English,Psychology,1st Year,18-21,Female/Woman,NA,4,5,4,1,5,1,5,2,5,3,3,1,2,2
81c6d2ab,Austria,Non-English,Psychology,1st Year,22-25,Female/Woman,I do not have an SpLD,3,2,3,1,3,1,3,2,4,3,3,1,3,3
8477f0a6,Austria,Non-English,Psychology,1st Year,18-21,Male/Man,I do not have an SpLD,1,1,1,1,2,1,2,1,2,1,1,1,1,1
85511fbb,Austria,Non-English,Psychology,1st Year,18-21,Female/Woman,I do not have an SpLD,2,1,1,1,3,1,3,2,3,2,2,1,1,2
87d6af76,Austria,Non-English,Psychology,1st Year,18-21,Female/Woman,I do not have an SpLD,3,2,1,1,3,1,3,3,2,1,1,2,2,1
8c1d474a,Austria,Non-English,Psychology,1st Year,18-21,Female/Woman,Dysgraphia/Dysorthography,2,2,3,1,4,1,4,2,3,2,2,2,1,2
8f2143f8,Austria,Non-English,Psychology,1st Year,18-21,Female/Woman,I do not have an SpLD,3,1,2,1,2,1,3,2,3,3,2,1,1,1
93f27063,Austria,Non-English,Psychology,1st Year,26+,Female/Woman,I do not have an SpLD,2,1,2,1,4,1,3,1,4,2,1,1,1,1
93fd6095,Austria,Non-English,Psychology,1st Year,22-25,Female/Woman,I do not have an SpLD,4,2,2,2,5,1,5,3,5,4,4,2,2,4
947acadc,Austria,Non-English,Psychology,1st Year,18-21,Female/Woman,I do not have an SpLD,2,1,1,1,4,1,4,1,4,2,2,1,1,2
a3113f34,Austria,Non-English,Psychology,1st Year,18-21,Male/Man,I do not have an SpLD,2,4,3,3,3,3,2,3,2,3,2,2,4,2
a4d16f2c,Austria,Non-English,Psychology,1st Year,22-25,Female/Woman,I do not have an SpLD,3,1,3,1,4,1,4,2,4,3,2,2,1,3
a81d109b,Austria,Non-English,Psychology,1st Year,22-25,Male/Man,I do not have an SpLD,5,5,3,3,5,4,5,4,5,5,4,3,3,3
aafac64a,Austria,Non-English,Psychology,1st Year,26+,Male/Man,I do not have an SpLD,2,1,2,1,2,1,3,1,2,3,1,2,1,1
ac676d1d,Austria,Non-English,Psychology,1st Year,22-25,Male/Man,I do not have an SpLD,2,2,3,1,3,1,4,3,3,1,2,2,1,1
b12260ff,Austria,Non-English,Psychology,1st Year,18-21,Male/Man,I do not have an SpLD,3,1,2,1,4,1,3,2,3,3,3,2,1,3
b8ff2f78,Austria,Non-English,Psychology,1st Year,18-21,Female/Woman,I do not have an SpLD,4,1,1,1,5,1,5,2,5,5,5,1,3,3
bc66693d,Austria,Non-English,Psychology,1st Year,18-21,Female/Woman,I do not have an SpLD,4,4,3,3,4,2,4,3,5,4,4,3,1,4
bf3b20f8,Austria,Non-English,Psychology,1st Year,18-21,Female/Woman,I do not have an SpLD,1,2,2,1,3,1,3,1,2,3,3,1,1,2
bf4df61a,Austria,Non-English,Psychology,1st Year,18-21,Another Gender,I do not have an SpLD,2,1,2,1,4,1,3,2,3,4,2,1,1,1
bf6281d3,Austria,Non-English,Psychology,1st Year,18-21,Female/Woman,I do not have an SpLD,2,1,1,1,4,1,5,2,4,5,2,1,3,3
c0577f33,Austria,Non-English,Psychology,NA,22-25,Male/Man,I do not have an SpLD,3,1,1,1,4,1,4,1,4,2,2,1,2,1
c4c30427,Austria,Non-English,Psychology,1st Year,18-21,Female/Woman,I do not have an SpLD,4,1,2,2,5,1,5,4,5,4,4,1,2,2
c7319c6d,Austria,Non-English,Psychology,1st Year,18-21,Female/Woman,I do not have an SpLD,5,2,4,1,5,1,5,1,5,2,2,2,1,1
c872bb5d,Austria,Non-English,Psychology,1st Year,18-21,Male/Man,NA,5,1,1,1,4,1,4,1,4,1,1,1,3,1
d4430396,Austria,Non-English,Psychology,1st Year,22-25,Female/Woman,I do not have an SpLD,3,3,3,2,5,2,5,3,5,5,3,3,3,2
d9a7bcb3,Austria,Non-English,Psychology,1st Year,18-21,Female/Woman,I do not have an SpLD,3,2,1,2,4,2,4,1,5,2,3,2,4,2
dc651fbc,Austria,Non-English,Psychology,1st Year,18-21,Male/Man,I do not have an SpLD,3,3,1,1,3,1,3,3,3,1,2,1,1,2
dd0f8504,Austria,Non-English,Psychology,1st Year,18-21,Female/Woman,I do not have an SpLD,2,1,1,1,4,1,4,1,4,1,1,1,1,1
f1dad0f9,Austria,Non-English,Psychology,1st Year,18-21,Female/Woman,I do not have an SpLD,3,2,3,1,5,1,5,2,4,2,2,3,3,2
f2ba7ddc,Austria,Non-English,Psychology,1st Year,26+,Female/Woman,I do not have an SpLD,2,1,1,1,2,1,2,1,2,1,1,1,1,1
f36a0f87,Austria,Non-English,Psychology,1st Year,18-21,Female/Woman,I do not have an SpLD,4,4,4,1,5,3,5,5,5,5,5,4,1,4
f4467a08,Austria,Non-English,Psychology,1st Year,18-21,Female/Woman,ADHD/ADD,3,1,1,1,3,1,4,1,4,2,2,1,1,1
f4a7a05f,Austria,Non-English,Psychology,1st Year,18-21,Female/Woman,I do not have an SpLD,4,4,4,2,4,2,4,4,5,2,4,2,1,2
f68c2fa1,Austria,Non-English,Psychology,1st Year,18-21,Female/Woman,I do not have an SpLD,1,2,3,3,2,2,2,3,1,3,3,2,1,3
f6fd76c6,Austria,Non-English,Psychology,2nd Year,18-21,NA,ADHD/ADD,2,3,1,1,3,1,3,3,1,3,2,2,2,4
f73351dc,Austria,Non-English,Psychology,1st Year,18-21,Male/Man,I do not have an SpLD,1,1,1,1,2,1,2,1,2,2,1,1,1,1
f7ff214a,Austria,Non-English,Psychology,1st Year,18-21,Male/Man,I do not have an SpLD,2,1,3,1,5,1,5,1,5,3,1,1,2,1
fa1c5ca2,Austria,Non-English,Psychology,1st Year,18-21,Female/Woman,I do not have an SpLD,2,1,2,1,4,1,4,1,4,3,1,1,1,2
fa233f53,Austria,Non-English,Psychology,1st Year,18-21,Female/Woman,I do not have an SpLD,3,1,2,1,5,1,4,1,4,2,3,1,1,2
fd6cf5f4,Austria,Non-English,Psychology,1st Year,22-25,Male/Man,I do not have an SpLD,1,1,1,1,3,1,3,1,2,2,2,1,1,1
fdcfaf44,Austria,Non-English,Psychology,1st Year,18-21,Female/Woman,I do not have an SpLD,3,3,4,1,5,1,4,4,4,3,4,3,1,3
ff078bcd,Austria,Non-English,Psychology,1st Year,18-21,Female/Woman,I do not have an SpLD,1,1,1,1,2,1,2,1,2,1,3,1,1,2
ff18f3c5,Austria,Non-English,Psychology,1st Year,18-21,Female/Woman,I do not have an SpLD,4,4,2,2,4,1,4,3,4,4,3,2,3,2
ff238f93,Austria,Non-English,Psychology,1st Year,18-21,Male/Man,I do not have an SpLD,3,1,2,1,2,1,2,2,3,1,2,1,1,1
ff525792,Austria,Non-English,Psychology,1st Year,22-25,Female/Woman,Other - Undiagnosed ADHD/ADD,3,1,2,1,4,1,4,2,4,2,3,1,1,2
030d9a4b,Philippines,English,Psychology,2nd Year,18-21,Female/Woman,I do not have an SpLD,3,3,2,3,4,2,2,2,3,4,4,3,2,4
0f9fff86,Philippines,English,Psychology,4th Year,18-21,Female/Woman,I do not have an SpLD,3,3,3,3,5,3,5,4,4,5,5,4,4,4
10bb4b8c,Philippines,English,Psychology,1st Year,18-21,Male/Man,I do not have an SpLD,4,3,4,2,5,4,5,4,4,4,3,4,4,3
1ffb8244,Philippines,English,Psychology,2nd Year,18-21,Female/Woman,NA,3,4,2,4,4,1,3,1,4,4,4,3,5,4
5738248f,Philippines,English,Psychology,3rd Year,18-21,Female/Woman,I do not have an SpLD,3,5,4,5,5,3,5,4,4,5,5,5,5,3
5b0a37ac,Philippines,English,Psychology,4th Year,22-25,Female/Woman,I do not have an SpLD,5,3,4,1,4,2,5,4,5,4,2,1,5,2
66f0941c,Philippines,English,Psychology,1st Year,18-21,Female/Woman,I do not have an SpLD,2,3,3,2,3,1,2,2,2,3,2,2,2,2
6b5f4f10,Philippines,English,Psychology,2nd Year,18-21,Female/Woman,I do not have an SpLD,4,3,1,1,4,2,2,2,1,2,3,2,4,1
6d225851,Philippines,English,Social Sciences,3rd Year,22-25,Female/Woman,I do not have an SpLD,2,3,1,1,4,4,4,2,4,4,4,2,4,3
72154b07,Philippines,English,Psychology,2nd Year,18-21,Another Gender,I do not have an SpLD,4,3,3,3,4,1,5,3,4,3,3,3,5,3
83126f4c,Philippines,English,Psychology,2nd Year,18-21,Male/Man,I do not have an SpLD,4,4,3,3,5,3,5,4,5,3,3,3,5,1
856285a3,Philippines,English,Psychology,2nd Year,18-21,Male/Man,I do not have an SpLD,1,2,1,1,2,2,2,1,2,2,2,2,3,2
9533fd13,Philippines,English,Psychology,3rd Year,18-21,Female/Woman,I do not have an SpLD,3,3,4,3,5,1,5,3,5,2,3,3,5,3
9561428f,Philippines,English,Psychology,3rd Year,18-21,Female/Woman,I do not have an SpLD,2,3,3,2,3,1,3,2,2,2,1,2,2,1
a85af8bd,Philippines,English,Psychology,4th Year,18-21,Another Gender,I do not have an SpLD,5,5,4,4,5,4,5,4,5,4,3,3,5,3
ab41f872,Philippines,English,Psychology,1st Year,18-21,Female/Woman,I do not have an SpLD,5,4,3,4,5,3,5,5,5,5,5,4,5,1
ad546ccc,Philippines,English,Psychology,4th Year,22-25,Female/Woman,I do not have an SpLD,3,4,3,2,4,3,4,3,2,3,3,3,3,3
af865ff7,Philippines,English,Psychology,4th Year,NA,NA,I do not have an SpLD,2,2,2,2,2,2,5,2,4,4,4,2,4,3
b3dc4d4d,Philippines,English,Social Sciences,NA,NA,NA,NA,3,3,5,4,4,1,4,4,4,4,4,4,3,2
c2c03480,Philippines,English,Psychology,4th Year,18-21,Female/Woman,I do not have an SpLD,4,5,4,2,4,2,2,4,2,4,3,1,3,3
c9c9f12f,Philippines,English,Psychology,2nd Year,18-21,Female/Woman,I do not have an SpLD,5,2,4,2,5,2,5,5,5,5,4,2,5,4
f087dd7a,Philippines,English,Psychology,3rd Year,18-21,Female/Woman,I do not have an SpLD,4,5,5,4,5,4,4,5,4,5,5,4,4,3
f7a5c2f3,Philippines,English,Psychology,1st Year,18-21,Female/Woman,I do not have an SpLD,3,3,3,3,4,1,4,3,3,3,2,3,5,2
f8a7f849,Philippines,English,Psychology,4th Year,22-25,Female/Woman,I do not have an SpLD,5,5,5,3,5,4,5,5,5,4,3,4,5,4
69f994f1,Australia,English,Psychology,3rd Year,18-21,Male/Man,I do not have an SpLD,2,2,1,2,3,1,3,1,2,2,2,2,1,2
8254432c,Australia,English,Psychology,1st Year,18-21,Female/Woman,I do not have an SpLD,5,2,1,1,5,3,5,3,4,5,2,2,5,1
bd45aa46,Australia,English,Psychology,2nd Year,26+,Female/Woman,ADHD/ADD,4,1,1,1,5,3,5,1,5,5,3,1,3,3
dd7d1793,Australia,English,Psychology,2nd Year,18-21,Female/Woman,I do not have an SpLD,5,3,5,3,5,5,5,5,3,4,4,5,5,4
f834686b,Australia,English,Psychology,2nd Year,18-21,Female/Woman,I do not have an SpLD,2,1,3,1,3,1,2,2,1,1,2,2,3,1
049f68b0,Australia,English,Psychology,3rd Year,18-21,Female/Woman,I do not have an SpLD,2,1,1,1,2,1,2,1,2,1,1,1,1,1
12f75cd0,Australia,English,Psychology,4th Year,22-25,Female/Woman,I do not have an SpLD,3,3,3,2,5,5,4,5,3,3,3,2,4,4
16bc8684,Australia,English,Psychology,3rd Year,22-25,Female/Woman,I do not have an SpLD,4,2,3,2,5,1,5,3,5,4,2,3,4,3
2ad300f7,Australia,English,Psychology,3rd Year,22-25,Female/Woman,I do not have an SpLD,4,2,1,3,5,3,5,2,5,5,4,2,3,4
3b69b1f1,Australia,English,Psychology,3rd Year,22-25,Female/Woman,I do not have an SpLD,2,1,1,1,2,1,2,1,2,1,1,1,1,1
3d5fcfb7,Australia,English,Psychology,3rd Year,18-21,Female/Woman,I do not have an SpLD,4,1,1,1,5,1,5,2,5,4,3,1,4,3
5657f4a8,Australia,English,Psychology,3rd Year,18-21,Female/Woman,ADHD/ADD,5,4,5,3,5,4,5,3,5,4,4,5,5,4
5a4bf42f,Australia,English,Psychology,3rd Year,18-21,Male/Man,I do not have an SpLD,2,1,2,1,3,1,3,1,2,2,2,1,4,2
7bc20f6d,Australia,English,Psychology,3rd Year,26+,Male/Man,I do not have an SpLD,2,2,1,2,2,1,2,2,2,1,2,2,1,2
805f87c7,Australia,English,Psychology,3rd Year,26+,Female/Woman,NA,2,1,1,1,2,1,3,2,3,1,2,1,2,3
8b703caa,Australia,English,Psychology,4th Year,18-21,Female/Woman,I do not have an SpLD,2,2,2,1,4,1,4,2,3,2,2,2,3,1
a87313fb,Australia,English,Psychology,3rd Year,22-25,Female/Woman,ADHD/ADD,4,1,1,2,4,1,4,1,4,1,1,2,1,1
b010f8ab,Australia,English,Psychology,2nd Year,18-21,Female/Woman,I do not have an SpLD,3,5,4,2,5,2,5,4,4,4,4,3,4,4
c3529842,Australia,English,Psychology,3rd Year,26+,Male/Man,I do not have an SpLD,1,1,1,1,2,1,2,1,2,2,2,1,3,2
ca01327a,Australia,English,Psychology,3rd Year,26+,Male/Man,ADHD/ADD,5,5,3,3,5,2,5,4,5,4,4,4,5,2
f072d41f,Australia,English,Psychology,1st Year,22-25,Female/Woman,I do not have an SpLD,1,2,1,1,4,1,2,1,3,4,3,2,2,3
04928a0f,Canada,English,Psychology,3rd Year,18-21,Male/Man,I do not have an SpLD,2,2,2,2,3,1,3,2,3,4,3,3,3,2
05c15a6c,Canada,English,Social Sciences,1st Year,18-21,Female/Woman,I do not have an SpLD,4,4,4,3,4,2,3,3,4,5,5,4,2,3
1561361c,Canada,English,Psychology,3rd Year,18-21,Female/Woman,I do not have an SpLD,4,1,1,1,5,2,4,3,4,4,3,1,4,3
1b9fc0a4,Canada,English,Psychology,3rd Year,18-21,Female/Woman,I do not have an SpLD,2,3,3,3,3,2,3,3,3,4,3,4,3,4
1dc0c07c,Canada,English,Business & Finance,2nd Year,18-21,Female/Woman,I do not have an SpLD,3,2,3,1,5,1,4,2,3,4,2,2,4,4
226888bf,Canada,English,Psychology,4th Year,22-25,Female/Woman,I do not have an SpLD,4,3,3,3,5,2,5,2,4,5,4,3,5,3
22f86bf2,Canada,English,Psychology,1st Year,18-21,Female/Woman,I do not have an SpLD,5,5,5,5,5,5,5,5,5,5,5,5,5,5
28859475,Canada,English,Psychology,1st Year,18-21,Female/Woman,ADHD/ADD,3,1,2,1,4,1,5,1,4,4,4,1,4,3
296617f0,Canada,English,Psychology,1st Year,18-21,Female/Woman,I do not have an SpLD,3,2,1,1,3,1,2,1,2,2,2,1,3,2
31d0dbb4,Canada,English,Social Sciences,1st Year,18-21,Female/Woman,I do not have an SpLD,5,1,2,1,5,1,5,2,5,2,2,2,4,1
399aa315,Canada,English,Psychology,3rd Year,18-21,Female/Woman,I do not have an SpLD,3,2,2,3,5,2,5,2,4,3,2,2,4,4
42f6f733,Canada,English,Psychology,4th Year,18-21,Male/Man,I do not have an SpLD,2,2,1,1,1,2,1,1,2,1,1,2,2,1
50434729,Canada,English,Psychology,2nd Year,26+,Male/Man,"ADHD/ADD, Dysgraphia/Dysorthography",4,1,3,1,3,1,4,4,2,1,2,3,2,1
52df5c01,Canada,English,Psychology,1st Year,18-21,Male/Man,I do not have an SpLD,4,1,2,1,4,1,4,2,5,2,1,2,2,1
55bdbb54,Canada,English,Psychology,1st Year,18-21,Male/Man,I do not have an SpLD,4,4,3,2,4,3,4,4,4,3,5,4,3,5
594acffa,Canada,English,Social Sciences,1st Year,18-21,Female/Woman,I do not have an SpLD,1,1,3,1,4,1,2,1,4,3,3,3,2,2
6ff376f9,Canada,English,Business & Finance,1st Year,18-21,Male/Man,I do not have an SpLD,4,1,2,1,4,4,4,2,4,1,3,2,4,1
7658b898,Canada,English,Social Sciences,4th Year,22-25,Female/Woman,I do not have an SpLD,2,2,2,2,2,2,2,2,2,2,2,2,1,2
7f67c0db,Canada,English,Psychology,2nd Year,18-21,Female/Woman,I do not have an SpLD,4,4,4,3,4,1,4,2,4,3,4,3,4,3
8bcd63bf,Canada,English,Psychology,1st Year,18-21,Female/Woman,I do not have an SpLD,3,2,3,3,5,3,4,2,5,2,3,3,4,3
91947292,Canada,English,Psychology,1st Year,18-21,Female/Woman,I do not have an SpLD,3,2,2,2,5,4,5,3,5,5,4,2,5,4
a7234ffa,Canada,English,Psychology,4th Year,22-25,Female/Woman,I do not have an SpLD,4,3,3,3,5,1,5,2,5,3,2,2,5,1
ab499f88,Canada,English,Psychology,2nd Year,18-21,Female/Woman,I do not have an SpLD,5,3,3,3,5,1,5,3,5,4,2,5,2,2
af38a2f2,Canada,English,Psychology,1st Year,18-21,Female/Woman,I do not have an SpLD,5,5,5,4,5,5,5,4,5,5,5,5,4,4
b3cf6413,Canada,English,Psychology,1st Year,18-21,Male/Man,NA,3,4,3,2,4,2,5,1,4,5,3,2,5,3
bd1d7183,Canada,English,Psychology,NA,18-21,Male/Man,I do not have an SpLD,4,3,2,2,4,2,4,4,4,4,2,4,3,3
bfa29096,Canada,English,Psychology,1st Year,18-21,Female/Woman,I do not have an SpLD,5,3,4,3,4,5,3,3,4,5,4,5,4,3
cf908693,Canada,English,Psychology,1st Year,18-21,Male/Man,I do not have an SpLD,5,2,3,1,5,1,4,2,5,4,4,2,3,4
f8f71939,Canada,English,Social Sciences,4th Year,22-25,Female/Woman,I do not have an SpLD,5,1,2,1,5,1,5,3,5,4,4,1,5,4
041051a5,England,English,Psychology,1st Year,18-21,Male/Man,Dyspraxia,3,3,3,2,5,3,5,3,4,2,1,2,4,2
085caf96,England,English,Psychology,2nd Year,22-25,Female/Woman,I do not have an SpLD,5,3,5,3,5,4,5,4,5,5,5,3,3,3
097176a0,England,English,Psychology,2nd Year,22-25,Female/Woman,I do not have an SpLD,4,5,4,4,4,5,5,4,4,4,2,4,4,4
0aff0f22,England,English,Psychology,1st Year,18-21,Female/Woman,I do not have an SpLD,5,5,3,5,5,4,5,5,5,4,4,4,5,4
0df9f4d9,England,English,Psychology,2nd Year,18-21,Female/Woman,I do not have an SpLD,5,4,4,4,5,4,5,3,5,3,4,4,3,3
11f035f7,England,English,Psychology,1st Year,22-25,Female/Woman,Dyslexia,3,3,4,4,5,4,5,4,5,3,3,2,4,3
1535474c,England,English,Psychology,2nd Year,18-21,Female/Woman,I do not have an SpLD,4,4,4,3,5,3,5,4,4,2,3,4,3,2
186132cd,England,English,Psychology,1st Year,18-21,Male/Man,I do not have an SpLD,4,3,3,2,3,2,3,3,4,2,1,3,2,1
1f143810,England,English,Psychology,1st Year,18-21,Female/Woman,I do not have an SpLD,2,2,3,2,3,4,4,3,3,1,2,4,3,2
1ffa9a53,England,English,Psychology,1st Year,18-21,Female/Woman,I do not have an SpLD,5,4,4,2,5,3,5,4,5,5,5,3,3,5
28f13310,England,English,Psychology,1st Year,18-21,Female/Woman,I do not have an SpLD,4,4,3,3,4,3,5,4,4,3,2,4,3,2
293850d6,England,English,Psychology,2nd Year,26+,Female/Woman,Dyslexia,5,4,3,3,5,1,5,1,5,2,4,3,2,2
2c97c616,England,English,Psychology,2nd Year,22-25,Female/Woman,I do not have an SpLD,2,2,3,1,4,1,4,1,4,2,3,1,3,2
2cb1d609,England,English,Psychology,1st Year,18-21,Female/Woman,I do not have an SpLD,3,3,1,2,4,2,5,2,4,4,4,3,4,3
2d6ac03a,England,English,Psychology,1st Year,18-21,Female/Woman,I do not have an SpLD,4,1,3,1,5,1,5,3,4,3,5,2,4,5
2f2b7bfb,England,English,Psychology,1st Year,18-21,Female/Woman,I do not have an SpLD,4,3,4,3,5,2,5,3,4,3,3,1,4,3
305a3b40,England,English,Psychology,2nd Year,18-21,Female/Woman,I do not have an SpLD,4,3,3,2,5,1,4,1,4,5,5,3,2,4
30cff6b0,England,English,Psychology,2nd Year,18-21,Female/Woman,I do not have an SpLD,3,2,2,2,5,1,5,2,5,3,3,2,2,2
36a7b762,England,English,Psychology,1st Year,18-21,Female/Woman,I do not have an SpLD,3,1,2,1,4,1,4,3,4,3,2,2,2,2
36f2622f,England,English,Psychology,2nd Year,18-21,Female/Woman,I do not have an SpLD,3,1,1,1,4,1,3,1,3,5,4,2,2,4
3c4af9a9,England,English,Psychology,1st Year,22-25,Female/Woman,I do not have an SpLD,5,5,5,5,5,4,5,5,5,4,3,5,4,4
3dffcb11,England,English,Psychology,1st Year,18-21,Female/Woman,I do not have an SpLD,4,3,4,3,5,2,5,4,4,5,4,4,4,4
44c897ad,England,English,Psychology,1st Year,18-21,Female/Woman,I do not have an SpLD,2,2,2,1,4,1,4,1,4,2,2,2,3,3
4695a9a4,England,English,Psychology,1st Year,18-21,Male/Man,NA,5,2,2,3,5,1,5,4,3,2,4,4,5,3
4aa44b21,England,English,Psychology,2nd Year,18-21,Male/Man,"Dyspraxia, Dysgraphia/Dysorthography",3,4,3,4,4,1,3,4,4,5,5,3,5,4
53f98b31,England,English,Psychology,2nd Year,18-21,Female/Woman,I do not have an SpLD,4,4,4,1,4,2,4,2,3,2,1,3,3,1
568a798c,England,English,Psychology,2nd Year,18-21,Male/Man,I do not have an SpLD,4,2,2,2,4,2,4,2,4,2,2,2,3,2
5717f1f5,England,English,Psychology,2nd Year,18-21,Female/Woman,I do not have an SpLD,5,4,3,3,5,2,5,3,5,5,5,3,5,5
63aa7da8,England,English,Psychology,1st Year,26+,Female/Woman,ADHD/ADD,3,3,3,4,5,5,4,4,4,2,3,4,2,2
7038ddc0,England,English,Psychology,2nd Year,18-21,Female/Woman,I do not have an SpLD,5,4,5,3,5,2,5,3,5,4,5,3,4,4
714972f2,England,English,Psychology,1st Year,18-21,Female/Woman,I do not have an SpLD,3,3,4,1,4,1,4,3,4,2,2,2,2,2
7184f44b,England,English,Psychology,2nd Year,18-21,Female/Woman,I do not have an SpLD,3,3,4,2,5,1,5,2,5,3,3,2,1,2
7361ffdf,England,English,Psychology,3rd Year,18-21,Female/Woman,I do not have an SpLD,2,1,2,1,5,1,5,2,5,1,1,1,1,1
76d8a334,England,English,Psychology,2nd Year,18-21,Female/Woman,Other - Redacted,5,4,4,3,5,5,5,3,5,5,5,4,5,5
7950f334,England,English,Psychology,2nd Year,18-21,Female/Woman,I do not have an SpLD,5,5,5,5,5,5,5,3,5,5,5,5,5,5
7abf7fab,England,English,Psychology,1st Year,18-21,Female/Woman,I do not have an SpLD,5,3,4,3,4,3,5,4,5,3,3,4,4,3
7b9c4c45,England,English,Psychology,2nd Year,18-21,Male/Man,I do not have an SpLD,4,1,4,2,5,1,4,3,4,1,1,3,4,1
7f841471,England,English,Psychology,1st Year,18-21,Female/Woman,I do not have an SpLD,4,4,4,3,4,3,4,5,4,4,4,4,3,3
821798a2,England,English,Psychology,NA,18-21,Female/Woman,I do not have an SpLD,3,2,3,2,3,3,2,3,4,2,2,4,4,3
840f0581,England,English,Psychology,1st Year,18-21,Female/Woman,I do not have an SpLD,2,2,1,1,4,3,4,3,4,1,1,2,2,2
85ffa914,England,English,Psychology,1st Year,18-21,Female/Woman,I do not have an SpLD,4,3,2,1,4,2,5,2,4,4,4,3,3,5
8a34f29f,England,English,Psychology,2nd Year,18-21,Female/Woman,I do not have an SpLD,3,2,3,3,5,1,5,3,5,2,2,3,4,3
919b96d7,England,English,Psychology,2nd Year,18-21,Female/Woman,I do not have an SpLD,5,4,3,4,5,4,5,3,5,4,3,4,5,3
92753fb5,England,English,Psychology,2nd Year,18-21,Female/Woman,I do not have an SpLD,3,5,5,3,5,1,5,5,5,4,4,5,5,5
92d94baa,England,English,Psychology,1st Year,22-25,Male/Man,I do not have an SpLD,1,1,1,1,1,1,1,1,2,1,1,1,2,1
986d2774,England,English,Psychology,2nd Year,18-21,Male/Man,I do not have an SpLD,2,2,2,2,3,1,3,1,2,2,2,2,1,2
99229810,England,English,Psychology,2nd Year,18-21,Female/Woman,I do not have an SpLD,4,4,4,3,3,3,5,4,5,4,4,4,4,3
9d787cfa,England,English,Psychology,2nd Year,18-21,Female/Woman,I do not have an SpLD,3,3,3,3,4,4,3,4,5,4,5,5,4,3
a0cdbcaf,England,English,Psychology,2nd Year,18-21,Female/Woman,Dyslexia,5,5,5,5,5,3,5,5,5,5,5,5,5,4
a1c225c8,England,English,Psychology,1st Year,18-21,Female/Woman,I do not have an SpLD,4,2,2,2,4,1,4,2,5,5,5,2,5,5
a36ab14d,England,English,Psychology,2nd Year,18-21,Female/Woman,Other - Undiagnosed Dyslexia,2,5,5,4,3,1,4,3,5,2,2,5,1,2
a5bcd7fa,England,English,Psychology,1st Year,18-21,Female/Woman,I do not have an SpLD,4,4,4,3,5,2,5,4,4,3,2,5,4,1
a89d3a20,England,English,Psychology,1st Year,22-25,Female/Woman,I do not have an SpLD,3,3,3,3,5,3,5,3,4,2,3,4,4,2
b1c1f8c2,England,English,Psychology,1st Year,18-21,Female/Woman,NA,3,3,3,4,5,1,4,3,4,3,2,3,5,2
b475d9cb,England,English,Psychology,1st Year,18-21,Female/Woman,Other - Redacted,4,4,4,3,5,2,5,4,5,5,4,3,4,4
b543016f,England,English,Psychology,1st Year,22-25,Female/Woman,I do not have an SpLD,1,1,1,1,5,1,5,4,5,2,5,4,5,1
bb73f711,England,English,Psychology,2nd Year,18-21,Female/Woman,I do not have an SpLD,4,3,4,2,5,2,5,2,4,2,2,3,3,1
bbb23ff9,England,English,Psychology,2nd Year,18-21,Female/Woman,I do not have an SpLD,3,1,2,1,4,1,4,1,5,3,3,1,4,2
bd5606b7,England,English,Psychology,2nd Year,18-21,Female/Woman,I do not have an SpLD,4,4,4,3,4,4,4,3,5,4,4,4,4,4
bf41a454,England,English,Psychology,2nd Year,18-21,Male/Man,I do not have an SpLD,3,2,2,2,3,1,3,3,3,3,3,2,2,2
c15affb2,England,English,Psychology,2nd Year,18-21,Male/Man,I do not have an SpLD,4,4,5,2,4,4,3,3,3,3,5,4,3,4
c6a1af2c,England,English,Psychology,2nd Year,18-21,Female/Woman,I do not have an SpLD,3,2,2,1,5,1,5,3,5,2,3,2,3,3
c975282f,England,English,Psychology,1st Year,18-21,Female/Woman,I do not have an SpLD,4,4,4,3,5,3,5,3,5,3,3,2,5,5
c9dd2a68,England,English,Psychology,1st Year,18-21,Female/Woman,I do not have an SpLD,3,2,3,2,3,2,3,1,3,1,1,2,2,1
caf99fc8,England,English,Psychology,1st Year,26+,Female/Woman,I do not have an SpLD,3,3,3,3,4,2,3,3,4,3,3,3,2,3
cc22638c,England,English,Psychology,2nd Year,18-21,Female/Woman,I do not have an SpLD,4,4,3,4,5,3,5,3,5,3,4,4,4,2
cf46589a,England,English,Psychology,1st Year,26+,Female/Woman,I do not have an SpLD,5,2,4,1,5,1,3,5,5,1,2,3,2,1
cff8f1ac,England,English,Psychology,1st Year,18-21,Female/Woman,I do not have an SpLD,4,3,4,5,5,1,4,2,3,2,4,4,4,2
d1442dc5,England,English,Psychology,1st Year,18-21,Female/Woman,I do not have an SpLD,5,5,3,3,5,3,5,5,5,3,3,5,1,2
d4ff5f01,England,English,Psychology,2nd Year,18-21,Female/Woman,"Dyslexia, Dyscalculia",4,3,2,2,4,2,4,3,5,2,4,3,3,2
d7b091a4,England,English,Psychology,2nd Year,18-21,Female/Woman,"Dyslexia, Dyspraxia",5,3,4,5,5,1,5,5,3,5,5,5,5,5
d8654a23,England,English,Psychology,1st Year,18-21,Male/Man,NA,5,3,3,3,5,2,5,3,4,3,3,2,3,3
f133345d,England,English,Psychology,2nd Year,18-21,Male/Man,NA,5,4,4,2,5,3,5,5,5,3,5,4,5,2
f28c8721,England,English,Psychology,2nd Year,18-21,Male/Man,I do not have an SpLD,3,2,1,1,3,1,4,2,4,2,2,2,3,2
f4d8d27c,England,English,Psychology,1st Year,18-21,Female/Woman,I do not have an SpLD,3,3,3,2,4,2,3,3,4,2,3,2,1,2
faa621cc,England,English,Psychology,1st Year,18-21,Female/Woman,I do not have an SpLD,2,4,2,1,4,1,2,3,3,1,2,3,1,2
fc2a4f6c,England,English,Psychology,1st Year,18-21,Female/Woman,I do not have an SpLD,3,3,1,1,4,1,3,4,5,1,1,1,1,1
ff094892,England,English,Psychology,1st Year,18-21,Male/Man,I do not have an SpLD,5,4,3,3,5,1,5,4,5,5,5,4,4,5
ff70bfdc,England,English,Psychology,1st Year,18-21,Female/Woman,I do not have an SpLD,5,3,2,3,5,3,5,2,5,4,5,3,4,5
fff843f3,England,English,Psychology,2nd Year,18-21,Male/Man,I do not have an SpLD,3,2,2,2,4,1,3,2,3,2,2,2,3,1
00c72037,Canada,English,Psychology,2nd Year,18-21,Female/Woman,I do not have an SpLD,3,2,2,2,2,2,2,2,3,3,2,2,2,2
02faf52a,Canada,English,Psychology,4th Year,22-25,Male/Man,I do not have an SpLD,5,1,2,1,5,3,5,2,5,2,4,1,4,1
07246fca,Canada,English,Psychology,3rd Year,26+,Female/Woman,I do not have an SpLD,5,3,3,3,5,2,5,2,5,1,1,3,5,1
07490f5b,Canada,English,Psychology,2nd Year,18-21,Male/Man,I do not have an SpLD,4,1,1,1,5,1,4,3,4,2,2,1,4,1
079c88dc,Canada,English,Psychology,2nd Year,26+,Male/Man,I do not have an SpLD,3,2,2,2,3,1,2,2,3,2,2,2,2,2
09324dff,Canada,English,Psychology,2nd Year,18-21,Female/Woman,I do not have an SpLD,4,3,3,2,4,3,3,3,3,3,3,3,2,2
0af55758,Canada,English,Psychology,3rd Year,18-21,Female/Woman,I do not have an SpLD,5,4,2,3,5,3,5,4,5,4,2,5,4,2
0b52d89d,Canada,English,Psychology,2nd Year,26+,Female/Woman,I do not have an SpLD,4,4,4,4,4,4,5,4,5,4,4,4,5,4
0cfab4f8,Canada,English,Psychology,2nd Year,18-21,Female/Woman,I do not have an SpLD,5,1,3,1,5,1,5,2,5,1,1,2,5,1
0d130b51,Canada,English,Psychology,4th Year,22-25,Female/Woman,I do not have an SpLD,5,4,4,5,5,4,4,3,4,5,5,4,3,4
0fc33118,Canada,English,Psychology,2nd Year,18-21,Another Gender,I do not have an SpLD,3,2,2,1,3,1,5,1,3,1,1,2,2,1
12a7fd2b,Canada,English,Psychology,2nd Year,18-21,Female/Woman,ADHD/ADD,5,4,3,3,5,2,5,5,5,5,5,3,5,3
1411c460,Canada,English,Psychology,2nd Year,18-21,Another Gender,I do not have an SpLD,2,2,1,2,3,2,4,2,4,1,1,1,3,1
18c65448,Canada,English,Psychology,2nd Year,18-21,Female/Woman,I do not have an SpLD,4,1,1,1,3,1,4,2,4,4,1,1,3,1
1a3a85a3,Canada,English,Psychology,3rd Year,22-25,Female/Woman,Other - Redacted,3,1,1,1,5,1,5,1,4,3,2,1,3,2
1acbf246,Canada,English,Business & Finance,4th Year,22-25,Female/Woman,I do not have an SpLD,4,3,3,3,5,3,5,4,5,4,3,3,5,5
21d7fa23,Canada,English,Psychology,4th Year,18-21,Female/Woman,I do not have an SpLD,2,1,1,2,3,1,3,2,3,2,2,1,1,2
258d6826,Canada,English,Psychology,3rd Year,18-21,Female/Woman,I do not have an SpLD,3,3,3,3,4,2,2,3,3,4,4,3,2,4
25c26673,Canada,English,Psychology,NA,NA,NA,NA,1,2,2,2,5,1,3,1,3,2,1,1,4,5
272f9320,Canada,English,Psychology,3rd Year,18-21,Female/Woman,I do not have an SpLD,3,2,2,3,4,2,3,1,3,1,1,3,3,2
29c1611c,Canada,English,Psychology,4th Year,22-25,Female/Woman,I do not have an SpLD,5,2,2,1,5,1,5,3,5,1,1,2,3,1
2d50cf03,Canada,English,Psychology,2nd Year,26+,Female/Woman,Other - Undiagnosed ADHD/ADD,3,1,1,1,2,1,3,1,1,1,1,1,1,1
2f3a517f,Canada,English,Psychology,3rd Year,18-21,Female/Woman,I do not have an SpLD,1,1,1,1,2,1,2,1,2,1,1,1,1,1
315f7133,Canada,English,Psychology,2nd Year,18-21,Female/Woman,I do not have an SpLD,4,3,3,4,4,3,4,2,4,2,3,4,4,2
37ac73d1,Canada,English,Psychology,NA,NA,NA,NA,5,4,3,3,5,5,5,3,5,2,2,5,5,2
39a39c18,Canada,English,Social Sciences,4th Year,22-25,Female/Woman,I do not have an SpLD,5,4,3,4,4,3,4,4,5,4,4,4,4,4
40a82acf,Canada,English,Psychology,2nd Year,22-25,Female/Woman,I do not have an SpLD,3,2,4,3,5,1,5,1,1,5,5,4,4,5
41015b2c,Canada,English,Psychology,4th Year,22-25,Female/Woman,I do not have an SpLD,5,3,3,4,5,3,5,3,4,5,5,4,4,5
45f44122,Canada,English,Psychology,2nd Year,18-21,Female/Woman,"Dyslexia, ADHD/ADD",5,3,4,3,5,2,5,3,5,2,1,3,2,3
461617d4,Canada,English,Psychology,3rd Year,18-21,Female/Woman,I do not have an SpLD,4,2,3,2,5,1,5,3,4,3,4,2,3,3
466812d3,Canada,English,Psychology,1st Year,18-21,Male/Man,I do not have an SpLD,3,2,3,1,3,2,4,1,3,2,2,2,2,2
48bbf7df,Canada,English,Psychology,2nd Year,18-21,Female/Woman,I do not have an SpLD,5,2,3,2,5,2,3,1,4,5,5,4,4,5
4b7f8041,Canada,English,Social Sciences,NA,NA,NA,NA,2,1,1,1,4,1,4,1,3,1,1,1,1,1
4c13bf53,Canada,English,Psychology,2nd Year,18-21,Female/Woman,I do not have an SpLD,4,3,4,2,5,2,5,3,5,4,4,2,4,3
4f748c3a,Canada,English,Psychology,4th Year,26+,Female/Woman,I do not have an SpLD,3,3,3,2,3,3,3,3,3,4,2,3,1,2
51776281,Canada,English,Psychology,2nd Year,22-25,Female/Woman,I do not have an SpLD,3,1,1,1,3,1,5,2,4,1,1,1,2,2
5a4bfb7b,Canada,English,Psychology,2nd Year,18-21,Female/Woman,I do not have an SpLD,5,2,2,2,5,2,5,3,5,3,2,2,5,3
5c291742,Canada,English,Psychology,2nd Year,18-21,Female/Woman,I do not have an SpLD,2,4,2,2,3,1,3,1,3,3,5,3,1,2
621cf3c8,Canada,English,Psychology,3rd Year,22-25,Female/Woman,I do not have an SpLD,2,3,2,3,2,2,2,1,2,2,2,4,2,2
6406f317,Canada,English,Psychology,3rd Year,26+,Female/Woman,NA,5,4,5,5,5,5,5,4,5,5,5,5,4,5
6c3678ad,Canada,English,Psychology,3rd Year,26+,Female/Woman,I do not have an SpLD,5,2,1,2,5,2,5,2,5,3,3,2,2,1
710105f2,Canada,English,Psychology,2nd Year,22-25,Female/Woman,I do not have an SpLD,1,2,1,1,2,1,2,1,1,3,4,1,1,2
72a99f4f,Canada,English,Social Sciences,NA,NA,NA,NA,4,3,3,4,4,3,5,4,4,4,4,5,5,3
7779f65d,Canada,English,Psychology,2nd Year,22-25,Female/Woman,I do not have an SpLD,3,4,5,3,5,4,5,4,3,3,5,4,3,4
795c5395,Canada,English,Psychology,4th Year,22-25,Male/Man,I do not have an SpLD,5,5,3,5,5,4,5,3,5,2,3,5,3,3
82546c3a,Canada,English,Psychology,2nd Year,18-21,Male/Man,I do not have an SpLD,3,2,1,1,4,1,4,2,5,1,1,2,5,1
845043ac,Canada,English,Psychology,2nd Year,18-21,Female/Woman,I do not have an SpLD,4,5,5,5,5,1,5,2,5,3,2,5,5,3
88413dfc,Canada,English,Psychology,2nd Year,18-21,Female/Woman,NA,3,2,3,3,3,1,3,2,3,2,2,3,3,1
8abd9d58,Canada,English,Psychology,3rd Year,18-21,Female/Woman,I do not have an SpLD,2,1,2,4,3,1,1,4,1,3,3,3,1,3
8b6acc22,Canada,English,Psychology,4th Year,22-25,Male/Man,I do not have an SpLD,1,2,1,1,1,1,3,1,2,1,1,2,1,1
8cbcfabd,Canada,English,Psychology,3rd Year,22-25,Male/Man,I do not have an SpLD,4,4,4,3,4,1,4,2,4,4,4,4,3,4
90276c98,Canada,English,Psychology,2nd Year,18-21,Female/Woman,I do not have an SpLD,5,3,3,2,5,3,5,3,5,5,5,2,5,5
91c9d566,Canada,English,Psychology,2nd Year,18-21,Female/Woman,I do not have an SpLD,5,5,3,4,5,4,4,4,5,2,3,3,2,2
934f193c,Canada,English,Psychology,2nd Year,18-21,Female/Woman,I do not have an SpLD,5,5,3,3,5,1,5,3,5,5,4,5,5,4
98639904,Canada,English,Psychology,2nd Year,26+,Female/Woman,I do not have an SpLD,2,2,2,2,2,1,3,2,2,2,3,3,3,1
98913a15,Canada,English,Psychology,2nd Year,18-21,Female/Woman,I do not have an SpLD,3,4,4,5,3,2,4,4,4,2,5,5,5,4
9c9a5fb6,Canada,English,Psychology,3rd Year,22-25,Female/Woman,I do not have an SpLD,5,3,4,3,5,4,4,4,5,3,5,4,4,4
9f4649ad,Canada,English,Psychology,1st Year,18-21,Female/Woman,I do not have an SpLD,4,3,2,5,5,4,5,5,4,2,3,3,3,2
a5f5fb1a,Canada,English,Psychology,3rd Year,18-21,Male/Man,I do not have an SpLD,3,3,2,3,3,1,4,1,3,1,1,2,1,2
adfbc1a8,Canada,English,Psychology,3rd Year,22-25,Male/Man,ADHD/ADD,2,1,1,1,2,1,2,1,2,2,1,1,2,1
affb3208,Canada,English,Psychology,2nd Year,18-21,Female/Woman,I do not have an SpLD,3,3,3,3,4,3,3,2,5,3,3,3,4,3
b359ab35,Canada,English,Psychology,4th Year,22-25,Female/Woman,I do not have an SpLD,3,2,4,2,5,2,5,3,3,2,2,1,2,2
b42245fb,Canada,English,Psychology,2nd Year,18-21,Female/Woman,"ADHD/ADD, Other - Not an SpLD",5,4,4,4,5,1,5,3,5,1,4,4,5,4
b437fdf3,Canada,English,Psychology,2nd Year,18-21,Female/Woman,I do not have an SpLD,4,4,3,4,4,3,4,4,4,3,3,4,4,3
b579645f,Canada,English,Psychology,2nd Year,18-21,Female/Woman,I do not have an SpLD,4,5,4,5,4,3,3,4,4,2,3,5,5,5
b5f38f4f,Canada,English,Psychology,2nd Year,18-21,Female/Woman,ADHD/ADD,4,3,4,4,5,1,5,4,5,5,5,4,5,3
b7dff8c7,Canada,English,Psychology,3rd Year,18-21,Female/Woman,I do not have an SpLD,4,1,2,1,4,2,5,1,4,3,3,2,2,3
c04c4954,Canada,English,Psychology,NA,18-21,Female/Woman,I do not have an SpLD,4,4,4,4,4,4,5,5,4,5,2,5,4,4
c35c96af,Canada,English,Psychology,2nd Year,18-21,Female/Woman,I do not have an SpLD,5,2,4,1,4,1,4,2,2,1,3,2,5,3
c7f2c64a,Canada,English,Psychology,1st Year,18-21,Female/Woman,NA,3,2,4,1,4,2,4,2,3,4,3,4,4,1
c934f2bc,Canada,English,Psychology,3rd Year,26+,Female/Woman,ADHD/ADD,5,5,3,5,5,2,5,5,5,5,4,5,5,4
c968f7bf,Canada,English,Psychology,4th Year,18-21,Female/Woman,I do not have an SpLD,3,3,2,2,5,2,5,3,5,4,3,3,3,2
cf02808f,Canada,English,Psychology,2nd Year,22-25,Female/Woman,I do not have an SpLD,4,4,4,4,5,4,5,4,5,5,4,4,4,4
d23cbdd0,Canada,English,Psychology,2nd Year,18-21,Female/Woman,I do not have an SpLD,4,5,2,4,5,3,4,5,4,4,4,3,4,5
d3fd1786,Canada,English,Psychology,3rd Year,18-21,Female/Woman,ADHD/ADD,4,2,2,1,4,3,4,3,4,2,5,1,3,5
df952b61,Canada,English,Psychology,1st Year,26+,Male/Man,ADHD/ADD,3,3,3,3,3,2,3,3,3,3,3,3,2,2
f19cf7ff,Canada,English,Psychology,2nd Year,18-21,Female/Woman,I do not have an SpLD,5,2,2,2,5,2,5,2,5,5,4,2,3,3
f202b10f,Canada,English,Business & Finance,3rd Year,18-21,Male/Man,I do not have an SpLD,3,1,1,2,3,1,3,1,3,2,1,2,3,1
f5c8d685,Canada,English,Psychology,NA,NA,NA,NA,3,4,4,3,4,4,4,3,5,4,4,3,4,3
f66f5fcf,Canada,English,Psychology,4th Year,26+,Female/Woman,I do not have an SpLD,2,2,1,2,2,3,2,1,2,1,2,3,1,1
f7bc73f3,Canada,English,Psychology,2nd Year,18-21,Female/Woman,I do not have an SpLD,4,3,4,3,4,2,4,2,4,4,4,3,4,3
f80fcadf,Canada,English,Psychology,3rd Year,26+,Female/Woman,I do not have an SpLD,4,3,3,3,4,2,4,3,4,3,3,3,4,3
fb50f0df,Canada,English,Psychology,3rd Year,26+,Female/Woman,Dyslexia,2,2,2,2,2,1,2,1,2,1,1,2,1,1
